review,recommended,helpful_or_not,playtime_at_review
My heart hurts,True,0,1745
"have great time playing it, wworth the price",True,0,1689
"Truly a masterpiece. Immaculate. Soundtrack is also a work of art itself... everything about this game is perfection. If you haven't played or finish this game yet, you need to.",True,0,9689
good,True,0,1796
"Absolute Masterpiece. Story, gameplay, music, visuals all outstanding. 10/10",True,0,3710
good game to play,True,0,1189
The amount of times I wanted to throw up from the emotion of this game is countless (positive).,True,0,2638
One of the GOATs. Truly stupendous.,True,0,4953
Fun combat and a good story.,True,0,5821
"I recommend this game strongly. Not for it being a good JRPG in terms of mechanics (Got a huge dislike for the combat system, otherwise everything is good) . But for being the most unique, interesting world with an even more nuanced story -- that we have seen in gaming in a decade.",True,1,2065
"9/10 - Peak gaming experience besides the UE5 curse.... I'm sorry i ever doubted your greatness. Must buy game. Changed from a turn based hater to an enjoyer. Might have to play Baulder's Gate 3 atp. 
[spoiler] Sciel used me like a piece of meat tho, npt that im complaining :( -  Choose Lune if you have self respect. [/spoiler]

Music: 10/10
Combat: 10/10
Story: 9/10 EDIT: 8/10 [spoiler] The big reveal at the end of act 2 sort of removed any attachment's I had to the main cast except Verso and Maelle. Reduced a lot of emotional impact after beating the game sadly... [/spoiler]
Voice Acting: Pure bliss
Performance: A*s

Only reason I kept playing past the 1st hour is because I used FG and DLSS balanced with Optiscaler and a ton of visual mods. Was it worth it? For this game.... Yes SIRRR

[spoiler]2nd Edit: Act 3 brings the game down to a 8.5, maybe even an 8. Imma go do the act 3 side content and see if it improves.[/spoiler]",True,0,6956
"""It might be useful""",True,0,381
"There is quite a lot of love put into this game and you can see how passionate the devs were. An incredible experience I definitely recommend jrpg fans to experience themselves. 
To start I'll say that the OST is stellar and there are so many great memorable tracks, definitely going to listen to a playlist of the OST later to pick out my favorites. Graphics are great but more importantly the art direction is incredible, between unique enemy design, beautiful and huge areas that are each so good you can't help by take screenshots and many unique yet cohesive themes to everything. Going through the world map is quite the experience. Game also has some really nice qol/ it's own take on some usual jrpg mechanics like consumable or save/checkpoints. Also enabling faster travel method early is a godsend. I do feel like you could unlock some earlier but not much to complain there.or the 2 most important aspects of the game I do feel like while both were great but there's definitely room for imporvement.

For the gameplay I really thought I'll dislike parry/dodge centric turn based combat. not because I don't like parries since both Sekiro and Nine Sols are two of my favorite games of all time and both are heavily parry based, but because I thought having parries instead of defense and having interaction with enemy be based on parrying/dodging will diminish much of the in combat strategic thinking that I like so much about turn based combat... and it honestly kinda does but the game is fairly balanced that both parries can elevate you/help you punch above your weight but don't overturn build making and changing up stuff to fit enemies and the game is fun to play... up to a certain point.Don't get me wrong game was still quite fun but as I was doing well balancing both aspect I realized at some point midway through act 2 after doing a lot of optional stuff I started melting enemies and bosses alike with my more optimized builds. Some major bosses barely got to attack more than twice. I know changing from normal to expert will likely make those bosses not die as quickly(and I intend to either switch to expert for post game stuff or do another run on expert in the future) but then I would feel like the pendulum will swing heavily into making the game rely too much on parries like I feared. I really wish this game had no parry/dodge system since the customization is great but the interactivity with my enemy feels minimal, kinda like playing yugioh I am just going through the motions of my gameplan with little regard to what my enemy is doing and the only thing the enemy can really do is just attack me multiple times.

As for the story. Overall narrative is great, I do think some of the themes weren't as well executed(but can't really talk about that without spoiling) but I was always interested in seeing what's going to happen next and the way it was presented moved me multiple times, this aspect really shined during act 2 and 3. The main cast were all very likeable, the side characters were good and the villains all were really interesting to explore. Banter around the party was great and fireplace scenes added some much needed interaction between party members and here's where I pivot into some criticism that I don't think the cast really talked as much as I expected them to, especially during dungeons/areas, much beyond commenting on what's currently going on in the area and I think the game should have had more dialogue. Certain characters had some great development, some felt neglected even when the story tried to give them their ""moment"". The social link like system felt very out of place despite some scenes being necessary(and would have been better if those were just campfire interactions or during the actual dungeon/area progression) and sometimes didn't even make sense to happen when they did. And I feel like the path the cast needed to take was relatively guided and never felt without a next destination or with a need to think what to do next. I also wanted certain aspects about the world/certain characters motivations be explored a lot more and I feel like they never will be and exploring those more might expose more flaws.

Really hard to talk about the game while being vague but I do really recommend it to anyone. Despite some faults I still loved the game and it is probably going to be top 20 if not top 10. Would score it around 9.3/10.",True,0,3365
"As a story, it is moving, poetic, tragic and beautiful.
As a work of art, it excels in all aspects. Every frame, a painting. Every design, gorgeous. Every song, a banger.
As a game, it is deep, engaging and acutely designed; totally free of the time-wasting trashspects that plague so many other turn-based RPGs.

I can't say enough good things about it. Two thumbs way up.",True,1,2015
Unsure if there's sex but it's a turn-based RPG so probably.,True,0,222
Great game,True,0,298
"Very good, story ahuet",True,0,1866
"ESQUIE!!!!!!!!. 10/10 game, very sad. but still, ESQUIE!",True,0,3988
"Masterpiece.

The story is a slow-burning emotional roller coaster, which feels very complete at the end of the game.

The combat could be described to be a hybrid of turn-based combat with the parry mechanics of souls-like games. While the combat feels difficult at times, it is also very rewarding.

Music is amazing and each piece of music feels like it was crafted to that specific scenario very well, especially in boss fights.

Character design, level design, models, animations, everything feels well put together.

10/10, would ride the roller coaster of emotions again.",True,1,1911
amazing,True,0,1417
Best of 2025-2026. It is very fun to play especially in hardest mode. But the design and storyline of Gustave and Act III need to be better trimmed or integrated.,True,0,8950
"Esse jogo é uma obra de arte. Sistema de Parry justo, música e histórias envolventes. Valeu cada minuto.",True,0,6685
World Map - Until You're Gone 10/10,True,0,4024
"One of my first games, I cried many times, It gave me so many emotions, I'm not a big gamer but I recommend this game 100%!",True,0,6157
"Finished this game on playstation last night. Never has a game made me feel both extremely happy and sad at the same time.

11/10 story, 7/10 gameplay.

I am not the biggest turn based RPG fan but the story was worth fighting through.",True,0,42
"Putain, merde, mes amis.

Cair Obscur Expedition 33 is the definition of ""ABSOLUTE CENIMA"", This game Is a love letter to the Arts (yes all of them), Clair Obscur doesnt deserve a review, Its name alone should be enough to make you keep buying the game till you're deep In debt, Thats what It deserves.

For those who come after.",True,0,896
this is what french people go through every day... really makes you think,True,1,2061
"Story: 10/10
Graphics: 10/10
Music: 10/10
Gameplay: for a turn based game its a 10/10
Replayability: 7/10
Overall: 9.5",True,0,3561
Masterpiece,True,0,2721
"Finally got to play this game for the first time after getting a new PC and without a doubt it is one of THE best games I have ever played, from the story to the gameplay to the art design and lastly of course the soundtrack. Nothing that has come out in the last few years even comes close to the quality that is on show in the game.",True,0,1863
Nice,True,0,405
unreal,True,0,5805
"10/10 absolute cinema, one of the absolute best games i've ever played, everything about it is amazing but especially the characters and world building was top tier creativity.",True,0,5530
A wonderful experience.,True,0,3968
"Don't give me bench and tell me I'm not allowed to sit on them

the rest is nice",True,0,202
"E33 is one of the best games I have ever played. Where do I even start? I went into the game excited to have a fun, new game to play only to leave with a giant wound in my chest. I don’t know what it is I was expecting but I thought it would just be a fun time exploring and figuring out the storyline but it turned into me being so invested and having my heart ripped out. 
First, let me start with the visuals, they are absolutely gorgeous and stunning. Every second and place I turned to, my breath was just taken away from the scenery and the attention to detail in every corner on the map and within each area. And that’s only about the scenery. The soundtrack pulls you in with every note hit and you can’t help but be drawn into the game with every song that plays. I got so invested just from the scenery and music alone! Each song used for each area and scene just makes you feel the emotions they want portrayed within the storyline and what it is you’re seeing that it almost feels like you become apart of the game yourself. 

Now onto the storyline, it’s absolutely phenomenal, you’re left the whole time questioning and wondering what is actually happening behind the scenes, what is the real story going on here? When you think you figured it out and understood, another quote from any character and any new fact discovered makes you start questioning even more about if you really know the characters you’re playing and if you really know what the storyline is trying to tell you. I won’t give any spoilers but everything combined definitely made me have waterworks and bawl my eyes out soooo frequently with this game! My emotions were at an all time high all the way through and I just couldn’t help but get attached to every character met and played. The plot twists that were there also left me just in shock and the fact that everything leading up to it made so much more sense! I’m definitely going to be replaying it again now that I know what I know. 

Now there is some discourse about the gameplay but all I have to say is if you don’t play because of the fact it’s turn based– you are robbing yourself of experiencing such an impeccable storyline and game. There’s not enough words to describe how this game made me feel and I feel it’ll always stick with me. I’m definitely not the same person I was before I played haha. I can’t recommend this game enough!",True,0,6073
Peak gaming,True,0,4854
Just Absolute CINEMA!!!!!!!!!!!!!!!!!!!!!!!,True,0,2661
"This game looks great, has very likeable characters and an exceptional story and soundtrack, but the combat is very boring and mindless. Its flashy and looks good and has unique enemies and interesting  npc's, but every encounter is literally just a series of QTE's from start to finish and it got old and repetitive very quick. I think this would have made a WAY better movie than a game, but that's just my opinion.",False,2,70
W game,True,0,2849
Everything about this game is heartbreaking and beautiful. The gameplay is a nice spin on the turn-based combat systems I grew up with. The story and the characters are are amazing. The art and graphics are mind-bending and stunning. There's nothing bad I can say about this game and I highly recommend it.,True,0,6444
"The experience has been great. I've never thought I'd enjoy a turn based RPG again but now I understand.

There's occasional crashes. But I turned down the resolution from 4k low to 1080p high and experience has been stable and enjoyable.",True,0,1246
The game is too good,True,0,3605
"Incredible story, incredible visuals, great turn-based team RPG. I would play any game like this.",True,0,2556
Really great plot and graphics. Controls are a bit hard to navigate but it adds a layer of difficulty that I welcome in this modern era of video games.,True,0,757
This game is unbelievable. 10/10. Could not recommend more for the story alone. Every one should play this through at least once.,True,0,1666
Constant fatal error crashes they never bothered to fix.,False,0,145
neat plot but the dialog is pretty overly dramatic and the characters are dull/generic.  The game gives you lots of abilities but none of them seem to be more important than the dodge or die mechanic.,False,0,847
"The combat is addictive when it works, and the story is decent. But the combat working is a big if, i check in medal when i fail a parry and 95% of the time my weapon is actively in the parry animation. I've checked the wiki, the parry counts the moment you press the button. Also for so many enemies the successful parry window is after the enemy already finished their attack. I'm shocked this won GOTY, i was expecting a fair bit more polish for that title.",False,1,1737
999999 rewards and crashes after a boss fight without saving,False,0,1189
"Magnique histoire, musique sublime",True,1,794
"I’ve been playing games for most of my life. I love difficult games, complicated systems, bosses that make you question your life choices, and achievements that turn “just one more try” into 5 AM.

I just finished Expedition 33 with almost every achievement unlocked, and I can say this without hesitation: this is one of the best games I have ever played.

The soundtrack alone deserves an award. There are games with good music, games with great music, and then there are games where you stop what you’re doing just to listen. Expedition 33 belongs to the last category. The music doesn’t simply accompany the game — it becomes part of its identity. Even after finishing it, some tracks are still playing in my head.

The story is another huge highlight. It is unusual, unpredictable, emotional, and refreshingly unwilling to follow the most obvious path. I spent a lot of time trying to guess where things were going, and the game repeatedly reminded me that I wasn’t nearly as clever as I thought I was. No spoilers — just know that it rewards paying attention.

The characters feel like actual people rather than quest dispensers with tragic backstories attached. They have personalities, flaws, chemistry, humor, and believable relationships with each other. By the end of the game, I genuinely cared about this group.

And then there is the combat and progression system.

This is where the hardcore-player part of my brain became extremely happy.

There are plenty of ways to build your characters, experiment with different combinations, optimize your setup, abuse synergies, completely rethink a build, and then discover something even more ridiculous twenty minutes later. Progression feels meaningful rather than being just “number goes up.” The game constantly gives you new toys and encourages you to figure out how badly you can break them.

The combat itself manages to make turn-based battles feel active and intense. When everything clicks — your build works, your timing is right, and you execute a difficult fight almost perfectly — it feels fantastic.

And yes, some encounters can absolutely destroy you.

Good.

I wouldn’t have wanted it any other way.

What impressed me most is how complete the whole experience feels. Great combat alone would have been enough. A great story alone would have been enough. Great characters or an incredible soundtrack would have been enough.

Expedition 33 somehow has all of them.

I started playing because the game looked interesting.

I finished it hunting almost every achievement, listening to the soundtrack outside the game, and wondering what exactly I’m supposed to play after this.

That might be the biggest problem with Expedition 33:

It makes other games (especially the new ones from the big studios) feel worse.

10/10.",True,1,5242
"A game hasn't made me feel this way in a very. very, long time. I have been a RPG player since the late 80s (Final Fantasy I, Diablo I, Lands of Lore, Fallout I, Myth: The Fallen Lords, etc.) The story, characters, combat, MUSIC, graphics, and challenge (I play Hard/Expert on first playthrough due to little free time these days) fit so well together. I can honestly say this is one of the greatest games released in over a decade and is absolutely cemented as one of the GOAT's. It deserved all of the awards it received, no question. This game isn't for everyone but as a old-school RPG player who has seen many of his favorite titles go down the tubes of ""modern audiences"", HR compliance, half-finished $60+ games, and corporate slop, including my beloved Final Fantasy franchise (this is what FFXVI should have been). This was a breath of fresh air and made me feel the way I did back when RPG's meant something. Cannot recommend it enough, the fact that it is $40 is just the cherry on top. ""For those who come after.""",True,1,8457
Peak,True,1,2333
"If you are story driven like me, then save yourself a lot of time and frustration, and just watch the cutscenes or a 'let's play' on youtube.  IMO, this would have been much better as a movie or TV series, because the story was intriguing, but the convoluted combat system just gets in its way and makes the whole thing feel like a slog.  The game presents a frustratingly high amount of choices and customizations for each character, giving them each a unique skillset to puzzle out, on top of dozens of weapons with their own set skills, and 'picto' abilities that can drastically change how a character performs in combat.  It requires you to configure a handful of these options from that massive list for each of your characters (seperately) to actually use in combat, meaning that even on easy mode, the game won't let you ignore those systems and just beeline the story, forcing you to spend hours reading abilities and sorting through endless menus.  I got pretty deep into act 2, and was finding the story quite captivating, but no matter how good the story is, it's just not worth this level of effort for someone like me, who doesn't enjoy this style of overcomplicated turn based game.",False,0,3321
"I might be a little bit too emotional, and maybe that's the reason I've connected so well with this game, but this is easily the best game I've ever played. 

I have been playing videogames since I was a kid, 7/10 years old, the connection I felt with this game is beyond real, I have never felt such a strong connection with any other videogame before, this game has overwhelmed all my senses and my perception of reality

I thought Elden Ring made a big impact in my life, because of the art it has, etc. but this game gave it a meaning, it made me realize a lot of things, I will genuinely go hug my mom now

And yes, I don't have enough words to recommend this game, just play it already",True,1,2889
"For those who come after.

10/10",True,1,2856
"The music is unbeatable, gameplay is extremely fun, and the story draws you in immediately. First game in ages that I've felt like 100%'ing, and it was so worth it. Absolutely beautiful game all around.",True,1,7652
"10/10 game, got all the best element of JRPG without the annoying dialogues",True,1,3924
"Game is amazing. I can't recommend it enough. The story, music, characters, graphics, gameplay ... it's all great. 
Small indie developer shows AAA companies that not money, but passion and care is what makes games great.",True,1,7713
"10/10 soundtrack
10/10 story
10/10 visuals
7.5/10 combat
10/10 Lune/Sciel feet",True,1,1660
"I dont think there is to much to say - the game is simply fantastic.
Gamplaywise it reminded me of ""The Last Remnant"" which I really enjoy.

Explore freely, based on your unlocked movement. Combat starts if you innitiate it or get hit by an enemy.
Then it comes to turnbased combat with some quicktime events (you can disable if you prefer).

The story was interesting and so was the worldbuilding. The graphics are beautiful and the songtracks are just masterpieces.

Depending on where you are in the story and how well you adapted its also not like the fights will get boring or easy.
I now played through one ending of the main story, slayed some optional bosses but not all of them (for some I'm just to incompetent to doge) and I also still need to get the other ending.",True,1,3329
This game should easily be Overwhelmingly Positive overall. No idea why recent would be Very Positive.,True,1,1887
"very wow, very good, very boom",True,1,4715
"A damn good game, but deeply overrated. I highly recommend it, but it's not the flawless masterpiece most claim it to be.",True,1,48
♥♥♥♥♥♥♥ AMAZING.,True,1,256
"(10/10) An unforgettable experience.

I loved absolutely everything about this game. The story, the soundtrack, the combat system, exploration.. everything felt so well thought out.

The turn based combat combined with dodging and parrying makes every encounter challenging, satisfying and very addictive. The world is big enough to explore and discover things but still focused enough to never feel overwhelming. 

I feel the game was just the right length too. Just enough content without dragging things out forever. (Don't get me wrong, the game can be very long if you want and there are so many builds to try out that you can even play this forever)

I honestly struggled to find anything I didn't like. 

This is one of those rare games you play and can never forget. Worth every penny.",True,3,2961
Beautiful,True,1,2769
absolute cinema,True,1,3106
Best game ever. The emotional ending gave me a great insight on real life. That rarely happens to me with a game.,True,1,2519
MASTERPIECE,True,0,1707
Great soundtrack and storytelling,True,1,3774
"A moment of silence for Sandfall Interactive, whose next game will be judged based on this one...",True,2,5480
once in a life time experience,True,1,3175
[u]Banquet[/u],True,80,568
what a fantastic game,True,0,1658
Absolute Cinema 100/10,True,0,4466
"I'm personally not a fan of the combat system. Story seems to be well written and visuals are crazy good. If you don't like turn based rpgs, don't play. If you do, you'll probably enjoy it.",False,0,115
"The first 2/3s of this game is actually great. There are some bugs but nothing crazy. The story was outstanding up until the end of act 2 at which point they basically throw the story away along with all of the things you enjoy about the game for some BS ""Emnite Shyamalan"" twist that makes no sense at all. Its such a shame because the beginning of the game had such promise. I was trying to figure out how this game won game of the year and then i noticed that less than half of the players on steam have the  ""Defeat the Paintress"" achievement. This means that less than half of the players on steam have seen the absolute dumpster fire that is the final act. I strongly recommend that you NOT get this game unless you have a LOT of time to blow for a throw away ending.",False,2,2296
"Sometimes, you don't need hundreds of millions of dollars, the best graphics or a big marketing campaign. Sometimes, you just need passion and a small team with a focused goal. Well deserved GOTY!",True,0,263
"This ain’t just a game, this is straight-up cinema. The gameplay, the story, the characters, the music, the art, the world, the emotions—everything just hits. From start to finish, this game was something special. Absolute masterpiece and easily one of the best games I’ve ever played. 10/10.",True,3,3005
Absolute. Cinema.,True,1,2825
"The Best Turn-Based RPG of All Time

I didn't get into this game right away. Actually the first I'd heard of it was at the game awards, and like most people I was really perplexed as to why it was winning EVERYTHING. Sure it looked like it had a really good cast with Charlie Cox and Ben Starr, but I had it in my head that the game was going to be French Arthouse, have a story that was really obtuse like some of the Final Fantasy games. I got this game a few months back, didn't touch it. It was actually my dissatisfaction with Star Wars Zero Company that made me finally try this out only two weeks ago and... My god it deserved absolutely deserves all of those awards.

I don't know what the narrative was about with this game being an industry plant, as from what I know it was a former ubisoft employee that went to make their own studio. There is no way in hell this was an industry plant from Ubisoft they have NEVER cooked something anywhere near this game imo. This game is a love letter to RPGs, Belle Epoque France, incredible character writing, fantastic visuals, and really sick ass music. I'll just say right here this game is a 10/10. It's a game that I think everyone should play. I have some a few nitpicks, but these don't bring it down from being a 10.

The Positives:

This is (near) perfect turn-based combat. The developers took systems from almost every RPG and put them together perfectly, and it all comes down to one very good decision on the developers part: AP. In most RPGs you have mana, a resource that starts full after being healed but goes down the more you use it for spells and ♥♥♥♥. In Clair Obscur its the opposite: your AP starts low, and you have to do actions to build it. Thankfully you have so many different ways to build AP across characters, and very unique ways to use it throughout the entire game. As for defense, you have the universal options of dodging (which has a longer invulnerability window and less recovery time) or parrying (which has a tighter window, can't be spammed as easily, but rewards you with 1 AP per parry AND if you parry all hits of a sequence you get a counterattack). I could go on forever about the other parts of combat, but I think it's better for the player to experience it firsthand. You always feel like you have something to do in battles, and I don't think I've ever run from a battle out of boredom.

The plot is a breath of fresh air for RPGs. I won't give away a lot here, but the premise is that every year a being called the Paintress wipes away a number on a monolith counting down and writes the next number down. Whoever is over that number age wise evaporates into petals. It reminded of Logan's Run, if the population in Logan's Run actually wanted to stop the age limit the whole time. What I really like about the story is that the twists and plot beats are very much earned. Everyone in your party feels like their own living breathing character, and you really get to know them. That's all I feel like I should say on that, because I don't want to spoil anything.

The music I think is the most underated aspect of this game. Many, many great tracks in this game that range from haunting, to intense, to legitimate ♥♥♥♥♥♥♥ jams. It's a phenominal soundtrack and just another part of what makes this game perfect.

Graphical optimization also felt perfect for it. I came off from Zero Company looking very blocky due to it's optimization, but Clair looks ♥♥♥♥♥♥♥ amazing even on medium settings. It never chugged for me, always looked amazing, and to my knowledge never dipped below 60 fps outside maybe one cutscene. I'm on a Nvidia 3070 (or 3060 I don't remember) and it runs fantastic.

Lastly, the meat of the game. I went into this expecting a 20 or 30 hour game... no. I'm 64 hours in and I still haven't done everything I've wanted on my first playthrough. There is so much to customize and experiment with in this game, both in terms of costumes and combat that I've never once felt bored. I usually don't replay games, especially long RPGs like this... but I think I'll at least try a New Game Plus mode if that's a thing with how much there is to use. Alright with all of that out of the way, lets get to-

The (very few) Negatives:

For an RPG that's clearly well-versed in the all time greats (Thousand Year Door, Chrono Trigger, Persona 5) and goes out of its way to use its combat systems to the fullest, there are some headscratching choices they made here and there. 

The one big flaw in the combat system is that you can't switch party members mid fight. You get to use your reserve members if the first wave get KO'd, but you can't actively swap them out like a lot of turn based RPGs. This matters particularly if your character is using a certain element type on their weapon, and the enemy is immune to that type entirely. At best it makes a fight more obnoxious than it should be, and at worst it forces you to abandon and go back to the nearest save point to reformat your party.

The second big issue is that if you retry a fight and it has a cutscene before it... it reloads the cutscene and you gotta skip it all over again. Maybe the cutscenes mask loading the fight? But I doubt it given how fast it goes into it when you skip the cutscene.

Some other minor nitpicks. There's no minimap whatsoever. There's an overworld map, that is a good map imo, but no dungeon maps. I think for the most part... this is fine. The dungeons have a lot of different side paths, but they're designed in a way that you don't really get lost most of the time. There's a few places I definitely would've preferred a minimap though, so I wish that had been a togglable option.

Lastly, I've heard some reviewers mention that doing side content first makes main story fights very easy. I didn't feel like this was the case, but I was also playing on the hardest difficulty. I honestly feel like the hardest difficulty should be the go-to for playing the game, as it really challenges you to optimize your offense and defense. There is a 9,999 damage cap for much of the game, and this does keep you from beating some side bosses in the middle of the game. I wonder if the lower difficulty options allowed the reviewers to beat bosses they really shouldn't have and given them a drastic amount of levels.

Anyways, 10/10 game. Deserved every award it got.",True,0,3867
Absolute Cinema,True,1,9277
not bad,True,1,310
"Recommended, especially for those who like turn-based RPGs. The game is entertaining and beautiful, although I also think it is a bit overrated.",True,0,4441
"10/10 GAME for a non turn based combat fan, this is amazing , the story is enough to make you play the whole game.",True,1,2257
awesome possum,True,1,4431
Amazing game,True,1,905
"I felt immersed from the second the first cut scene started from the music , to the art , and the character development throughout the story it was beautiful FR!!!",True,1,3778
"I really enjoyed the parry/dodge mechanics and unique mechanics each character has. I hope to see more of it in other RPGs. The Lumina system is kinda OP if you spend all the points on 3 characters. The [spoiler] single hit damage cap makes a lot of skills useless until you unlock the damage cap removal Lumina. [/spoiler] 

And I dunno what the story was about lol",True,1,2891
"just really not a whole lot going on for this game, i dont have much to say",False,2,3683
"I don't know what I expected and I'm still disappointed.
For all this time I dodged every single piece of media to not get spoiled in the slightest. I wanted to see why this game triumphed over some of my favorite games when it comes to reviews and other accolades.

But here I am.
This ""game"" consists of essentially 60% cutscenes, 30% of running around in forked linear level design and 10% of combat.

Cutscenes and story has been alright so far, even though I don't understand most of it. It's just pulling more and more high fantasy story elements out of its butt until it gets so convoluted that the main motivator for keeping up with the story is getting answers to your questions.
It's not exactly piquing my interest if I am thrown into a world where nothing makes sense from the start. Worldbuilding bloat that keeps adding entities, systems, dimensions until I, as a player, lose the grounding in the setting and lose my interest in the characters because the only (!) thing that connects me and the protagonists is that they are humanoid. I don't even know if they are humans at this point. 

Exploration is mostly sprinting through the level and collecting every glowing item until eventually a cutscene triggers after some boundary. It looks great, I'll give them that. But it feels like a cheap ""look how pretty it is... don't worry about the gameplay, look at the flowers!"".
There's also a lot of environmental incoherence when the setting communicates me a destroyed otherworldly level but every other section has platforming parkours with 5 perfectly spaced apart surfaces for you to jump on like God himself built them for you to hike up this small cliff to find this one small upgrade. Or these pitons in cliffs for you to climb on by literally holding the stick forward the entire time. Who genuinely likes these parts? Who feels engaged by platforming in a AAA game that is not centered around it?

And then there's the combat, oh boy. 
I, for one, like methodical turn-based combat. It gives me the freedom to plan ahead and find synergies between my characters. Or maybe make glass-cannon builds, both can be fun. 
But most of it goes out the window when the game gives you the option to perfect-parry attacks that reward you not only with more AP but also with a counter that can absolutely wreck most enemies like a full attack.
Also, I am a big fan of the Souls series, and especially Sekiro.
But who in their right mind thought it would be a good idea to combine the two?
""Oh yeah we want the laid back, tactical combat. Where you really have to think about your next move and what status effects you apply... but don't forget to dodge in the 13 frame window to not get rekt by Unga-Bunga over here. And if you manage to parry him then gg.""

And what's up with the lenience for game over screens, you just die and can restart the fight with nothing lost? So there is no risk involved whatsoever and the main way to win this game is to tank 1-2 boss fights to see their attack pattern tells, then restart the fight until you get the perfect parries? Then why are there these huge skill trees and leveling choices when the combat is based on having binary defenses?

If this were purely turn-based or purely action combat, it would have been much more fun. But mixing both is questionable to say the least. Imagine you're buying seeds in Stardew Valley and suddenly you get a QTE for a perfect credit card swipe and if you ♥♥♥♥ up, your bank account gets halves, but if you manage to succeed, you pay nothing. 
Is it difficult? No. Does it fit the theme? Absolutely not.

Game is worth $10 as a movie at best and even then I'd probably just watch it on Youtube.",False,5,260
"- Soundtrack is phenomenal
- Story is incredibly well written, although slightly stagnates in the middle but then picks up again
- Characters are intriguing and well-designed
- Exploration is somewhat rewarding
- Combat is serviceable, with decent enemy variety, nothing groundbreaking but not bad either

[h3]The story, characters and soundtrack heavily carries the game. [/h3]

 [h3]8/10 [/h3]",True,2,1553
"Most pathetic generative AI, UE5 slop piece of entertainment I have ever seen.",False,3,376
An amazing game well worth it!,True,1,446
Spent 3 hours trying to fix fatal error crash. Gave up and refunded. Would not recommend,False,0,57
:),True,1,391
"not sure what i was expecting, but it certainly wasnt that. gorgeous visuals, stunning music score - 3 hours in, i am very impressed with the gameplay",True,1,208
"Sorry to all the people who put their blood, sweat and tears into this game, but I don't get it. I played the intro and found it really boring and I do not like the gameplay. I don't get the point other than wasting my time to play it.",False,1,40
For those who come after: This is a Masterpiece in the History of Videogames. One of the greatest gaming experience I have had in the last four decades. It's storytelling is near perfection.,True,2,5139
"By far the best JRPG type game I've ever played, it will confuse you, mesmerize you, hurt you, enthrall you, and traumatize you all in one playthrough.
I still hear and hum the Lumiere theme, the gestrals and hearing them say ""sakapatat"", maelle yelling at me to ""PARRY IT!"", Esquie feeling ""WHOO!"" 
So much about this game sits with me to this day even after beating it, it WILL have a lasting impact on you, especially for those who've had and or are dealing with grief and trauma (as is this games underlying themes) as well as struggling with loss and in a game too.
I can't wait to return to this painted world for new game plus.
This was worth my time.",True,2,5630
it was fun,True,1,1458
"I have never played a JRPG or Souls like game, so this is not my genre. However the trailer and especially its music really got me on the hook, then read the great reviews, okok I'll give it a try. I do not regret it.

I haven’t felt this emotionally affected by a game in two decades.

Pros:
- Beautiful.
- Mind blowing Story with many twists.
- Real 3d characters
- Amazing voice acting
- Interesting fight and level up system.
- Challenging fights

Cons:
Well, I cant really put here much.
- If I had to add something I would say, that the fights sometimes are very difficult. You need to learn the fighting mechanics of certain enemies so you could dodge or parry their attacks. I like such challenges, but I could imagine that for some people it could be frustrating. However you can change the difficulty to story mode any time during the game.

I already own this game on GOG. I loved it so much that I decided to buy it on Steam as well to support the developers. It was definitely worth playing through a second time.",True,1,3092
"Steam: Do you recommend this game to other?
Me: Absolument oui",True,0,4919
Now I know why it won game of the year.,True,1,1346
Phenomenal,True,1,1955
Once in a lifetime experience.,True,1,4602
"Calling E33 an amazing video game just is not right, simply due to it being so so so much more than that. E33 is a work of art, not just in its lush and vibrant world, but in its combat, story telling and especialy with its music. in my mind, this is where the game truly shines, music has a ability to envoke emotion, it can cuase fear, flare anger or deepen saddnes, and its done again and again throughout this game. i wont say anything further as a dont want to include spoilers withtin this review, but jsut know, if you are on the edge of buying this game, commit and dont look back, i promise you it is worth your time, adn your money.",True,1,444
"[h1] Masterpiece [/h1]

I don't enjoy turn-based games, maximizing party synergies, etc., and this was one of the best games I ever played. There's not much I can say that hasn't already been said. My only criticism is that exploration during the early parts of the game (until you are one stage away from the end of the game) can feel a bit slow and limited, and it would have been nice to have the world open up earlier.

That said, there's a lot of game here to enjoy, and there was never a time where I wasn't enjoying myself, even down to the (intentionally unfair) superbosses added in the Thank You update. This game will stick with me for a long time.",True,1,7653
"The music is an absolute masterpiece. The rest? A little more complicated.

Clair Obscur: Expedition 33 is one of those games where the soundtrack deserves its own standing ovation. The music is genuinely phenomenal, emotional, atmospheric, memorable, and probably doing more heavy lifting than some of the characters.

The first two acts had me completely invested. The world was fascinating, the mystery was compelling, and I actually wanted to know what the hell was going on.

Then Act 3 happened.

Without spoiling anything: the whole direction really took the wind out of my sails. What had previously felt mysterious and intriguing started feeling increasingly abstract for the sake of being abstract. Instead of making the story feel deeper, it made a lot of what came before feel less meaningful.

It's not bad. It's just a rather disappointing payoff after spending so much time getting invested in the world and its mysteries.

Still, the art direction is fantastic, the combat is genuinely fun, and the soundtrack is so ridiculously good that it almost deserves to be reviewed separately.

Great game. Incredible music. Disappointing third act.

I came for the mystery.

I stayed because the soundtrack refused to let me leave.",True,1,2231
"Clair Obscur: Expedition 33 was an interesting experience to finish, but after completing the game, I can’t say I would recommend buying it at full price. Maybe for a few dollars or euros on a deep sale, but there are simply too many much better-developed RPGs and JRPGs available.

The music was easily the strongest part of the game for me. I genuinely loved the soundtrack. It does a great job of creating atmosphere and supporting both the quieter moments and the more dramatic scenes. It’s probably the part of the game I’ll remember the most.

The story didn’t really work for me. By around the middle of the first act, the direction it was heading in had already become fairly obvious, which made most of the later revelations much less impactful. I kept expecting the narrative to introduce something that would significantly change my perception of what was happening, but that never really happened. I also found some of the conflicts and contradictions in the characters’ motivations more off-putting than compelling. Instead of making them feel more complex or human, these moments often made their actions and decisions harder for me to connect with. Character development in general felt limited, which was particularly disappointing for a game that places so much emphasis on its narrative and cast.

The gameplay is enjoyable at first, but as an RPG it lacks depth. Most of the systems are straightforward, and there isn’t much need to carefully think about your build or experiment with different approaches. Once you understand the basic mechanics, the effective choices become fairly obvious. Build variety also feels quite limited for the genre. I would have liked to see more meaningful trade-offs, stronger specialization, and more viable ways to build and play each character.

The world itself is good. I liked the overall art direction, environment design, monster design, and character design. Visually, the game has a distinctive identity and there are plenty of locations that are enjoyable to explore. The presentation is clearly one of the game’s stronger aspects.

Overall, I finished the game, but I wouldn’t recommend buying it at anything close to full price. Perhaps it’s worth picking up for a few euros during a deep sale. There are many RPGs and JRPGs on the market with deeper gameplay systems, more interesting build variety, stronger character development, and more engaging stories.

Considering all of that, I don’t really understand the extraordinary level of praise Expedition 33 received or why it ended up being regarded as Game of the Year. The music and presentation are excellent, and I can understand why those aspects resonated with so many people, but for me they weren’t enough to compensate for the shallow RPG mechanics, predictable narrative, and characters I found difficult to connect with.",False,2,3952
The narrative in this game is truly unmatched.,True,2,2585
"Очень хорошо и не ординарно. История и боевка великолепны. Пугалки про паррирование сильно преувеличены (ну кроме акта 3 где это конкретно на любителя, да и сам он чисто для фанатов).",True,1,6548
esquie,True,1,1230
"I can hardly stand turned based combat, i also cant stand most story games. I was locked in for every piece of dialogue throughout this game. This game is truly something special.",True,1,4791
"Que jogo legal de jogar, exploração muito boa e livre, muitos bosses e itens opcionais, o grind pode ser feito, mas não é necessáro.
Trilha muito boa, e vale a pena a experiencia, pois ouvir as músicas e o sitema de Parry e desvio são necessários.",True,1,2676
"**An absolute masterpiece.**

Clair Obscur: Expedition 33 is one of those games where everything just comes together perfectly.

The **music** is incredible. Every track fits the atmosphere, characters, and story so well that it genuinely makes certain moments unforgettable.

The **gameplay mechanics** are fantastic too. The turn-based combat combined with real-time mechanics makes every fight feel engaging instead of just waiting for your turn. There’s a surprising amount of depth, and the combat never felt boring to me.

And the **graphics… wow.** The environments, character designs, animations, lighting, and overall art direction are absolutely beautiful. The game has such a unique visual identity that it feels different from almost anything else I've played.

But the biggest thing for me is the **story and the idea behind the world**. The concept is so creative, mysterious, and emotionally powerful. As the story unfolds, you constantly want to know more about the world and its characters. The way everything comes together is something I really appreciated.

The game also has an incredible atmosphere. The combination of the **music, visuals, storytelling, characters, and gameplay** makes the whole experience feel like you're playing through a piece of art.

Honestly, this is the kind of game that reminds me why I love games as a medium.
Though i played it on GFN due to sesion limits i only explored main story and wil definetily try to explore the game entierly once i get powerfull PC or laptop 

**Beautiful. Creative. Emotional. Unforgettable.**

Absolutely loved it. ❤️",True,2,2282
This game feels like a love letter to all of the classic JRPG's.,True,1,1485
What Final Fantasy wishes it could be these days.,True,1,4430
"The graphics and music are excellent but unfortunately the gameplay is a complete disappointment
the game basically boils down to clearing camps of monsters while the turn based combat mostly revolves around pressing Q at the right moment to dodge and E to parry
terrible gameplay",False,2,172
I thought turn-based combat was not as fun but this game proved otherwise.,True,1,1114
For those that come after,True,2,2263
"Insane production value, story, characters, atmosphere, gameplay for a game with relatively small budget.",True,1,3150
"Amazing story with well-written characters that kept me captivated through my first playthrough. Combat was fun even on higher difficulties; didn't mind dying over and over again on some of the harder bosses while getting over the learning curve. The only game where I actually enjoyed parrying, which for me is massive. Simply exceptional.",True,1,3935
"Gorgeous game with great story, characters and an engaging turnbased battle system. The music and acting is excellent.",True,1,3281
"After almost a year of dodging spoilers i finally got the chance to buy and play the game myself.
For a first game, Sandfall did quite the great job ! although E33 has it's flaws, they clearly put a lot of soul in there.

Gameplay wise it's your typical RPG with the addition of the dodge/parry mechanic. it's nice to have an option to do something when the ennemy attacks instead of just standing there and take it but i'd argue the parry system is very much so broken once you get the hang of things. I mean free attack cancel AND damages AND you replenish your AP ? yeah that's a bit busted in my opinion, even if i actually like parrying ennemies attacks. It really boils down to the ""easy to learn but hard to master"" type of trope.

Graphics and music wise that's the good ♥♥♥♥ : it's beautiful as hell.
Very french would be how i describe it lol. Lumière is pretty as hell and so are most zones in the game, i think it's the first game where i actively used the camera mode to take pictures.

The exploration part isnt the games strongest suit in my opinion. It does become a lot smoother with my boy Esquie but before that it tends to drag on. Same goes for the zones you explore. Call me a noob all you want but i'd argue having a map of some sorts would do the game a lot of good. i'm not saying a full on minimap like in recent games but at least a general outlier of the place you explore, without marking a lot of things. just a thing here or there that would incite the player to go out the beaten path to explore the rest more.
A quest tab would also be VERY nice..or at least having an npc that keeps track of thoses ? i've promised a lot of ♥♥♥♥ to gestrals around and them mfs are still waiting when i've forgotten y'know..

I enjoyed the story quite a bit as well, my biggest gripe with it would be the abundance of ""yeah we saying cryptic stuff but you won't understand ♥♥♥♥ until the end"". I enjoy mysteries but when you stack them over and over again, you better find a way to either tie it nicely or the resolutions won't feel rewarding much. 
The characters were fairly good even if some are left behind more than others, or i'd say some are much more prone to be forgotten in cutscenes than others if you know what i mean.

One thing that got me dissapointed was the previous expeditions role. You can find their journals here and there in the world and you can find bodies lying around. cool.
I wish they played a bigger part in the game; sure some put the climbing tools and planted flags and other stuff but i don't know.. Their relevance is carried mostly by npc's lines but most of the time you don't feel it THAT much y'know ? ""oh yeah they weakened that boss before"" ""oh yeah they constructed this ferris wheel"", etc etc.. I do believe the game would have benefitted more of the previous expeditions leaving more traces like for example blowing holes in the environment ? you enter a nice zone but you can see marks of previous battles ? perhaps it could be interesting for the next games to implement a system similar to dark souls where other players influence a bit your own world ? just a random thought don't mind me rambling. 

Overall, the game deserve it's praise. I would say he's a bit overrated but it would be a lie if i said i didnt enjoy it thouroughly. 
I definitely recommend it for thoses who love a good story and know their way around RPG's or thoses who are looking to get into the genre. It's not a game for everyone but it's a breath of fresh air in an industry that puts so much money into souless cashgrabs games.",True,2,1572
yayaya,True,1,6
GREAT GAME,True,1,186
"There are no words to describe how beautiful this game is. I don't think I've ever experienced a story that was so moving and captivating. It gives me a weirdly comforting thought: if dementia ever hits me as I get older, at least I'll get to replay this and experience the wonderful journey for the first time all over again. An absolute masterpiece.",True,1,4103
One of the best games I have ever played,True,1,2268
"I’d give this game a 9.5/10. It’s an excellent game with an incredible story, one that constantly pulls you in and leaves you with genuine conflict and reflection. I found myself continuing to play just because I had to “turn the page” and see what happened next.

Games like this almost ruin other games, though. Once you experience writing, storytelling, and a soundtrack this good, it really highlights how poorly executed some other games can feel by comparison.

I also have to give a special shoutout to the soundtrack. I’m usually the type of person who turns the music off in games, but dang the soundtrack here was perfect. It added so much to the atmosphere and emotion of the story.

My only real negative was the somewhat repetitive combat system. There were several points where I felt like I was doing the exact same thing over and over again. That said, the story was so good that I honestly didn’t care. I was invested enough that the repetitive moments never stopped me from wanting to keep going.

The graphics were great as well. I played on Epic settings with no issues at all, and the game looked fantastic throughout.

Overall, this was an absolute work of art. 9.5/10.",True,1,3096
"Played this well after the fanfare and the GOTY awards, etc. which forced me to look at everything with grumpy, skeptical eyes.

The game has a good, albeit slow burn of an opening sequence and first act.  I wasn't sure if I was gonna like it as much as others, despite being a huge JRPG/Final Fantasy fan and this, I was told, is a great love letter to those games.

I am glad I stuck with it though because I did find it mostly very enjoyable for what it was:  Final Fantasy X if it were influenced by Truffaut or Godard, French classical cinema, and a slathering of misc. French culture on top.

The game's parry mechanics can feel a little punishing at times, as enemies can be really mean with their psyche-out animations. Some fights can ONLY be won by perfectly parrying ridiculous combos again and again to get those sweet, sweet counter-attacks.   

Also the platforming was very frustrating at times. (F#$% that random roll that sometimes happens after a jump.)

Fights can feel unfair for a portion of the game, until you unlock the right synergy of skills, weapons, and pictos that allow you to one-shot all but the most ridiculously overpowered foes in act 3.

Somehow it all comes together into a fun and memorable game that will have you cursing ""Merde!"" more than once.  

Bonus points for the developers and publishers keeping the price reasonable for something so polished.",True,1,4992
"So the game was fun and visually pleasing. The story was pretty good too - it's not one that makes me want to play it a second time; but I still enjoyed the game. 

Controls were a little weird for me, but that's just games trying new stuff - not something to really hold against it; I will say though that they went heavy on Quick-Time events; which I disliked as they take away from being able to watch the scene unfold; but it's not a deal-breaker. 

In a lot of stories, you hear people say ""they had an idea, and just didn't know how to end it"" -- I feel like the writers here had an ending in mind - then started to write the beginning... then went to write the end... and just kinda went back and fourth until they finished. 

The feeling was that the writer's main goal was ""surprise darkness"", which it succeed in some, and failed in others; perhaps a worry they went too far, and did stuff to pull back. 

It was a fun game, played to it's end - and before then I farmed a bit, explored the map trying to find stuff; but hey - 40 hours, not bad at all - especially for these days.",True,1,2398
Just play it.,True,1,1516
"Just play it.  10/10 on every level. Story, music, characters. Its amazing.",True,1,3463
"Yes, just yes",True,0,418
Amazing soundtrack and amazing gameplay. Runs smoothly with minimal stutters.,True,0,775
♥♥♥♥ simon,True,1,8253
So good,True,1,7120
"Such a beautiful game. It is a game where you should expect to be playing about 25 hours minimum to make it through the story without much issue. I enjoyed being able to parry, dodge and adapt my characters to different playstyles. The world is lovely and the music enhanced that experience so so much. It also is perfect as a turn based game as well!

I only barely got to the end but with side quests and challenges I feel the excitement to continue and try my best to get all the achievements that I can. And I highly recommend if you want to fall in love with all the characters and their stories.",True,0,2146
"Absolutely fantastic game! It has a great combat system, challenging boss fights, an absolutely beautiful story, and a vast open world. I loved every minute of playing this game. It is one that I will most likely be returning to and playing again.",True,0,1952
Prettiest game I have ever played,True,1,3585
"Fantastic. Story, gameplay, design, humor, all fantastic.",True,1,9528
"This was one of the greatest games I have played in a while, very unique story telling and loved the gameplay. I would highly recommend.",True,1,1830
MASTERPIECE.,True,1,3292
"Probably one of best RPGs, that has the best soundtracks, of all time.
It's a [i]Wheee~ Whooo~ Wheee~[/i] ride.",True,1,6483
Less than 5 minutes in and I already understood why it is the most awarded game in history (to date).,True,1,249
I liked this product so much,True,1,1443
"This game is unbelievably beautiful, It took me a little while to play through the whole game but the experience was sureal and well worth it. Without going into spoilers, as a fluent French speaker I was all too happy to enjoy the game in my native tongue which I dare say was responsible for conveying the beauty of the story in a way only french games can, I really am sad to have beaten the game because there will likely not be another like it for quite some time. However my experience with the game is bittersweet as it will forever be ingrained in my mind due to the beautiful soundtrack, stunning visuals and engaging storyline. 

Potential spoilers bellow, 

[spoiler]  I dare not go into too much detail lest I spoil the whole plot to whomever is careless enough to clicck on this spoiler without playing the game however I think that the game handles difficult subject matters that I have been dealing with in my personal life rather effectively. Due to circumstances out of my control I've had to deal with lots of grief and dispair, as you play this game you will see a great deal of attention given to the subject of grief.  
[/spoiler]",True,1,2910
Masterpiece.,True,1,6628
"One of the best games I've ever played and a true masterpiece. Clair Obscure left me speechless on so many levels. Art, music, sound design, writing and the voice actors' performances are out of this world. I love the combat and its mix of turn-based and real time, it feels so rewarding and powerful. Storywise, I adore the mix of heavy themes and comic relief that made me cry and laugh and weep and giggle. Expedition 33 will always hold a special place in my heart and I'm glad I got to experience this journey.",True,1,4797
"Highly recommended, I couldn't get my head around the story until the very end. Well worth the wait. They gave this turn based combat a refreshing way of gameplay.",True,1,3305
im speachless how beautifull story it is,True,1,2899
"What else can I say that hasn't been said, good game!",True,1,291
looking at this game's ui is like killing yourself,False,1,841
"What games should be. Absolutely amazing example of a modern game, thoroughly enjoyed everything from start to finish, even to the point of 100% achievement completion, barely ANY grinding apart from 45 minutes to get from 94-99 at the end of the game, generally really well layed out progression which doesn't leave you feeling like its a drag to catch up.
The story is extremely interesting - without spoilers, it is a very open ended game with your interpretation being a major role in the end, despite having a clear ending. 
Only problem with this game is the inclusion of French people, if this was British people this game would be a 10/10 but due to this issue I will have to rate it a 9.33/10",True,1,4598
I spent .7 hours just walking to the harbour talking to npcs and finding random ♥♥♥♥... Peak,True,1,42
"MY FIRST GAME IN THIS GENRE, NEVER REALLY LIKE TURN BAISED GAMES. BUT ♥♥♥♥♥♥♥ THIS GAME MADE ME ADDICTED",True,1,2072
"As an older gamer, it's easy to feel jaded about new releases with their oppressively widespread microtransactions, cosmetics passed off as content, and overall repetitive thoughtlessness. Enter ""Clair Obscur,"" an indie title whose story-world, characters, art style, and atmosphere feel more original than those of most AAA productions. The passion that went into this game finds its way through the screen even when the story loses some clarity in its final act and a couple of characters get sidelined once the plot narrows. Once the game gets its hooks in you, there's a lot under the hood as well — my favorite being the combat. It was remarkable how quickly the parrying went from feeling near-impossible, even frustrating, to becoming the main reason I didn't want to miss a single enemy encounter. Yes, the timings in some fights are absolutely brutal. But landing a full sequence of parries and counters is bliss incarnate. I won't claim to know what the best game soundtrack of all time is, but I'll be damned if this one isn't at least in contention. Most games would be thrilled to have one or two battle-theme bangers. ""Clair Obscur"" has at least a dozen, and that's before counting the memorable leitmotifs and ambient tracks. If you like turn-based RPGs at all, do yourself a favor and get this game.",True,3,7114
Pure magic!!! Best game that i played since Witcher 3.,True,3,2105
yeah pretty good,True,1,7473
"Amazing Experience, the music is top tier. Characters are very memorable if you do their quests and theres so much to remember about this game. Enemy designs are out of this world and to think French mfs did this. 10/10 probably a top 3 game for me all time.",True,1,11488
Beautiful game. Worthy of every award it won,True,1,6029
Over-rated. KCD2 should've won rpg category as this is NOT an RPG in the slightest lmao,False,1,71
10/10,True,2,2861
"Most of my hours are on PS5, but I love having this game on PC as well. I adore this game. This game came out in a time where I too was facing grief. I lost my best friend (brother figure) and my father three weeks apart from one another to the day in 2025. Without spoiling anything, you can imagine why I connected with this game via that statement alone. 

It runs very well even on my old Alienware that has a 3070. There's a ton of content, story, characters and enjoyable gameplay. I highly can not recommend this game enough.",True,1,826
33/10,True,1,1647
"The game is super addictive with a unique turn-based gameplay. The landscapes gave me goosebumps with their epic scale, and the soundtrack is absolutely outstanding. 10/10",True,1,1294
good,True,1,4103
Incroyable !,True,1,218
"There's a lot to say about this one. But simply saying ""perfect"" will do just fine.",True,1,6490
Absolutly fantastic!,True,1,3146
Is Good.,True,1,2846
oui oui,True,1,927
"Great story, world and characters with phenomenal music to go with it.
Unfortunately suffers from the same issues that most turn based RPGs suffer from. Constantly fighting the same few fodder enemies in each area becomes extremelly boring and becomes a routine of mashing the same few attacks to try get through them as fast as possible.
Dispite that the bosses are always awesome and fun to fight.
I made it a bit into act 2 before i burned out on the gameplay and stopped playing.
If you are a fan of turn based JRPG games you will definitely enjoy this. If you don`t like them this probably wont change your mind.",True,1,1656
"rpg combined with parry and dodge mechanism, plus selection of characters (team based rpg)... nice music, nice history, funny characters and strategic selections, decisions matters and is not designed for babies, you should take good decisions or your team's power will be very poor.",True,0,2314
我以为我不会喜欢回合制,True,1,385
"I bought the game after the “game award incident,” not knowing much about it other than it being a JRPG with a cool looking UI. The game starts off heavily narrative driven, but still gives you the option to learn the base mechanics before throwing you into the ordeal. The thing you instantly notice is the melancholic, operatic soundtrack that sets the tone going forward. The start of Act I already shows off the game's great environmental design and use of colours, which the game keeps up until the end. The characters fit nicely into this world visually speaking, even if the monologues and dialogue might be a little cheesy at times.

The gameplay itself is somewhat interesting, the need to adapt and build synergy between the characters keeps the repetitive gameplay loop bearable. Enemy encounters are usually very similar or identical, even among different enemy groups. The battles themselves are enjoyable, as you need to be accurate with your timings while attacking, dodging, and parrying. Overall, the system repeats itself heavily, which becomes painfully evident in Act II. The story is still there, but it’s basically just a copy and paste of Act I, minus the new scenery.

One thing we also “get to have” whilst progressing through the game is new companions with their own abilities and powers. While it’s great to give the player more options to “choose” from, the game doesn't actually let you choose much. Instead, when your main trio gets wiped out along with all their synergy, you’re left with Team Bravo, AKA the two outcasts you haven't spent much time with and their total lack of synergy.

Now, what actually made me write this review was Act III. It's always nice to see different media “risk it for the biscuit,” so to speak. The music, enemies, environment, atmosphere, characters, monologues, dialogue, and THE story all get a huge buff here... without spoiling anything specific. This game is definitely worth looking into, even with its faults it is easily one of “the games”.

:)",True,2,1510
sick game!,True,1,3891
pretty gud,True,1,4500
"absolute cinema 
plot 9.5/10
music 10/10
gameplay 10/10",True,6,1182
It did live up to expectations. Zero issues on Linux installations.,True,0,2332
"An absolute gaming masterpiece and one of the best experiences I've had in years. The story is captivating from start to finish and has all the qualities of a blockbuster film. The world is stunningly beautiful, and the character facial animations are so realistic that you'll believe every word they say and every emotion they experience.

The sound design has remarkable depth and plays a crucial role during combat, with audio cues helping you react to powerful incoming attacks. The soundtrack is excellent, offering plenty of variety throughout the game and truly elevating the intensity of the battles.

I especially enjoyed the game's dynamic turn-based combat system, which feels fluid and engaging. The depth of character progression and skill customization is what truly sets this game apart from other turn-based RPGs, allowing players to tailor their party and playstyle to their preferences.

I give this game a perfect 100/100.",True,0,1981
33/33,True,1,2493
"This game is the culmination of artistic expression, the story, art, music, gameplay. Everything is the the liking of the creators, not a board to please, but to the people who wanted, needed to tell this story. Expedition 33 is a masterpiece of a game that is not done justice by the words I type. If there is one story that I can recommend, it would be the story of Lumiere.",True,1,2877
"Definitivamente, um dos melhores jogos que já joguei.

É muito surpreendente que este jogo exista. Clair Obscur: Expedition 33 foi lançado em 2025, justamente em um momento em que a indústria de jogos eletrônicos parece atravessar um período particularmente nebuloso e amargo.

E, sinceramente? Em vez de continuar dando grana para AAA que muitas vezes parecem não respeitar nem o seu dinheiro, nem a sua inteligência, que tal dar uma chance para uma obra como essa?

Porque, contra todas as expectativas, Clair Obscur é uma OBRA-PRIMA.

E digo isso como alguém que nunca teve muito contato com JRPGs. Se esse também é o seu caso, não deixe isso te afastar. O jogo tem elementos claramente inspirados no gênero, mas consegue construir uma identidade própria e uma experiência que vale muito a pena conhecer.

Não é um jogo com o orçamento absurdo de um GTA 6, e isso é perceptível em alguns momentos. Existem pequenas falhas, limitações e algumas lacunas. Mas, sinceramente? Nada disso foi capaz de diminuir a experiência que tive jogando.

Você vai encontrar uma história extremamente original e envolvente, personagens que, ao longo da jornada, fazem você criar um carinho e um respeito genuínos por eles, e uma trilha sonora simplesmente fantástica.

O gameplay é excelente. Viciante, eu diria. Teve momentos em que eu começava a jogar e simplesmente não queria parar.

A exploração também é muito divertida, e existe uma quantidade absurda de conteúdo opcional para quem quiser se aprofundar nesse mundo.

E talvez seja justamente isso que mais tenha me marcado.

Em uma época em que vemos empresas tomando decisões que parecem cada vez mais distantes do que os jogadores realmente querem, e algumas práticas cada vez mais agressivas contra o consumidor, jogar Clair Obscur é quase um lembrete de que videogame ainda pode ser, acima de tudo, arte.

Dá para sentir o amor e o cuidado colocados nesse projeto.

Faça um favor a si mesmo: dê uma chance a Clair Obscur: Expedition 33.",True,0,3694
"10/10 - Absolute Masterpiece

I honestly went in expecting another generic turn-based RPG, but Expedition 33 completely blew me away.

First off, the story hooks you immediately. It feels super mysterious and genuinely keeps you guessing without ruining things with dumb, predictable tropes. You really feel the weight of what the characters are walking into.

The soundtrack is on another level. Exploring the mansion gave me actual chills—the music there makes the whole place feel so creepy and lonely in the best way possible. Then you hit massive boss encounters like Sprong, and the score cranks all the way up into this driving, hype battle track that gets your pulse racing.

The real star though is the combat. It’s turn-based so you can plan out your skills, but you can’t just put the controller down. You have to actively nail timed attacks, and dodging or parrying enemy swings in real time makes fights feel super tense. Pulling off a string of parries against Sprong while managing your turns feels ridiculously satisfying.

If you like RPGs at all, do yourself a favor and play this. Easy 10/10.",True,0,3330
Good until Act 3 then the developers just stopped caring I guess,False,2,6641
"The game is beautiful, but good lord, I am so tired of the cutscenes and the JRPG dialogue. The combat was fun, but it got so incredibly repetitive that I ended up putting it on easy to stop having to deal with it. It reminded me if Final Fantasy 13, if it was open world with zones. I'm sure it's a beautiful story, but halfway-to-almost done with Act 2 and I have zero desire to finish it.",False,1,1686
The happiest moments of this game happen within the first 15 minutes.,True,1,4439
"This game has such a lovely and emotional story. Sandfall Interactive really blew it out of the water with this one!
Beyond that, the combat is such a refreshing take on classic turn-based JRPG style gameplay.

Don't do yourself a disservice by missing out on this one, play it!

P.S.
I played it on the steam deck, it worked pretty decently!",True,1,4035
niceeeeeeeeee,True,0,88
"Great game. Engaging turn based fight mechanics, good story and graphics. Only thing is that I think its missing a mini map or something similar, available in every zone/area, to navigate without feeling like you're going around in circles.",True,0,4628
Lives up to the hype. For those who come after.,True,1,2138
wow i am scared,True,0,180
"Keeps crashing with a Fatal Error!
I can't figure out how to prevent it.",False,0,58
Just amazing!!!,True,0,3754
"The graphics and character design are all fine but a lot of the animation for basic interactions and a lot of the conversations are just not up to standard. It seems like the devs focused entirely on making the graphics and the cinematics look amazing but failed to polish anything else. I mean its bad. Conversations with a puppet bad. 

The combat system is unique but in my opinion it is a wash. QTE's in a ""turn based game"" are not a bad idea necessarily but the focus in this game is so heavy on them that you might as well not bother with working on you party at all. Just time your parry right and you'll win every fight. No need to do a lot of the usual turn based game strategy and team gear management.",False,2,313
"As a german, my whole life is dissliked the french for many many reasons which is also the reason why i never planned on playing this game. Today, after finishing this pathos oozing masterpiece of a game, after many many tears, i stand corrected that this is in my opinion the best game ever made. My resentment towards french people has simmered down immensely. Bravo Team Sandfall Interactive. Im in awe of your talent.",True,2,3799
"The gameplay is good
The soundtrack is great
The storytelling and worldbuilding is a masterpiece

I have been permanently affected by Clair Obscur: Expedition 33",True,0,2742
very good very addictive 10/10,True,0,3479
Makes much fun I love this game :),True,1,1303
"33/10, idc GOTY deserved holy",True,1,112
Great experience from beginning to end,True,0,2105
i really dont know why people love this game and dont mention how hard it is or how dar souls like it is it is incredibly hard for an rpg,False,0,856
"This is one of the best games I have ever played. There is so much depth to the characters, the combat, the story, and the music and art design is uniquely charming but on a grandiose scale. You can feel the amount of effort poured into this game with every minute you play.",True,0,2037
"As a gamer of over 30 years, this one easily falls into my top 10. It's honestly one of those masterpiece games with such a beautiful and mystifying story that I wish I could wipe my memory and replay it again for the first time. I do like that NG+ is a meaningful option and I picked up on so many other little story details the second time that were surprising or just plain neat to see.

This game so deserved the awards it got and I genuinely hope to see more from Sandfall even if they set the bar extremely high!",True,1,8516
"The game feels very fresh despite the grounding in well trod RPG roots. Most of this comes with the storytelling and the character development, as well as the obvious investment in a unique aesthetic and soundtrack. Highly recommend!",True,1,734
For those who come after,True,1,3762
Masterpiece.,True,1,2678
"top3 game of this decade, maybe oat",True,1,1567
"This game right here deserves EVERY award it was given! 
This is a CLASSIC & That is hard to find in modern gaming.. simply a HUGE 10/10 
from the character building to the combat mechanics.. this game made me cry more than once lol
If you haven't played it yet just buy it if you are thinking about it! 
also don't get me started on world design and voice acting!",True,1,3021
Baguette & Mimes,True,1,2121
Final Fantasy / Persona but its french,True,1,4524
An amazing game,True,1,1369
"one of my worth buying single player game, the OST, the storyline, combat mechanics and etc really surprising me everytime they got introduced.",True,1,1401
10/10,True,1,4288
"You know.. I play video games to escape from life. My life has had some REAL bad spots lately. I love games with a story. I still to this day love Dragon Age: Origins because of the story. This game certainly had me, but BOTH endings sucked and ruined the game. I won't ever replay.",False,1,5133
good very goood,True,1,608
"This game ranks among the top three I’ve ever played. While some critics feel the story is too childish—devolving into a sort of family farce—I don't share that view. After spending so much time and going through so many experiences with the expedition team members depicted in the paintings, I feel the characters are brilliantly realized—especially Lune. My only real complaint is that the story is too short; it feels like you can finish the main plot in under 30 hours.",True,1,2908
peak,True,1,2175
CLAIR OBSCUR: FINAL FANTASY DARK SOULS EXPEDITION 33,True,0,1907
"""Learn from the ones who came before, and lay the trail, for the ones who come after.""",True,0,5391
"Well slap my baguette and call me a croissant, what a banger.",True,1,1839
incredible game,True,1,2758
"Took a break from the game for a few months, come back and now game crashes upon loading. This is unacceptable. The story itself is great and gameplay is okay.",False,0,2708
"Bought after all the hype, took several months to get around to actually trying it out as I was skeptical, didn't think it would live up to the hype but it absolutely did. It isn't perfect, but close enough, Anyone who considers themselves a gamer should at least give it a try. 10/10",True,1,3873
w,True,1,1382
"9/10 Amazing story telling, 
i'm a sucker for a good story and this pretty much hit it just right, the character are lovable, the feet can be smelled from half the continent. 

Absolute cinema !!! Game's tight

 [spoiler] If you're wondering why not 10/10 if it's so good, it's because the game portrait french as cool people, that's a little too much fiction for my taste [/spoiler]",True,2,5104
fun,True,1,2988
Monoko is so me,True,1,4711
This game does start off a bit mediocre but as you get to craft builds and as you get further into the story it picks up  and shows you why it got all of the awards it did.,True,1,5088
"Truly one of the best games I’ve ever played. Incredible story, unforgettable characters, beautiful world, and an absolutely phenomenal soundtrack. I enjoyed every moment of it.

An unforgettable experience and an absolute masterpiece.",True,2,2941
amazing storytelling,True,1,4835
If Final Fantasy X and Persona 5 have a baby. That's how i feel about this game. Never thought i'll missed turn based game this much until i played this.,True,1,2932
"Absolutely beautiful game. The art direction, music, atmosphere, and story are outstanding. The turn-based combat feels fresh and engaging, especially with the timing-based mechanics. One of the most memorable RPG experiences I’ve played in a long time.",True,1,692
"Clair Obscur: Expedition 33 is genuinely one of the most beautiful games I’ve played. The story and cinematics are incredible, and the OST is absolutely state of the art.

I’m usually not into turn-based combat, but I thoroughly enjoyed it in this game. Honestly, I wouldn’t change a thing.

Honestly, I wouldn’t change a thing. Came for the pretty graphics, stayed for the emotional damage.

10/10, highly recommend.",True,2,6725
"This game has lessened my hatred for the French. Immaculate performance, bravo.",True,3,2907
Great game with a good story.,True,1,2902
"Cool game. Crap gameplay. Have not had fun in a single battle at all. 

Just go watch the cutscenes on YouTube",False,2,616
"""Clair Obscur: Expedition 33"" is a brilliant, breathtaking, and stunning masterpiece. Never before in my life have I been so awestruck, so deeply moved, and so thoroughly captivated while immersing myself in a fictional world. I loved every character I encountered; the dialogue is fantastically written, delivering incredible fun, brilliant humor, and heart-wrenching sorrow. The voice actors delivered some of the finest performances I have ever had the pleasure of experiencing.

The world is exquisitely detailed and beautifully designed. The designs of the supporting characters and creatures are incredibly creative. You can pause the game at any moment and see a work of art right before your eyes.

I was initially skeptical about the combat system, but it turned out to be one of the most enjoyable aspects of the entire game. 

One could spend hours discussing the brilliance of this work. To anyone still undecided:
PLAY IT! It is one of the best experiences you could possibly have!",True,1,1726
around 17 hours in and I really am loving the game I feel like it does an amazing job in every aspect and especailly for the price point I would say it's worth grabbing even when it's not on sale.,True,1,1032
Pasadito de chupas,True,1,819
Very fun to play and the story makes it even better.,True,1,325
"Second playthrough and another 40 hours well spent.

The story, characters and gameplay are phenomenal. The prologue sucks you in immediately and there's not a dull moment the rest of the way. Maybe some of the camp scenes don't hit as hard as the first time, but nothing to complain about. 

I had an easier time with the combat this time around. Bosses that gave me a hard time on my first playthrough (primarily the end of Act 2), went down with ease this time. Ton of fun building your team.

The music still hits and the amount of times I still play Lumiere over and over again at the camp is embarrassing. 

Nitpick: character mouth movement doesn't match up with dialogue, but hey, it's a $40 game. What're you gonna do. 

Still a Masterpiece 10/10",True,2,2356
Impresionante juego. Si tienen dudas jueguenlo. Solo por la historia vale completamente la pena,True,1,1637
"I’m a 40 year old (ish) dad with toddlers running around, and have found this is a great respite when I can find some downtime. Never a big fan of JRPGs nor turn based games, I’ve always preferred stuff like Morrowind, Elden Ring, or FPS multiplayer games. This one has changed my mind. Combat is challenging, story is compelling enough to stick with it, and the setting is beautiful. Love the fantasy with a European twist. Highly recommend this expertly crafted experience. Will definitely be on the lookout for the next delivery from this studio.",True,2,2727
"This is one of the most unique RPGs I've played in a long time but it also harkens back to the glory days of turn based fantasy RPGs like Final Fantasy X, with the Dodge & Parry mechanics adding a lot of spice to the formula. The story, characters & voice acting are incredible and the world building is so rich. It's rare for me to give a game a 10/10 but I think this one deserves it.",True,1,3453
"Good game! The story is overrated as hell, but otherwise, it’s definitely worth playing.
My biggest takeaway from this game is the gameplay and music. Those two alone carry the game and deserve all the hype. If you’ve played turn-based RPGs, you’re in for a great time, and it’s also a cool starting point for anyone interested in the genre. The story had me hooked from the start, but it slowly let me down during the latter half.",True,1,3135
"This is the best game created in the last 10 years since Witcher 3. Storytelling wise and vibe wise its just on another level. It really makes you feel THE AWAKENING. Like emotionally wise its just wtf, its very deep and makes you really live through what you are experiencing. 

Absolutely S tier. 

Music is 100 out of 10, Visuals and Decorations as well. 

Must play for everyone who loves good art. 

Because this game is a proper Masterpiece.",True,1,2365
indie game btw,True,1,4350
Epic.,True,1,5347
"If you have played and loved FFX, this is like it but on steroids. The gameplay is improved in every way, the story (even though I have not reached the climax yet) has the same potential at tugging at your heartsrings, and the music will leave you daydreaming about this game. The fact that I have not reached yet the end of this game and am recommending it should be enough proof that this is a worthwhile journey to go on.",True,1,2632
"The combat in this game is really fun. The story, characters, and world building all deliver in a big way. This is a must have.",True,1,4268
I now have a fear of volleyball thanks to this game. That minigame was straight cheeks,True,1,1280
Game of the year indeed,True,1,256
"A simply beautiful game. The combat is interesting (turn-based, but you parry and dodge in real time), a bit gimmicky, and apart from a few fights not that challenging. I initially found the upgrade mechanics and quirks for each character confusing, but by the end of the game I had mastered it and as a result my party became OP (you can find buffs in the late-game that make the final boss trivial).

Having said that, the graphics are gorgeous and the story is really compelling. It's a slow start but I genuinely shed tears at the end. Even though twist had already been spoilt to me, it still somehow came as a shock. I think I'll remember certain scenes for a long time, especially as I'm listening to the OST on repeat currently!",True,1,1523
The story is sooo good!,True,1,1380
So good,True,1,376
"In terms of in-game quality, combat scenes, side quests, character development, and most importantly, its story, it was the best game I’ve ever played. I definitely recommend you give it a try.",True,1,3942
BEST!,True,1,5804
"absolutely, everything about this game is incredible from the visuals, combat, des, story and music. it makes this game f crazy",True,1,30
"If you don't care about dialogue or characterization this game is fine, pretty good even (although the combat does get old in late game). 
If you do then I cannot recommend this game at all. It genuinely feels like people get hooked by the shock factor, but if that doesn't grab you there's very little of substance until you get to the final act. And even there the plot sounds more interesting than the game actually cares to show you. I did get invested by the very end very much in spite of the game's writing. Especially the dialogue tends to be quippy and flat outside of a handful of scenes. 
It does stick the landing, if you manage to get through all the rest of it. Both endings are solid, but in my opinion 90% of what comes before that is tell-don't-show and shallow.

Basically: play at your own risk, your mileage may vary.",False,2,4575
"Engaging and fun story, combat might get repetative but you will want to see what the story holds",True,1,1722
"WOW, Great game, everything was amazing",True,1,2111
this shi was awesome,True,1,1680
"Square-Enix take note: this is how you make an exciting turn-based battle system. Plenty of differences between characters, captivating play. Story (and language) aimed at adults is refreshing. Story itself is also captivating. Highly recommended.",True,1,1346
"Edit:  Best gave I've ever played. Don't sleep on this. Its so horrifically incredibly everything. I've found myself laughing quite a bit. Everything in this game fits together perfectly. I never listen to the game music except this one. The soundtrack  PERFECTLY blends and builds you immersion into every single strange place you go.

Buy this.
Buy this.
Buy this.


Pre-Edit :
I always thought this game was some weird like family goes off into a painting ♥♥♥♥. I was wrong. This is some dark ♥♥♥♥, Extinction level existential crisis IMMEDIATELY. This is seriously the darkest game I think I've ever played and im not even in 30 minutes in. WOW.",True,1,799
One of the best games I've ever played.,True,1,9051
"Oh my...
Never has a game made me feel so happy and absolutely HEARTBROKEN all at once.
This game is a genuine masterpiece and I cannot put into words how beautiful my first playthrough of this game was",True,1,9697
"one of those games that you have to play it at least once in your life.

This game is TIGHT",True,2,5360
"Best game I've played this year. Best art piece I've witnessed ever. 

Writing: 10/10
Music: 10/10
Visuals: 10/10

Some minor complaints in terms of some gameplay choices that feel slightly odd, nonetheless its a masterpiece.",True,1,4335
Deserved GOTY 2025!,True,1,4617
"Wheeeeeee!

[spoiler]For those who come after.[/spoiler]",True,1,3063
Just buy it and download a single mod that makes your game look smoothie. And boom bam bagle welcome to the big leagues.,True,1,7075
"This is my first time playing an RPG game, and I don’t think it’ll be my last. The most beautiful game I’ve ever played in my life. Give it a try. That’s my advice for those who come after.",True,2,3000
Nice games,True,1,3284
used AI and did not clarify this until months after release,False,3,456
"I've played a lot of games that deal with loss. Most of them tell you about it. 
This one makes you feel it in your chest.

[b]MAJOR SPOILERS WARNING[/b]

On the surface it looks like a gorgeous game about stopping an apocalypse. But underneath that it's a story about a mother who couldn't let go of her dead son, a father destroying an entire world to save his wife from herself, and a daughter caught between two lives wondering which one is actually hers. Nobody here is a villain. Everyone is just broken in their own way and trying to survive it.

Then there's Verso. A painted copy of a dead boy, fully aware that he is not real. He never asked to exist. He just woke up one day inside someone else's pain and had to figure out what to do with that. He spends decades watching people die, loses the person he loved, grows tired of everything, and eventually decides the kindest thing he can do is end it all. Not out of hatred. Out of pure exhaustion. And his own mother, when she finally sees him, looks him in the eyes and says: [i]you are not my Verso.[/i] After a century of feeling and losing and carrying all of it. Still just a copy.

And somewhere in the canvas a faceless little boy wanders alone, painting endlessly, keeping the whole world alive. Everyone made decisions around him, about him, for him. The only one who ever bothered to ask what he wanted was Verso himself.

The game never lets you feel comfortable. It builds people you care about and then asks you to decide their fate. Do you save a painted world full of people who laugh, love and die just like anyone else? Or do you free a soul that has been trapped inside it since the day he died?

Neither answer is clean. The game doesn't pretend otherwise.

[i]Life keeps forcing cruel choices.[/i] No other game has made me feel the weight of that sentence the way this one did.

[b]See things as they are, not how you want them to be.[/b]",True,16,3961
"This is an amazing game.  What's more amazing is that it doesn't have the AAA price tag.  This may be in my top 10 games of all time.  The music, story, and gameplay are all a lot of fun.  There is so much optional content I would guess that at least 50% of the content in this game is optional.  You can go straight to beat the game or you can spend days exploring everything else this world has to offer.",True,1,3209
"Yeah, it's a good game. Crazy that it was the first one developed by this studio.",True,1,6247
"I give most games a very fair chance and I heard nothing except great reviews about 33, but I simply cannot recommend this game.

There are a few real simple reasons as to why I'm just completely unimpressed by it.

#1 - The voice acting is unfitting to the characters (somewhat) and it feels like it's almost robotic. Not in the terms of ""AI"", but the casting and the voice direction must have been off and it definitely shows.

#2 - The graphics, run animations, battle sequences, it all feels very Xbox 360 era and not in a good way. I felt like I was playing a tech demo of a game that had too much saturation, too much bloom, too much in the way of an identity crisis. The scenery was fighting to find itself (steampunk, fantasy, classic Victorian, 70's British, etc) and I just couldn't get behind the semi-weird cartoony nature in an otherwise random universe.

#3 - It tosses you into the game and tries to impress on you the seriousness of the story right away, without really giving you time to develop a character, grasp the situation or even understand much else. The movement was weird as well; switching quickly between a low-tech adventure platformer (felt like Wolverine honestly) and a turn based combat system (almost similar to FF13, which was weird). I see what they were going for and it's an easy game to understand gameplay wise, but it's tossed at you as if this was a sequel or you were meant to be at least an hour into the game prior to everything being dropped.

Honestly I can't quite put my finger on why I dislike this game overall aside from saying a massive TL;DR.

TL;DR - The game has a definite identity crisis, the graphics are weird, the voice acting is weird, there was definitely AI used in this (undisclosed), the music is good but not fitting to the situations (bad tact/context) and it just overall felt like a weird tech demo. If you like old school RPGs with fun concepts, go find a way to play Lost Odyssey or Legend of Dragoon. If you want a very stylized RPG with great characters and a modern style, check out BG3 or for the cartoony-side try DQ11's super ultra turbo edition.

But this game? It just feels... unpolished.",False,3,13
well deserved,True,1,3436
"Expedition 33 is one few games where partway through, I realized I was playing an actual soon-to-be landmark title on par with the iconic RPG giants.

It was a masterpiece from start to finish, with only minor flaws that have since been patched or updated in some way (Picto management, minor balance issues, a few stray bugs).

I won't ever rate something 10/10, because nothing will ever be perfect. [i]However[/i], this game gets pretty dang close to it. If you're even remotely interested in RPGs, love good music, art, or story, this is the easiest recommendation I can ever give. Seriously. Go play it.",True,1,4713
:(,False,1,3288
"Top 1-3 games so far, I LOVE it. I bought it legit after 70% of the way through. Make a great game and the money will flow.",True,1,2784
Absolute CINEMA!,True,1,5744
PEAK,True,1,5016
"The soundtrack is beautiful, the visuals are stunning and the game/storyline itself is so unique. I've never played a game quite like this but I love it so much.",True,1,3188
"Incredible game. Soundtrack is 10/10, super interesting story, combat is engaging, looks great. Can't wait for many more hours",True,2,823
"Super cinematic and really well designed turn-based combat. Each playable character having a completely different playstyle and different abilities create so many different synergies. The sound design and character design are both incredible. After completing the base game in just over 30 hours, I wasn't even half way through the playtime required to 100% the game so there's definitely no shortage of gameplay. The difficulty of the game also continues to scale after the main story, with the bosses getting harder and harder. Couldn't recommend more",True,1,3243
Great game,True,1,5072
"First, I want to be clear I don't usually make game reviews on Steam, but this game is an exception. Going into the game my expectations were high given the accolades and reputation this game already gathered. I was not only pleasantly surprised but shocked that this game is even than I imagined. 

The first two hours of gameplay (including tutorial) was excellent in establishing the world building and stakes involved with the story. Although there were some weaknesses regarding some of the flat voice-acting delivery and NPC dialogue in the beginning area, it's not a big deal as the dialogue gets far better later in the story. 

Story: 19/20
What more can I say? The story needs to experienced like a French vintage. The further one progress in the story the better it becomes. The main cast of characters are as memorable as they are likeable. The only reason it's not a perfect score is because there are still some story elements that are left unaddressed after the credits roll (Clea if you know you know). Until there are confirmation of a sequel or DLC I cannot in good faith give this a perfect score. 
Gameplay: 18.5/20
Combining the traditional static turn-based strategies of a JRPG with a motion-based parry/dodge system of an action game, this game fits in a comfortable middle ground. 
Graphic/Art Style: 10/10
Truly a unique art style with elements from Baroque, Neo-classical, and Victorian era styles. 
Content/Pacing: 17.5/20
The amount of content is sufficient for a 60-80 hrs experience (I managed to 100% all the achievements after 190hrs but I'm sure better players could 100% the game in a fraction of the time). Pacing is smooth for the duration of Act 1 to 2, preventing the player from becoming too strong early on. My one criticism in this area is toward the end of Act 3 with all the world map opened up, my characters became too strong and overleveled after completing most of the side areas. The final story boss fight became an anticlimactic joke (this is despite playing on Expert). 
The game loot works fine for the most part in encouraging exploration of the open-world map to get better gear. 
Optimized performance: 18/20
Not much issue with performance although I am running on a rig with NVIDIA GeForce RTX 5070. The biggest issue is with the aggressive shadow and light/dark contrast (some of the areas are either too dark or too bright).
Music: 10/10
What more can I say? This soundtrack will be remembered decades after. 

Final score: 93.0",True,1,11457
♥♥♥♥♥ baller as all hell,True,0,2689
"Really enjoying Expedition 33 so far. The game is a lot of fun, and I’ve especially enjoyed exploring the world and seeing what’s around every corner. There’s a great sense of discovery, and I never feel like I’m just rushing from one objective to the next.

The story has also been a big highlight for me. It’s interesting, the characters are easy to get invested in, and it actually makes me want to keep playing to see where everything goes.

Overall, I’d definitely recommend Expedition 33 to anyone who enjoys games with a world you can explore, a good story, and plenty to discover. Definitely worth checking out!",True,0,1214
amazing game! nothing like it!,True,0,3658
"One of the best games I've played in years. What characters, and what stories.",True,0,2620
Absolute cinema.,True,1,6178
"I purchased without seeing any gameplay, but its a great game, way above my expectations, its a mix of final fantasy and a little bit of devil may cry, the story is well written. 

Highly recommend it.",True,1,974
"Bonjour, mon ami.

Now I completely understand why Clair Obscur: Expedition 33 won so many awards.

The game stands out because of its beautiful story and warm, memorable characters. Until the very end, you will have a lot of questions, and for a long time you may not fully understand where everything is going. But the ending is absolutely worth reaching.

And if turn-based combat is making you hesitate, don’t let it. It fits this game incredibly well. The combat feels stylish, satisfying, and completely natural within its world. It never felt like something I had to tolerate just to enjoy the story.

The soundtrack deserves its own praise. I already have several tracks in my playlist and still listen to them outside the game. During the boss fights especially, the music is incredible and makes those moments feel even more powerful and memorable.

It is one of those rare games where the story, characters, combat, art direction, and music all feel like parts of the same experience. By the end, I understood exactly why so many people fell in love with it.

Au revoir, mes amis.",True,1,2091
wow,True,0,1167
One of the most beautiful games i played top5 a real master piece <3,True,1,5301
"Amazing turned-based game, amazing cinematics done by talented people and amazing narative, 10/10",True,0,2066
Jogo maravilhoso pqp,True,2,1166
A perfect 11/10.,True,2,4974
Highly recommend :),True,2,5239
"PERFECT
I NEED TO KNOW MORE",True,2,2725
I put off playing it because I doubted it would live up to the hype. Turns out the game actually just is that good. Deserves all the praise it gets. One of the few games I would say is a masterpiece.,True,2,4889
"One of the best game I ever saw and played. Expedition 33 was actually the first game I played on computer. Before that, I used to mostly play nintendo games, or watch a lot of gameplays, thinking I didnt really need to play a game if I could watch it. 
While that is partially true (watching a youtuber you like play a game can also be pretty cool), playing it really made me realize what I was missing out.


POSITIVES

GRAPHICS

First of, and obviously, the graphics are phenomenal, there are a lot of worlds and areas to visit that each have their own beautiful concept and are visually crazy to look at! Each time I entered a new place I couldnt help but let out a 'wow!' each time and take pictures. (personal favorite, the Visages island :) )
And thats only talking about the landscapes, the characters are also all very well made, and even more the creatures and enemies that have amazing looks, some look enchanting, some scary, cute and so on, and there are tons of them!
The acting is also very human and doesnt feel at all awkward. You can notice small stuff the characters does when they aren nervous for exemple, which I really love and really makes them have their own charming personalities. I easily grew emotionally connected to the characters very quickly because of that!


MUSIC

And of course the soundtracks, more than a hundred in this game, and most are in my playlist, and most I remember the exact scene the song was played, which I rarely do when I do not find the music memorable. I usually had to pause the battle simply for listening to the music.


GAMEPLAY

As for the game mechanics, I have no issues with and found it really fun. I did hear a lot of people where hesitant to start because it was a turn based game. Do not worry, this game can really get really hard and I hardly even consider it turn base game! During the battles you will be met for exemple the dodge and parry system, so even when its not your turn you will have to learn the moves of the enemies if you want to take less damage and not die. I also liked how many diversity there was in the enemies attacks, most have their own set of attacks that can go of a single one, or some enemies with more than 10 different, which can usually be very hard usually when the enemy has multiple phases!
Its also really cool how you can manage your team, and how all characters have different ways of attacks. Pictos and Luminas are also pretty fun to look into what buffs and combos with them you can make to make your team crazy strong.


STORY  (no spoil)

I honestly didnt think at the story would be this amazing. But lets say in the two hour mark you start it, you will immediatly understand that this story is a lot more complicated than you originally thought. For 40h of story, you will keep asking yourself questions and will  leave you confused for the most game, which is to me what I like the most. I always love to make little theories and try to understand with thr clues we are being given slowly throughout the story, and surprisingly still be shocked by the turn the game took. And I was even more surprised that the story, with how complexe it was, was still completely understandable at the end. And even better when you replay it or watch others play it, understand what you didnt understand in your first playthrough. It was to me a very beautiful, tragic journey I followed with all these amazing characters


STORY (spoil)

I really didnt think I would cry this much in the game, even from the two hours mark with Sophie's death and right after, almost our whole expedition killed in a matter of minutes. I also loved the relationship (parents, siblings) Gustave and Maelle had. I remember finding them so cute and how Gustave each time tried to reassure her or joke around. So of course his death really broke me. I had to pause the game for a full day cause I kept crying hearing his name lol. 
And then the mystery around Verso and what happened really was amazing to try t understand. And when you finally do, it makes the ending choice really, really difficult. I remember for half an hour staring at my screen while trying to see the goods and bads in both ending. I did choose the Verso one, cause to me the game is about accepting and finally grieving, which we slowly did through Gustave. Of course it was devastating to see Sciel, Esquie, Monoco, Verso, Lune die.. But to me seeing the Dessendre family finally grieving reassured me into my choice. But of course I do not think there is really a good and bad one, both are horrible in their own way.


NEGATIVES

Obviously not much to say, so mostly nitpicking. In the game I didnt really have any issues. Maybe only Luminas and Pictos that are kinda hard to understand, but you can get the hang of it. Though I did make the mistake to completely forget about luminas and remembering only at the middle of the story lol. Mostly my fault but did hear I wasnt the only one. So make sure to look into them and not make the same mistakes. I did have sometimes issues where the music stopped mid battle, but that happened rarely. And also my Verso being immortal. Which was quite fun, and apparently it was a sort of combo of luminas and weapon I used accidently that made him immortal XD

The biggest issues I had but is fortunately fixed now, was a huge hardlock during Sirene fight. Basically after beating her, my game would crash no matter what I did to possibly avoid it. After a few months the issue was patched but I was still not too happy about the customer support. You basically detailed your issue, gave your computer info and.. nothing. I couldnt get any news about where they were with the issue. While I dont really blame them, since they are a small team, I would have at least like an automatic email to know when they finished working on the issue. I had to look through each patches and try to understand which one was the one I was looking for. But yeah, at least it got patched",True,2,5864
"the story rules, the combat is complex but really good, and it's different from most other games. there's no reason not to play this game if you haven't already",True,2,934
Masterpiece,True,2,3640
"Amazing game, beautifull story. I actually cried when it was over.
Had some trouble figuring out the combat mechanics a bit in the beginning but totally worth figuring that out.
Play it... now!",True,2,2757
"""For those who come after""
masterpiece of a game",True,1,4237
"""My, what lovely feet""",True,1,1692
"A game that could make a men cry. not just for the story.  But the greatness of art.    
1000/10

I played many games as every game i always found something to criticize in negative way. 
However even this game has small problem.  But all of their marvelous lore, game player, art style and especially the Audio  are beyond excellent. To  all those read this.  Just buy and play it. don't watch spoil. don't watch cast. Just play it.",True,1,9236
"Unironically, the worst game I’ve played in 2025.",False,3,3301
Everything is amazing from gameplay to story to soundtrack,True,1,2829
"hands down top 3 games i have played. no doubt, just play it",True,1,6591
"if elden ring was 10/10, then this game is 9.5/10",True,1,2388
This indie game just humiliated the entire AAA-industry.,True,1,2152
The best game ever,True,1,3793
Veri Good.,True,1,3092
I'm absolutely blown away by everything in this game so far. From the characters to the art to the story to the gameplay everything is just so beautiful.,True,1,277
This game is like an ex that is hard to forget.,True,2,5197
"🎨 Clair Obscur: Expedition 33 is more than just an RPG. It’s a story about loss, memory, and holding onto hope until the very end.

🌅 Explore a mysterious and breathtaking world
⚔️ Experience unique turn-based combat built around timing, strategy, and skill
🎭 Meet characters carrying their own wounds, fears, and reasons to keep going
🎼 Get lost in an emotional soundtrack and powerful voice performances
🖌️ Wander through landscapes that feel like living paintings — beautiful, yet heartbreaking

Here, every year matters. Every loss hurts. And every encounter feels like it could be the last.

Expedition 33 doesn’t just show you what it means to be a hero. It makes you feel what it means to keep moving forward when there seems to be no hope left.

Some games end, and you remember them.
Expedition 33 ends, and somehow, it stays with you!",True,2,3222
"Story is unique, music and atmosphere are amazing. For someone who likes story driven games , this is a must play. Combat system is timing based which brings a little extra depth to it with the parry , dodge and skill charge mechanics",True,1,4859
"I don't think there are words to properly describe how good this game is, but i'll try.
And there's never been a game that made me wanna learn how to play an instrument, before.

The story is amazing and really interesting, masterfully breadcrumbing you pieces of information to keep you interested until the end. It's so good you can actually enjoy this game just for the story alone. There's a good balance between sadness, and comical bits that are very well written. Characters are interesting and you grow attached to them quite quickly. Music is phenomenal and there's an insane amount of tracks. Combat is very interactive and can be challenging enough to satisfy both casual and tryhard players. Exploration is rewarding and there's a lot of it. Visuals are stunning, really well representing the concept of the game.

You can honestly be a turn based hater and still love this game. Because it excels in almost every aspect.

A game made with sheer passion. Most game devs should be taking notes.",True,2,5361
"Probably the best game I've ever played. Strategic yet dynamic and fun combat, breathtaking environments and art direction, intensely gripping story, hauntingly beautiful soundtrack, and unforgettable characters. If you love video games you need to play this one.",True,1,2174
"Absolutely incredible.  Combat is really engaging, music is the best I've ever heard in any video game.  And the story will have you thinking about it months after you finish.  Pure cinema.",True,1,10855
"As far as the atmosphere, music, and general vibe of the game I wish I could recommend this game. Unfortunately, I can't due to many crashes I have encountered, and of course they happen at the worst possible times. I was literally just in a boss fight that I had retried several times to finally almost having him beat and bam, freaking crash. Always the same one too, sandfallUE crash. This is an apparent problem for many users, and even though the game has been successful, the devs have not taken the time to fix this issue. I don't even know if I will finish the game at this point, I can't sit and play the game for a couple of hours without having a few crashes. I followed advice online, locked fps at 60, set the game to full-screen, but they only seem to solve the issue for a short while until the crash pops up again. The only thing I haven't tried is lowering shaders, and even if that does help, I stand by this review. We shouldn't have to adjust settings that our rigs can handle because the game hasn't been optimized correctly. You can see by PC specs that I shouldn't have any issues, and I don't with anything else in the game, it appears to run great until it doesn't. Anyway, grab it if you want to add some frustration to your life, if not, pick another title, or be prepared to tinker with the settings and deal with some crashes regardless of your rig.",False,0,1110
"Highly recommend, its got a really good story and is very well made",True,1,3873
For those who come after,True,2,669
+++,True,1,4359
Masterpiece. No other words needed.,True,1,2950
Masterpiece,True,1,1784
"200Hrs and 6 Playthroughs.
Love the game. 
My biggest complaint I have is when showing friends this game, especially my more casual gamer buddies, the way the systems are explained is similar to throwing and algebra book at a 5 year old.
Pictos, Lumina, Fight 4 battles to equip a Picto's Lumina onto any character. The Picto's have the associated stats while the lumina only retains the passive. 
It doesnt take a lot before people can feel overwhelmed with how this system works. 
I wish there was a better visual aid tutorial for this system, instead of the long winded skippable text box tutorials we got.

Everything else about this game is great, best game ive ever played. Wish i could erase my brain of the experience so i could enjoy it again",True,1,11823
gas,True,1,497
Just play it,True,1,4848
"So, a bit odd to start off with, but here we go. I don't know if its because everyone was singing its praises or because most story beats were spoiled to me by yt thumbnails, but i dont get the hype. Its good, don't get me wrong, but its not cream my pants good as so many have said.
I do still recommend it, just keep your expectations leveled and you will enjoy it more.",True,2,3259
It might've been made by the French goverment to force propagranda upon people to like Frenchies... but damn it did make a tear fall down in the end of it,True,1,2427
"Потрясающий сюжет с 1 ролика берет за душу. Впечатляющая графика, прорисовка. Управлять персонажем одно удовольствие. Добавила бы больше разъяснения про навыки, которые даются, как их использовать. И какой то навигатор, чтоб не блуждать по карте по одним и тем же местам))",True,1,2760
"There is quite a lot of mesh clipping during cutscenes that breaks the immersion, but that's probably the only thing that bothers me. I'm really enjoying every other part of the game - the story, combat, visuals, music, exploration...",True,1,3246
"Oh my, what a lovely feet :>",True,1,4352
"goty for all years to come, maelle i will protect you with my life",True,1,2811
"If you want to play Mario and Luigi Superstar Saga but with AAA budget and superbly written storytelling and characters, this is your game (not that you ever knew before that you wanted to play that).

I have thoughts on the ending. Massive spoilers:

[spoiler] I greatly appreciate that, during a time when it feels like any ending that isn’t unanimously positive and happy, Expedition 33 takes a different approach. At the end of the game, you get to choose between two endings. One ending forces the characters to face a somber reality while the other one grants the characters what they think is going to be happily ever after. 

If you choose to give them happily ever after, you’re shown an ending where sacrifices that are temporary and happiness that is eternal is nothing more than a naïve fantasy.

The other ending puts in your hands the ability to cut down that fantasy narrative and make them face reality, even when the other characters do not want to. 

I found this especially moving because after numerous brain surgeries, I was put on very powerful steroids to help me heal. They caused me to go psychotic, and I experienced wild hallucinations for a month that elevated me and my place in the world to a fantastical high. When I came down from that high, I had to face the reality that I was not in any way an auspicious or noteworthy person. I am, in fact, disabled. 

This is the same struggle that the character who wants a happily ever after goes through. In reality, she is not the hero of a fantasy adventure, she is a grief stricken and disabled woman living a sheltered life where she is overlooked at best and despised at worst. 

This game gave me a sword and told me I could live in the fantasy as long as I wanted, or I could cut down the fantasy at the expense of facing my own unremarkable true nature and disabled body. I am very thankful for that. Because that choice is something that I make every day when I get up out of bed to face the day. [/spoiler]

This is a thought-provoking and beautiful experience. Don’t let it pass you by.",True,1,1419
Fantastic! truly fantastic! one of those games where after it i had some trouble moving on to the next game,True,1,8111
Simon says,False,3,1600
Best game of all time. Made me feel alive again.,True,2,2175
An almost perfect game.,True,1,3550
"You walk around, interacting with things, you enter combat, you press button at right time or you die and start over. Super repetitive, super boring. 

Beautiful game world and characters and stuff but the combat just wasn't for me.",False,7,162
"really good mechanics and a killer soundtrack, 

not my usual type of game, but really enjoying it",True,1,260
"Amazing game so far. Only ~9 hours in but the story, music, atmosphere, and battles are top-notch. 

Definitely recommend the fix that cleans up the sharpness issues. Without it the game feels weirdly unpolished and glitchy; after the fix patch it plays and looks much, much smoother.",True,1,580
"If you like Quick time events combat this is the game for you. Also the balance it really off, everything will kill you with one combo if you are bad at QTE. At the same time by the end of the game you can kill almost anything with on e combo. The whole strategy of the game is QTE for the fist half of the game a the super bosses. The 2nd half is can you build your team to one shot everything.",False,7,1533
I genuinely don't think I will ever play something so beautiful again.,True,4,4210
Great stuff,True,1,967
I see why this won all those awards!,True,1,1990
Pretty Radical man,True,1,230
Now I get why this game won the GOTY title. It's a masterpiece!,True,1,981
9/10 would parry again,True,1,5183
"I love the music. I love the acting. I love the gameplay (never thought I would). 

P.S. Andy Serkis is great.",True,1,3107
"Best game ever. Story, athmosphere, character development, gameplay loop and especially the score - all top-notch. An incredible love for all the little details went into making this and as a results it's very hard to put down. Kept thinking about the lore and story for days. Absolute recommendation.",True,1,4174
"Its good but not great, not that into the story",False,2,763
GOY ofc,True,0,1919
masterpiece!,True,1,3640
Masterpiece,True,1,1815
This game is a Master Piece. Easily became one of my favorite games of all time! Just ABSOLUTE CINEMA!,True,1,11026
Believe the hype. Simply one of the best games ever made.,True,1,3949
Pas mal,True,2,5474
"Top 3 Story/ storytelling in Gaming easily
Amazing combat ( the parry addition to the turn based system was spot on )
Amazing characters ( Renoir , verso on top )
Goated Soundtracks
Nice Bosses , especially Simon *SPOILERS*  ( the *Remove your team from the canvas * move was Crazy )
10/10 Must Try even if you dislike the turn based genre",True,1,3676
"Very Clair, Very Obscur.",True,1,1651
"While I fully support Netanyahu & the IDF, I must say that this little project of theirs was not quite my cup of tea. Not because I dare waver my full and unconditional loyalty to Israel, but because this game dares to inaccurately portray French ""people"" in a positive light. Which, of coarse; Is not true.",False,1,3686
Parry/dodge system is so unforgiving it makes dark souls look like chuck e cheese. ♥♥♥♥ this game. I spent over an hour failing to beat the first mini boss before I gave up.,False,1,126
What a game... can't even remember the last time a singleplayer game had me hooked from the beginning till the end.,True,1,2657
"One of the best games I've ever played. The story is engaging, well written, and emotionally impactful. The gameplay loop has a nice skill based feel due to the parry mechanism.",True,1,4797
"before reading this review, know its gonnaa have spoilers, soo if youu havent played expedition 33 and wanna playy and have the best experience, then leave. if you have played and havee this heavy feelingg in ur heart, which u cant paint into any canvas, then this is for youu<3

this will not be a typical review, heck i dont even know how to revieww this gamee, its sooo indescribablee.. ill be tryingg to paint myy mushy feelinggs and emotions onto the canvas of ""review""

Clair Obscur: Expedition 33... is one of thosee games taht leaves youu staringg at the screen after the credits, completely silentt, tryingg to understandd waht youu jsut experienced. i finishedd it jsut a whilee ago, and ivee been tryingg to keep myy emotions togetherr, but i jsut cantt... its just soo ughhh... im feelingg reallyy empty, emotionall andd broken. i kneww the endingg had to happen thee way it didd, but... knowing taht doesnt makee it anyy easierr to acceptt.

thee storyy omg thee storyyy completelyy pulledd mee in. waht at first felt likee a beautiful, mysterious journeyy, it all slowlyy turnedd intoo smthh muchh more tragic... the truth abt thee familyy, the canvas, and the real verso slowlyy began to unfold... everyy revelation madee me look backk at everythingg taht happened beforee and see it differentlyy. and when thee truth abt verso finally camee out... i genuienlyy wasnt readyy for it.

then camee thee final choice...

choosing between versoo and maelle mightt be one of thee hardestt choices if not the hardest choicee ivee ever had to makee in a gamee... i chose verso... as painful as it was, i couldnt bring myselff to choose a life that i kneww wasnt real over facingg reality. thee choice still hurts likee hell... becausee maelle didnt want to leavee... the canvas becamee her homee. she had ppl shee loved, a life she caredd about, a placee where she felt likee she belonged... understandingg why she wanted to stayy somehoww makes it before moree heartbreakingg, yet... i took it from her...

and tahts waht i lovee most about this game. it doesnt givee you a easyy answer. it doesnt tell youu that reality is alwayss better jsut because its real, or escapingg into smthh beautiful is automaticallyy wrong. it makess you question... waht actually makes a life meaningfull in the first place.

watchingg the canvas dissapear and knowingg taht everyonee we met throughoutt thee journeyy was gonee, was devastatingg. even after learningg abt the canvas, i still caredd abt those characters... gustave, lune, sciel, monoco, esquie... they may havee been creations, but the emotions they madee me feel were real. at the samee time, seeingg the real verso finally becomee free brought this strangee sense of relief in thee middlee of all the grief. his story finallyy ended... even if it wasnt the ending i wanted...

now as for review part... visually, musically, narrativelyy, and emotionally, this gamee is a masterpiece. everyy part of it feels deliberatelyy crafted to makee u feel smthh. the world is beautiful in a wayy taht almost feels surreal and dreamlike, and somehow that beautyy makes its tragedyy hurt even moree.

but waht makes expedition 33 trulyy speical to mee, is taht it doesnt jsut tell u a storyy... it makes u live with its questions afterr the story is over. im still not sure what im feelingg... sad, relieved, angryy, empty or grateful... or all of them...

i just know taht i wont forget this game.
it madee me love a world, becomee attached to the ppl in it and then froced mee to let it all go...

maybee this was it... maybe this was how it should bee...

some worlds are beautiful beacusee they dont last foreverr. somee stories end so taht others can beginn... and even when we cant stayy, waht we experiencedd still lives on.

i dont think im readyy to say goodbyee to this game yett...

but maybee thats okay.

for those who come after...",True,2,3174
Best game to come out in awhile.,True,1,5757
"games story hard, the themes hit harder. Cried for a good bit at the ending. 10/10",True,0,2936
Up there with elden ring holy ive played like 9hrs today. If a game makes u a bum its a good game idek what time it is,True,3,619
goat,True,1,2899
"One of the best games I've ever played. Expedition 33 isn't something I'll ever forget. What an absolutely breathtaking experience. Merci infiniment, mes amis ♡♪

Whatever Sandfall makes in the future has created some massive shoes to fill, and I can't wait to see what they do next.",True,1,11610
Best game of the decade.,True,1,3387
it's kinda like sao s3 ngl,True,0,2790
"This is one of the best storytelling in games ever created! The music drags you trough the game in such a beautiful way. Also the combat is very fun. It's turned base but still active trough other means. Amazing! Must buy. (i aint done yet though) 

Graphics 8/10
Audio 10/10
Gameplay 10/10
Story 10/10

Overall 10/10",True,1,2639
Graphics and genuinely different storyline/world. Turn Based RPG with just enough SOUL style fight (counters and parries) to make it challenging.,True,0,893
"I bought this game for $7 equivalent because of discounts and stuff.

There was a feeling of ""holy, everything is soo good, I feel like something is awakening inside me"" when I played Elden Ring for the first time. But this game, did much much more. Playing this game has the same feeling to me as when you boot up one of your first ever games in your childhood, like everything is memorable. This game got me incredibly more intimate than Elden Ring — no harsh thing here yea, but, this is something I will always remember.

10/10",True,1,4331
"I'm not really a fan of turn based combat, but the story and visuals of this game drew me in. And it turns out that I find the combat in this game really fun after all, which I didn't expect in the slightest. All in all it's a very good game and I'm impressed",True,0,616
"One of the few games to not just meet but exceed the (enormous) hype, and one of the best games I've played in decades.  It won just ALL the awards for a reason.

Stellar soundtrack, outstanding voice cast and performances, rich characters and dialogue, a compelling story and world to explore, sometimes challenging but rewarding turn-based combat, pretty visuals... it kinda just hits on all cylinders.

I doubt it will change your mind about JRPGs if you weren't a fan, but for those who are, it's one of the best.",True,1,4778
"good story with insane visuals, very cool bosses",True,0,1476
Absolute Cinema,True,1,2892
"This is what i want (personally) from a game. A masterpiece story, Fun and lovely characters and a beautiful world. This game deserves what it got.
 
Sometimes game crash when I walk trough the portal in The Continent and it make me to relaunch game. But after all, I will put 10/10 on this masterpiece game. - 10/10",True,1,4131
Great art and music and gameplay and graphics and pretty much everything,True,0,1239
I'm a hater but I loved this game.,True,0,5810
"Its a good game. Story is really good, reminds me for some reason of Game of Thrones because of the turn of events in it. Kinda sad story overall, both endings are kinda depressing in my opion. Gameplay is unique but frustrating some time mostly because gimmick optional bosses but i like it much better than tradional turn-based games. 8\10.",True,0,3639
"exceptional game. everything about it game play, the characters, the story, the music, it's just amazing.",True,0,2538
"I started playing this game completely blind simply because a friend told me to do so, and that I wouldn't regret it. From the start it stole my heart - I only played once or twice a week since I was playing it on my friend's PS5, and I'm actually glad I did because it forced me to go though the game slowly and not finish it in a week. I fell in love with the characters, gameplay, music (God bless Lorien Testard), writing (dear God the writing - finally characters who act and talk not like videogame characters, but simply like normal people), worldbuilding, and wonderful art of the game. 
I finished the game through endless tears. I've since gotten my own copy of the game and played it once more on my own computer, getting every single achievement (Simon I'm looking at you); I've bought two more copies of the game that I've gifted to friends to force them to play it, and I've made two more friends I share the steam family with play the game. I haven't stopped listening to the soundtrack on Spotify ('promise me you'll listen to my boss theme on spotify') ever since I started playing the game, I've since gotten an expedition 33 displate for my living room and I'm planning to get an expedition 33 tattoo. 
This was just one of those instances where I came in with literally no expectations and walked away with a new favourite game that forever stole a piece of my heart.",True,0,5345
"It is a bold and efficient game, but navigating was difficult due to the lack of a mini-map.",True,0,425
"One of, if not the best game I've ever played. The gameplay itself is very cool, combining turn based combat with action mechanics (dodge & parry). 

The visuals and graphics are stunning. Even though I could not play the game at high graphics settings, I still enjoyed all the scenes and had minimum lag.

For me though, the music and story are what make this game a masterpiece. It came out of nowhere to cause unparalleled emotional damage that cannot be parried. Lorien Testard cooked insanely hard with his absolute banger of a soundtrack that lasts ~8 hours.",True,0,10327
"""whooo"" but also ""wheee"" in the best possible way.",True,2,6870
For Those Who Come After.,True,2,2530
FINALLY A GOOD RPG GAMEEE INSANELYYY GOOOD,True,1,1875
"Posting this review on behalf of my husband, who played Clair Obscur: Expedition 33 through Family Sharing. I’ve also played and finished the game myself, and absolutely loved it, so I can definitely understand where he’s coming from with this one. 😆

The following is his review:
Yes, the game was heavily hyped when it released, but having pretty much finished the game, minus some secret bosses, I can 100% say with certainty that the game deserves all the acclaim it has gotten.

The biggest thing about the game, is the combat system. Yes, it is a turn-based combat system, but in actual practice, some of the fights in the game barely feels like turn-based at all. This is because of the parry and dodge mechanic that are integral to the combat system, in particular parrying. It is hard to describe how amazing the parry in this game feels, only that it feels AMAZING when you land them and then with the follow up counter. I don't recall any games in my memory that gives me the same satisfaction as counter attacks do in this game.

Then, there's the music in the game. I don't typically take note of in-game music, but if I were to describe the music in this game in one word, it will be ""phenomenal"". And I'd like to think that the music played a very significant part in how well-received the game was. And almost each of the music tells a story, if you are interested in them. There are hauntingly beaufitul song pieces, hype battle music, relaxing background music, all of which lends itself to creating a very memorable experience.

And lastly, the story. The game explores a very interesting element and it was masterfully written, with compelling characters. The game is so easily spoilable, that writing about the story is a very difficult thing. So I will just end that the story of the game is fantastic.

Overall, having played through the entirety of the game, I believe the hype surrounding the game, was entirely justified. I am very much looking forward to what Sandfall Interactive will cook up in the future.",True,1,4787
masterpiece,True,4,4270
Game so Tight.,True,1,5577
Game's good,True,1,1053
"Clair Obscur: Expedition 33 is a beautiful gem of a game. Its heartfelt story delivers an impactful message about facing the inevitability of loss and learning to live life to the fullest, even when your days are numbered.

The developers poured their heart and soul into this game, and it shows throughout the entire journey. Every act leaves you yearning for more, and the OST deserves immense credit for perfectly capturing the emotions of each moment.

This was, without a doubt, the best game of 2025. I can’t recommend it enough to anyone who hasn’t experienced it yet.

“For those who come after.”",True,2,3642
"What a great game. Beautiful graphics, challenging fights. My only wish is that it were co-op and had a way to track side quests. But otherwise, highly recommend.",True,2,2948
w game,True,1,3967
One of the greatest games ever made,True,1,2366
GOTY winner and deserves it.,True,1,1574
amaze,True,1,210
It's a breathing painting. Gorgeous atmospheres and addictive gameplay. Really GOTY material!,True,1,621
"I hadn't heard of Expedition 33 till the 2025 game awards, when I saw that this game pretty much won every single award there. My buddy and I immediately wrote off this game as ""overrated"" or a ""sell-out"" industry plant-type of game. It wasn't until the game went on sale that my buddy got it and told me that it was very good. So I picked up the game myself and was blown away. The games I play during winter are on a whole other level. The story absolutely gripped me and I haven't been this invested in a story since the days of Attack on Titan. The designs, music, and art direction are also phenomenal and the character work is stellar with the main cast and antagonists. It has a good amount of content and a fantastic post-game that makes the game feel like a good investment without feeling overwhelming. The combat honestly reminded me a lot of the Mario and Luigi games mixed with Sekiro, with the parrying, various character work, and stuff of the like, so whatever party you set up, they can be fun in their own ways. But that ending left me devastated, and with the additional story told in the optional content, like the camp events and secrets bosses, elevate this game to such a high tier for me. What a phenomenal game, best one I've played since Elden Ring and a top 3 game of the 2020s, and it ain't #3.

P.S to my buddy, I was right, and Sciel > Lune (Me personally, but Lune is done better romance wise)",True,5,4647
Crashes all the damn time,False,1,785
"I bought the game and haven't been able to stop for 5HOURS. I had to force myself to stop playing the game. I love everything about this game from the world, the combat, the characters, the music, the story and so on. I'm super late to the party but if you haven't played this game GET IT NOW. You won't be disappointed",True,1,287
"There's no way to write a review that encapsulates how beautiful the story and characters are without taking several hours, so I'll just say 11/10, would recommend. It made me cry. The art is gorgeous. The cut scenes alone are an immersive feature film that is better than any movie I've ever seen. Catch me saying ""that's what the paperwork says anyway"" ad nauseam.",True,1,5425
"It's one of the best games I've played in the past 25 years. Lots of things to do in the end game that are challenging and fun. The story is moving, the music is excellent. The acclaim the game has received is justified.",True,1,11059
"Phenomenal game all around. Great story, characters that you actually care about, fantastic gameplay loop. Combat is fun, but can be frustrating and grindy when playing on hardest difficulty. I still recommend playing on the highest difficulty because it really puts your strategy (rpg class building) to the test if you are looking for a challenge. The art style in combat is amazing in every facet. The moves have so much STYLE, the characters have excellent dialogue, and don't get me started on how absolutely GAS the music is in this game. 

The main thing I did not like was how in NG+ you are essentially just playing the exact same game over again with just stronger enemies and slightly better loot. It would add more replay value if there were more things that were different in NG+. Things like rpg choice mechanics in quests could improve the game, but I understand why they didn't bother because the story is complex enough.

One of the greatest games of all time. 9.5/10",True,1,12268
"The story is very well put together and emotionally complex, delivered wonderfully. Don't get me started on the soundtrack. Despite being turn-based, the gameplay is very interactive and enjoyable. Exploration is good too. Honestly, the awards speak for themselves - GOTY absolutely deserved !!!!!",True,2,3445
"i finally managed to finish this game, despite struggling with map designs that were hard on my eyes. some of the maps made me feel nauseous and dizzy, but because the story was so good, i pushed myself to keep playing until the end. and it was worth it!
im at a loss for words, really—this game excels in every aspect, from the story and character bonds to the gameplay and even the soundtrack.
it also really tugged at my heartstrings and made me feel genuinely sad along with the story :')",True,25,2985
I now see why this game won so many awards.,True,1,2558
one of the best games for a couple of years,True,1,2455
"I'm wondering how this game won GOTY when it crashes not even 10min into loading in and seems to be a common problem with no solves when reading about it online. It's been over a year since the game came out and they're not even bothered to put an exit code to explain the problem instead of just a ""fatal error""

I was excited at first to see the timed combat system as I've always been a huge fan of systems like this in games like Mario & Luigi or Paper Mario
Except in this game, the timing of the attacks is meaningless, the moment button prompts appear has nothing to do with what's on the screen.
It's not just with the attack timings, the combat manages to be a lot of things but ends up being mediocre at all of it

People told me to play it for the supposedly amazing story but after over 5 hours, not only does the story gets less and less interesting, I've yet to find any reason to keep playing or attachment to any of the characters. Not like the constant crashes help with that or making any rhyme or reason of this story
Even if it was really that good, if it really is the only redeeming quality of this game, just write a book or a visual novel

and as a final message to the devs as a french person,
Vous venez du Quebec, pas de France. Non seulement est-ce que la tenue Beret et Foulard au Game Awards est ultra stereotypique, meme si ca l'etait pas, c'est pas votre culture, bande d'IA bros",False,3,318
"So far, it's living up to the hype.",True,1,302
Genuinely one of the best games I've ever played.,True,1,2285
"its the perfect mix of the difficulty from soles like games, with real time evasion/parry mechanics, and turn based strategy games. Storey was amazing too",True,1,3294
This game is pure art. Incredible atmosphere paired with great gameplay,True,1,2770
"Posso tranquillamente dire che è uno dei giochi più belli che abbia giocato negli ultimi anni.

All'inizio il combat system sembra abbastanza semplice, poi inizi a capire build, Picto, Lumina, parry e tutte le meccaniche dei vari personaggi e diventa una droga. Anche i boss opzionali e il post-game mi sono piaciuti parecchio, tanto che alla fine ho voluto completare tutto.

Ma la cosa che mi ha colpito di più è tutto il resto. La storia, i personaggi, le ambientazioni e soprattutto la colonna sonora sono assurdi. Ci sono momenti che mi rimarranno in testa per parecchio tempo.

Qualche difetto c'è, soprattutto alcune zone un po' confusionarie da esplorare e qualche attività da completista abbastanza tediosa, ma sono veramente piccolezze rispetto a quello che offre.

Sono partito pensando di giocare semplicemente un bel JRPG e ho finito per fare il 100%.

57 ore spese benissimo.

P.S. Team Verso. Sempre.",True,1,3454
Incredible,True,2,2050
"Pros: 
PHENOMENAL acting

I personally hate turn based combat, but even I really enjoyed the combat mechanics here

Some good music 

Quite the creative visuals

Decent story albeit that kinda declines in the third act. But the first two acts, it does pull you in.


Cons: 
Unbelievably overhyped to the point it has expectations it can never reach. People talk about this game like it is the greatest game ever made, when really it's like ""Yeah... it's fine. Good even, but nowhere near the second coming like people make it out to be""

Some boss fights go on WAY too long, I'm talking like 45 minutes in one fight and then on to the next one. People will argue OH BUT YOU NEED THIS SPECIFIC BUILD AND THEN DO THIS AND THAT-- Bro, if you're saying that to play the game, then you need like 10 different guides, maybe your game just isn't that good.

Them lying about using AI, regardless of them using simply as a placeholder beforehand then removing it, and lying about it is incredibly disingenuous

Story is decent, has ups and downs, but feels a little cliche at times.

Buggy, inconsistent performance even on a 5090. You will have a lot of parry timings ruined simply because of the game's un-optimization. 


If you absolutely ADORE turn based RPGs, pick it up on sale. But do not believe the hype.",False,1,8505
"Love the Game! Great Soundtrack, Lovely Soundtrack, and The map design was terific. But sometimes, this game had some minor glitch.",True,1,7410
PEAK,True,1,280
"A heart-wrenching story from start to finish, combined with a unique take on turn-based combat with active player input via the parry/dodge systems. Excited to see what comes next from this studio.",True,1,2295
Great game with a stunning story!,True,1,2166
"The gameplay was amazingly awesome, but the story… the story... omg the story...

I have never in my life cried at a game the way I did with this one. The story was extremely well made, the characters were so well written, and the world and atmosphere made everything feel even more emotional.

And the ending… extremely good. It’s one of those endings that stays with you even after you finish the game and makes you think about it for a long time.

I honestly hope they make a series or at least a movie out of this story. And I really hope the developers continue making games, because I will definitely buy whatever they make next.

An absolutely incredible game. One of the best gaming experiences I’ve ever had.",True,1,2249
"Genuinely one of the best games ever made. No spoilers, no information, just play it!!!",True,1,3308
"Sad to say it's eventually a repetitive and boring game play as soon as you reach any sort of cookie cutter build. In the end, just not very engaging. Sure, the story is intruiging and swithcing to french VO and playing it as a JPRG, makes it more barable, but honestly I was just wanting to be done with it. Frankly haven't played Act 3, but I can't say I care anymore what happens to this world.",False,0,2404
"[b]10/10[/b]

Not much I can say about this game, except play it before you die.",True,1,8131
"I start Clair Obscur: Expedition 33 knowing one thing:
this world is already counting my days.

Every year, the Paintress wakes up, writes a number, and everyone older than that number simply disappears.
No boss fight.
No last words.
Just erased — politely, artistically, and brutally.

You don’t play as a chosen one.
You play as someone already scheduled to die.
Expedition 33 isn’t about saving the world — it’s about walking forward anyway, fully aware that time is winning.

The combat is turn-based, but it refuses to feel safe.
Timing matters.
Dodging matters.
Every action feels like the game asking, “Are you sure this is how you want to spend this moment?”

The world is haunting.
Beautiful in a way that hurts.
Surreal cities, broken landscapes, and silence that feels heavier than dialogue.
Even when nothing attacks you, the atmosphere does.

And the characters…
They don’t speak like heroes.
They speak like people who know the ending and still choose to move.
There’s hope here — but it’s quiet, fragile, and constantly under threat.

• Joined the expedition → Accepted my expiration date.
• Fought beautifully → Still felt small.
• Kept moving forward → Because stopping doesn’t change the number.

Clair Obscur: Expedition 33 is art + inevitability + quiet defiance.
If you love this game… congratulations, you’re comfortable staring mortality in the face and pressing “continue.”

9.5/10 – Came for the art.
Stayed because the countdown never stops, and neither did I.",True,3,837
one of the best there is,True,1,2585
This game genuinely changed my life.,True,1,7489
"an absolute masterpiece. a must play for those who loves incredible story, turn-based combat, and actively engaging on enemies.",True,0,6019
"I believe this is the best game of all time, that should be played and experienced by everyone.",True,1,1928
"Absolutely enjoyed playing through this game. The atmosphere, story, music, and gameplay were excellent. I'll definitely have another playthrough to see what I might have missed the first time through.",True,1,3253
"The story and music in this game is insane, i am not particularly fond of crazy millisecond time frames for blocking and such so i was getting my ass kicked at default, but story mode still presented a nice enough challenge to free achievement. Not much wonder why this game was GOTY. Their next game could be a damn waifu dating sim and i'd buy it based on quality expectation alone.",True,1,1342
10/10 game,True,1,747
"Met my expectations, exceeded them, then just kept going. Fantastic story-telling, soundtrack, and combat system.",True,1,2458
"This game is awesome, I looooove it, absolutely love it.",True,1,2150
"Masterpiece. Best game of all time. Its a 33/10 game, must play. The fact that its the first game from Sandfall Interactive and there was 30 people on the team is absolutely stunning.",True,1,2103
"love the music, artstyle, and the gameplay in general. lovely storytelling too

The only downside is that they speak the the devilish language. The root of all evil. French.",True,1,2008
"Fantastic story, fantastic music, and a fantastic combat system. This will remain my absolute favorite game for a long time to come.",True,1,4635
"Play it.

I hate turn based games but this isnt just a game, its ART. 

PLAY IT.",True,1,6698
"this game i played it twice and never get bored about it, its a goat game",True,1,8436
"Hands down one of the best games I have played in the last 10 years. Masterfully written and paced story. The gameplay is so fun that I am sometimes glad to be defeated in a fight just so I can replay it. Stunning art direction and visuals, everywhere in the game... The music is a masterpiece of its own; Lorien Testard and Alice Duport-Percier did an INCREDIBLE job.
Play it if you want to know what a good game is.",True,1,2807
Light the way,True,1,1040
"incroyable. c'est une grande force quand un jeu se rend rejouable. je veux y rejouer maintenant que je le vois sous un autre angle — et je vais le faire.

mais pour moi, c'est 1/5 de la longueur narrative que ça aurait dû avoir. je suis sortie du jeu plus affamée que nourrie. presque chaque scène est précipitée — quand je les revisite dans ma tête, je les étire, je les laisse respirer, et elles frappent encore plus fort comme ça. je ne pense pas que ce soit un problème de petit studio, je le vois constamment : les jeux sont optimisés loin de leur propre narration, même quand ils sont implicitement portés par elle.

les premières heures méritaient de respirer. moins d'ennemis empilés partout, plus d'espace pour être seule avec le monde avant qu'il change sous tes pieds. et l'exploration — il y a des zones magnifiques où tu as hâte d'entrer, et c'est une seule petite pièce avec un disque de musique. une capture d'écran du décor au lieu d'un endroit. parfois il y a tellement d'ennemis collés ensemble que tu ne peux même pas profiter de marcher dans le paysage. c'est peut-être juste moi : quand quelque chose est bon, je veux que ce soit sa meilleure version.

le combat : apprendre les timings de parade est réellement addictif. la difficulté oscille — trop facile, puis trop dure — mais construire une équipe avec de vraies synergies, c'est là que c'est le fun. c'est très satisfaisant de voir ta composition enfin fonctionner. par contre, essayer d'autres builds demande beaucoup de grind, donc le jeu te pousse soit vers un seul style de jeu, soit à exploiter les faiblesses des monstres avec du loot moyen. une fois engagée dans un build qui marche, tout reconstruire devient trop pénible — même quand j'en avais envie, il y avait trop de résistance.

et la musique est incroyable. la bande-son fonctionne encore mieux avec le jeu — elle est une partie énorme de ce que tu ressens, dans les boss, dans les moments. c'est le genre de chose qu'on ne remarque pas quand c'est bien fait, mais qui manque terriblement quand c'est absent ou raté. là, c'était si bon que je l'ai remarquée quand même.

l'histoire m'a vraiment touchée, beaucoup de thèmes me touchent de très près. elle est magnifique et elle fait mal de la bonne façon — les gens ne se parlent pas, ne réparent rien, et c'est du mauvais-bon. mais les interactions entre les personnages restent minces : le jeu te donne une petite cinématique et te demande de fournir le poids toi-même. j'aime quand un jeu me laisse sentir la gravité de mes décisions sans que je doive faire le travail à sa place. et après la fin, rien ne change — pas de dialogue, le monde ne réagit pas du tout à ce que tu as choisi.

✦ ──── et pourtant ──── ✦
et pourtant. ce jeu ressemble à une maison, et ça m'a surprise. j'espère que leur prochain jeu arrive vite et qu'il est plus long (；′⌒`)( ﾉ ﾟｰﾟ)ﾉ",True,1,7091
"This game wrecked me in the best way possible.I sank 61 hours into it over the months, started back in May, and finally hit “The End” on September 12. Went from the first steps in Lumière all the way through Spring Meadows, Flying Waters, Ancient Sanctuary, Gestral Village, Esquie’s Nest, Stone Wave Cliffs, Forgotten Battlefield, Monoco’s Station, Old Lumière, both Axons, the Monolith, beating the Paintress, and returning home. Unlocked every party member, maxed relationships with Sciel and Esquie, learned all of Esquie’s abilities, and knocked out a bunch of the combat-focused achievements (Overcharge Breaks, Perfect Flow with Lune, Synergy with Maelle, Maximisation with Sciel, Rank S with Verso, Wheel Control with Monoco, etc.). Still missing some of the heavier completionist stuff like all journals, all music records, fully upgrading a weapon, level 66/99, and the no-damage boss challenges — but the main journey is done.The story hits hard. That whole setup with the Paintress painting a number every year and people past that age just… vanishing is simple, bleak, and incredibly effective. The characters feel real, the voice acting is excellent, and the writing balances melancholy, wonder, and the occasional dark humor perfectly. The Belle Époque-inspired world is gorgeous — dreamy, painterly, and full of atmosphere. Combat is the real star though: turn-based with real-time timing elements that keep every fight engaging. Building around each character’s unique mechanics is super satisfying, and the bosses (especially the Axons and the Paintress) feel like proper tests.It’s not perfect. It’s more linear than a lot of big RPGs, and once you finish the main story there’s still a chunk of side content and mastery left if you want 100%. But for a debut from a small studio, this is an absolute triumph. The presentation, music, combat, and emotional payoff are all top-tier.If you like stylish, story-driven RPGs with actual mechanical depth in the battles, just play it. 61 hours well spent and I’m still thinking about it. Highly recommended.",True,2,3649
Loved this game,True,1,2722
fantastic story so far,True,1,277
Leaving a positive review for those who come after.,True,1,4200
It was good,True,1,2689
lowkey a concert masquerading as a game,True,1,1755
What is there to say. This game is excellent in every way. With the story being the crowning jewel.  All on top of adding new systems to the genre. Well worth the investment.,True,1,1709
"I believe this game deserves the praise it gets. However, I cannot get myself to enjoy it as much as other people. I hit act 2 and nothing about the story really clicked with me personally. The only thing I really did enjoy was the combat, which got way too repetitive for me. I would definitely recommend this game for people new to turn based games, or to someone very interested in this genre. I will say its very impressive a game like this was made by such a small group though. Hopefully that talent leads to more games like this, but again, I did not find myself liking this game as I had hoped.",True,1,273
"[h1][b] TLDR: Stunning art, incredible music, and a brilliant turn-based combat system make this an easy recommendation and an absolute must play. [/b] [/h1]

[h1]PROS: [/h1]
➕Music
➕Graphics
➕Intriging plot
➕Turned based combat + Dark Souls mechanics work very well
➕Lots of optional (often incredibly difficult) content
➕Good build potential

[h1]CONS: [/h1]
➖Animations, especially in cutscenes, appear a bit stiff (Unreal Engine issue)
➖Some audio bugs in battle with crackling music
➖Menu sorting, like by level or power,  is never saved between sessions. Menu sorting also lacks options like sorting Monoco’s dozens of skills by type (mask color) 

[h1] [b] Content (Game world/Narrative) – [10/10] [/b] [/h1]
The game world is exquisitely created. Not only is it a sight to behold, like a living painting, but it is created well for gameplay elements like traversal and minigames. There is a wide variety of different biomes consisting of beaches, snow, and many that don’t fit into a classification due to being of more abstract nature. 
The areas are mostly linear with some side paths that usually involve a fight and a treasure item - currency/gear. 
I would say the game world is amazing and a huge part of what makes the game so special. 

The narrative is super intriguing, but doesn’t finish as strong. At the start of the game, you set out on expedition #33. There is something called a “Gommage” where everyone who is of age or older are “Thanos snapped” out of existence. So the people who are going to disappear during the next Gommage set out on an expedition to try to put an end to all the death. 
When arriving at the expedition landing point, it’s like you’re walking across decades of lore and the result of failed attempts that push only slightly further to make way for the next expedition. It’s grim, it’s dark, and yet hauntingly beautiful. 
I was immersed right from the get-go and while the plot didn’t end as strong as it started, it kept me interested throughout. 

[h1][b] Gameplay (Mechanics/Difficulty) – [9/10] [/b] [/h1]
The general gameplay loop consists of going to a designated area, fighting your way through enemies via turn-based battles, and eventually ending on a boss fight with long cutscenes sprinkled in between. 
This being a turned-based RPG truly sets the bar for the potential of turn-based games. The combat flawlessly weaves in dodges and parries into the combat that turns the combat into a fast-paced and insanely engaging difference from other turn-based games like Final Fantasy. 
The game's progression system is interesting in that it’s deceptively simple, yet opens up as the game advances. Instead of a large amount of gear, you get a weapon and 3 “Picto” slots, which are basically accessory slots that give passive abilities. The catch is that you can unlock those Picto abilities to equip on any character by using points they get when leveling up. It reminds me of Final Fantasy 9 how you use a piece of gear in enough battles and you can unlock the passive abilities to equip without the gear (just on any character here). The equipped Pictos combined with the weapon passive combined with character skills, of which you can have 6, allows some fairly intricate build potential, especially as you progress in the game and unlock some crazier abilities. 

The difficulty is good. I played on Normal difficulty and was challenged, but rarely died. The game is exceptionally forgiving in allowing you to redo fights or just simply backout of fights. The game uses a lot of Dark Souls mechanics though dodges and parrying, but doesn’t actively punish you for failing, which is great for experimentation. 
However, there are optional bosses, and unless you are either insanely overleveled/optimized or a god at parrying/dodging, you’re going to constantly get 1 or 2-shot. The optional content is no joke (look up the Simon fight on Youtube). 

[h1] [b] Technical (Graphics/Performance) – [10/10] [/b] [/h1]
The graphics are exceptionally good. This is easily PS5-era fidelity and beyond. The cutscenes look stellar and the area's art style is phenomenal. 
The performance was perfect. I played the game fully maxed and ran into no issues at all. 
Perhaps the only thing I can nitpick here is with the Unreal Engine making animations and movements stiff, floaty, and often going through the environment. This is a consistent thing with 3rd person UE games and it’s still noticeable here, despite the otherwise beautiful looking setting. 
I did encounter a bug that seemed to have a lot of discussion online - audio crackling during combat, which is a shame because the music is SO good. I wasn’t able to find a fix for this, despite all my other games sounding fine. 

1440p @ 240hz | installed on SSD  

[h1] [b] Audio – [10/10] [/b] [/h1]
I absolutely cannot stress enough how amazing the music is in this game. Simple random encounter fights have musical scores that rival end boss fights in other JRPGs. The soundtrack is so good, that I literally added multiple songs to my Spotify playlist. 
Aside from the amazing soundtrack, the voice acting is very good, a slight complaint being how there are 4x “Rough & sandpaper” voice sounding male characters. The men badly need some diversity. 

[h1] [b] Replay Factor (Longevity) – [4/10] [/b] [/h1]
There is a NG+, but due to lack of player choice and a mostly linear game, there isn’t a whole lot of replay value. 
There is a lot of optional content to do and level up, but as far as having a different experience or outcome when replaying the game, it’s not really possible outside of builds, which don’t open up fully until the endgame anyways. 

[h1] [b] Final Verdict – [9/10] [/b] [/h1]
Clair Obscur: Expedition 33 (COE33) has fully earned the award of Game of the Year 2025. I was constantly impressed, over and over again, as I played through the game. It’s truly an experience. The hardest part for me is to decide whether to rate this game a 9 or a 10. 

Let’s talk about some negatives, and there aren’t many at all. 
I mentioned above how the plot doesn’t finish as strong as it starts. Once I hit Act 3 and the big reveal presented itself, I was a bit letdown after learning that [spoiler]the entire world that the expedition takes place in isn’t really real[/spoiler]. It’s a fairly old narrative deflection and kind of made all the amazing lore in the beginning not as meaningful. But still, at that point I’m 40 hours in and no way I’m stopping. 
Other than the small narrative gripe, there’s just some other smaller things - UI sorting isn’t as good as I’d like, Unreal Engine feels like the typical crappy UE at times

The good? SO much. The game is simply phenomenal. The narrative starts out so strong that it's hard to put down. There are so many mysteries and questions that I have to know, it’s like reading a good book. 
The music is astounding. I can’t get numerous songs out of my head and they are on my Spotify list now. 
I think more than anything is that E33 shows the potential that turn-based RPGs still have. While games like Final Fantasy have moved into more action-oriented combat, E33 has taken the classic turn-based formula and just smacked on the Dark Souls mechanics to turn it into some of the most exciting combat I’ve ever played. It’s truly game changing and I hope more games follow the blueprints laid here to inject new elements into old systems. 

Overall, I fully recommend this game. I decided to give it a 9/10 due to the low replay value and the small narrative fumbling.

[h1] [b] Recommend? (Price) [Y/N] [/b] [/h1]
[h1]Yes[/h1]
$50 is worth it to me considering I played for 50+ hours. I would say that anything below $30 is a steal, but Steam’s historical low is around $40. 

You can find my curator page here: https://steamcommunity.com/groups/Synik_GR",True,4,3070
incredible,True,4,2123
CINEMAAAAAAAAAAAAA,True,1,6408
Great turn based action RPG,True,1,335
monoco is my husbando.,True,0,22
It insists upon itself.,False,3,3761
I heard this game was well received and gave it a try. its has become one of my top favorite games ever. I havent been so hooked on a game in a long time. it is the most visually stunning game I have ever played. combat was unique and so much fun yet very challenging. the story was beautiful and captivating. I can go on and on how much I truly enjoyed playing this... thank you for this experience and absolutely highly recommend to anyone who enjoys story driven games.,True,0,15800
"A magnificent, heartbreaking experience that made me feel deeply melancholic, yet I recommend this game without hesitation, as it is arguably one of the best games I have ever played. 10/10",True,2,3878
The atmosphere and gameplay are both superb. It's been a good minute since I've enjoyed a game as much as this.,True,0,1494
"I can't really express how much I ended up loving this game. It's beautiful all around-beautiful graphics and beautifully written. A great story about grief and how we all deal with it differently. The immersive, active turn based combat is fun and doesn't feel too tedious. I have to admit, I was really bad at timing for countering in the beginning, but caught on and was a pro by the end haha! This game for me is up with all my top favorite games.  Highly recommend",True,1,4274
A beautiful masterpiece. 10/10 would want to experience this for the first time again.,True,3,3255
"Its peak, after act 2 i didnt like the game as much, i didnt really like the whole idea of the canvas and how it was all fake* at first but then it made for a really good ending so thats why its a frustrating 9/10, its actually great nothing wrong with it i just found act 3 a little annoying because there was no clear direction and was scared to overlevel.",True,1,2588
"The most beautiful game I've ever played from the bosses, music, and designs",True,1,2564
perfect,True,1,477
Gave it a try but it is boring and overrated. No wonder the devs are French,False,3,300
"i should have played this game earlier, what a game",True,1,5726
if you can get past the fr*nch this game is really cool!!!!!!!!!!!!,True,1,728
The only game that made me cry.,True,0,1621
"The game is incredible in every imaginable way. It's an absolute masterpiece whose only flaw is its ending, which is ultimately too minor an issue to keep it from claiming its spot on Mount Olympus. What it does well, it does with such brute force that very few games in the genre can even compare. Following in the footsteps of the Xeno series (including Xenogears and Xenosaga) and Sakaguchi's work (FFX and Lost Odyssey being far more than just influences), it stays etched in your heart and tears you apart. Even if I didn't fully connect with some choices in the third act feeling it needed a bit more (making it the only ""bad"" thing), we can hardly treat it as a dealbreaker that ruins the experience for most people. From my point of view, I'm not entirely sure if I can place it among my absolute favorite games, but it's really, really close that's for sure.

It’s probably the most important JRPG in years, and it isn't even Japanese, since Japanese turn-based JRPGs—unless they’re Persona—are stuck in a very cozy niche. There are plenty of reviews saying it doesn't reinvent the wheel and that many games in the genre do almost the exact same thing, but no ♥♥♥♥♥♥♥ way am I going to recommend the Trails series or a 20-year-old game to someone who isn't already a fan of the genre or fine with playing something old.

P.S. Don't use AMD FSR on Linux, it looks like ♥♥♥♥. Use TSR instead.",True,1,3708
Beautiful game. Deserves all of the praise it gets. Truly feels like an innovation on so many RPGs that came before it without losing what made those games so special.,True,1,2118
"This is a fantastic game, both the visuals and the world-building feel incredible. The mechanics feel traditional yet innovative, never burdening you with a tedious slew of items. Each character features a completely unique playstyle, making them incredibly rewarding to master. What I loved most is that combat encounters never feel like a grind or something to avoid. Instead, you actively want to hunt down every enemy because the potential rewards and upgrades are actually worth it. Clair Obscur does a phenomenal job of encouraging and rewarding exploration. At its core, this is a beautiful story about loss and grief that is best experienced firsthand.",True,1,2217
"---{ Graphics }---
☑ You forget what reality is
☐ Beautiful
☐ Good
☐ Decent
☐ Bad
☐ MS Paint

---{ Gameplay }---
☐ Masterpiece
☑ Very good
☐ Good
☐ Good but repetitive
☐ Mehh
☐ Watch paint dry instead

---{ Story }---
☑ It'll replace your life
☐ Great lore
☐ Good
☐ Average
☐ Skip all cutscenes
☐ No story

---{ Audio }---
☑ Eargasm
☐ Very good
☐ Good
☐ Decent
☐ Bad
☐ I'm now deaf

---{ Audience }---
☐ Kids
☑ Teens
☑ Adults
☐ Everyone

---{ Difficulty }---
☐ Just press 'W'
☐ Easy
☐ Normal
☑ Significant brain usage
☐ Difficult
☐ Soul-crushing

---{ PC Requirements }---
☐ Potato
☐ Decent
☐ Fast
☑ High-end
☑ Rich boi
☐ Ask NASA if they have a spare computer

---{ Grind }---
☐ Nothing to grind
☐ Isn't necessary to progress
☑ Average grind
☐ A bit tedious
☐ Too much grind
☐ You'll need a second life for grinding

---{ Game Time }---
☐ Quick coffee break
☐ Short
☐ Average
☐ Long
☑ Very long
☐ To infinity and beyond

---{ Price }---
☐ Free to play
☑ Worth the price
☐ If it's on sale
☐ If you have spare money left
☐ Not recommended
☐ You could also just burn your money

---{ Bugs }---
☑ Never heard of
☐ Minor bugs
☐ Can get annoying
☐ Ruining the experience
☐ The game itself is a big terrarium for bugs
☐ Complete glitch fest

---{ ? / 10 }---
☐ 1
☐ 2
☐ 3
☐ 4
☐ 5
☐ 6
☐ 7
☐ 8
☐ 9
☑ 10

Note : The music legit cinema Deserved Game of the year.",True,1,2389
Generational masterpiece,True,1,2866
"a true masterpiece. i was so happy to see such a small team create such an awesome game, outperforming whole studios with millions to spend on games that crash and burn. the music, the story, the gameplay... the team deserved all the rewards they won.",True,0,2440
"Expedition 33 is one of those rare games where almost everything came together for me: the world, characters, music, combat and story all feel like parts of the same thing rather than separate systems.

I expected to enjoy it, but I didn’t expect to become this attached to it. The art direction is incredible, the soundtrack stays with you long after you stop playing, and the combat manages to make a turn-based RPG feel active without losing the part I actually like about turn-based games.

But the reason I love it is the emotional side. The game is beautiful, strange and often genuinely sad without constantly trying to remind you how emotional it is. By the end I cared about the characters and the world far more than I expected to.

There are plenty of great games that I finish, appreciate and move on from. This wasn’t one of them. I still want reasons to return to it.",True,0,16165
"This is a hard one to judge. For me, I have to give it a downvote because I have dropped the game in the second act. I picked up this game while it was on sale after I saw it win the GOTY and because there was so much praise for the game online, some of the praise deeming it an amazing game. While I do see it's merits, I don't get how it won GOTY.

The story is fine, although the execution for me is pretty poor. The dialogue is a trek to get through, even on auto play it can be very long (many pauses) and is not particularly engaging. There is a moment at the beginning which is very heartfelt and while I did feel it, it was not super moving to me as I struggled to connect to the characters. A similar moment later in the 1st act also had me feeling a little underwhelmed to what was supposed to be a very emotional scene.

Upon further research online, it is a game that I think has gotten a little overhyped and I think in part that is because of the support of the studio that made it, which is fair enough. There are those that love it and generate the hype and those that are similar to me and wish they could get their money back. I'm happy to support a smaller studio but this really missed the mark for me.

As for gameplay, it is turn based although there is a lot - a LOT - of parrying and dodging and even on 'easy mode' i.e. Story mode, which I later tried out as I was getting quite frustrated with the bigger boss battles, it was still the same type of fighting style although your health degenerates significantly slower.

Ultimately, I got bored and as the story just wasn't grabbing me or perhaps because of the slow tempo, I just found myself getting more and more frustrated. A lot of the enemies also started to showcase similar fight styles so again, bored.

If you're unsure about this game and are not sure whether or not to give in to the hype, I would say to not let it put you off but try to get the game on sale or on a play pass - which others have recommended online.

Oh, you'll also need something good to play it on because the graphics can be rough.",False,5,1572
"It has been one of the best experiences of my gaming life; everything about it is beautiful—the story, the performances, the sound and music, and the gameplay itself. It was crafted with excellence. I envy anyone who hasn't played it yet.",True,0,6934
GOAT,True,0,4349
Very addictive...story is fascinating...turn based combat is well structured and much more challenging than I would have expected.  The Gestral Beach arcade almost ruined the whole game for me.  The programmers need to revisit those as you have tried to create a precision moveset test with an incredibly janky model moveset.  It doesn't work and just detracts from an otherwise incredible game.,True,1,2711
great story bad game,False,2,1551
The Game is one of the best of all time!,True,1,3357
"It's hard to say anything about Clair Obscur: Expedition 33 which hasn't been discussed ad nauseam. Winning Game of The Year amidst myriad other accolades, this game stands among some of the most successful titles in recent years. Such fandom and furore can often lead to a game's reputation overshadowing the experience itself, leading to disappointment as it fails to meet the impossible standards that have been set. Yet, even in the context of near endless praise, I feel so lucky to have had the opportunity to play this game. Expedition 33 is weird, beautiful, mysterious, surprisingly deep and, most importantly, incredibly fun. A few months after finishing this game, I write this review with a palpable sadness that I cannot experience it for the first time again. Despite some small drawbacks, if this game doesn't deserve a 10/10, then which does?",True,0,3598
"Amazing game, beautiful OSTs, heart-wrenching storyline, cool characters, great graphics. What more could you ask for? There's a reason this game won so many awards, it's got easily 50-60+ hours of content, if not more, in it, and I'm on my 3rd playthrough(first two were on Xbox). Worth a grab whether on sale or at full price.",True,0,862
art,True,1,1321
overhyped qte simulator,False,4,438
"I wouldn't say Clair Obscur is a bad game but it didn't click with me; I think it's not a game for everyone. I wasn't much of a fan of the very corridor like areas, the animations or some parts of the UI, but what I really disliked was the combat.

What you have to know about combat is that it's a classic turn based jrpg combat style in the line of games like the FF1-9 era, which is fine, but with a twist : You can evade or better, parry attacks. This mechanic was (for me) both not enjoyable and a bad design decision. if you get the timing right, parrying means that you take no damage at all and also retaliate for massive amount of damage.
Having to perform QTEs on both attack and defense is very much not my thing, and that can be worse if you're bad at it, and it's a complete mess of balance because your build, your gear becomes irrelevant. Yeah maybe the fight will take a bit more time if you got no gear and crap build but as long as you can't take damage who cares right ?
Not only the parry/evade mechanic is broken, but it's kind of mandatory too because it's very likely you won't be able to outright tank some enemies, even on easy mode, so you HAVE to engage with this system.

I played up to the level 20 or so, and up to that point I didn't need to learn a single spell, didn't rank a single stat and barely interacted with the passive system; my characters were just straight out of the box so to say. I just parryed my way to victory... This made the game very boring to me, and after 6 hours I was forcing myself to play so I gave up.",False,15,391
8 out of 10,True,0,1059
"b, b, b, dead",True,1,342
"One of the worst games I've played. The combat is boring and uneventful, the dialoges can't be partially skipped (you either skip the whole thing or watch all of it), the ""open world"" sucks. You basicly feel like trapped, with only one way to go forward. I tried to come back to this game many times but each and every one I get the same feelings. There are things that this game does well too: amazing graphics, chsrming ambiance and  top tier music.
Overall tho the experiance is lacking compared to the hype.",False,2,481
GOAT game,True,0,5632
прекрасновое,True,0,1892
"I probably don’t even need to write this review, with over 100,000 reviews and a glowing 96% score, the praise speaks for itself. But I couldn't agree more.

This is hands-down the best narrative-driven game I’ve played in years. The only thing that comes close to this caliber of storytelling for me is Cyberpunk 2077, and they’re so different in genre that it’s almost unfair to compare. Is this the best AA game ever made? Honestly, I can't think of anything that comes close. The story, soundtrack, and combat are brilliant, the English voice acting is on another level, and the characters will stay with you long after you finish the boss.

If I have any complaint, and it’s a minor one more than anything, it’s on the technical side of the visuals. The graphics aren't bad, but they don't quite match the sheer polish of everything else. It took me a couple of hours to adjust to a persistent grainy texture that lingered even with film grain turned off, and having to download a mod(!) just to uncap the 30fps cutscenes on PC was a bit annoying.

And you know what? I don’t even normally LIKE this style of combat. I’ve tried Final Fantasy and Persona in the past, but always burned out after 8–10 hours. With Clair Obscur, I just couldn't put it down. It has that rare, addictive ""just another 30 minutes"" pull because the story is deeply intriguing and so masterfully paced. It doesn't drown you in one massive exposition dump only to leave you dry for hours, nor does it pad out its runtime with a billion meaningless quests. Every moment feels intentional.",True,0,1295
"Don't play if you hate French. (genuinely amazing story, music, and turn based combat)",True,0,3447
"The combat system is highly engaging, featuring turn-based mechanics with active parries, dodges, and rhythm game elements that demand constant attention. The visuals, inspired by French art, create a stunning atmosphere, complemented by an outstanding soundtrack that enhances each scene and character. This game is a masterpiece hence a must-play.",True,0,3492
Unfortunately: [spoiler] act 3 [/spoiler],False,0,3533
"Really enjoyed the combat mechanics and the creative direction of the game but it's not without its flaws. What bothered me the most: 
-Exploration got a bit tedious and boring after a while as it boils down to running around all the nooks and crannies of each location to collect just a few types of loot without much variety or surprises.
-Similarly, leveling relationships with your companions started feeling a bit artificial and like a chore towards the end of the game when you had to trigger multiple companion cutscenes in a row
-Difficulty balance is off, I was ridiculously OP towards the end which ruined the final boss fight for me. In hindsight, I shouldn't have tried to clear the open world before proceeding to the final location but I think it's a natural thing to do at that point in the game

In short, I expected Clair Obscur to blow me away but it didn't - it's still a solid game though worth spending your time on.",True,0,5795
"For those who love play turn - based game, its a must play game. Great soundtracks, combat mechanic is absolute cinema. Graphic is spectacular as well even as low setting. Highly recommended !!!",True,1,2026
AI slop,False,1,2081
"Gameplay is great, story is great, visuals are great. You just shouldn't have to install 4 mods to get this thing to run decently. Still crashes once every other cutscene. Apparently this doesnt happen on console so buy this literally anywhere else other than steam.",False,1,4121
Haven't finished the game but putain it's good,True,1,1429
PUTAIN,True,1,7133
:),True,1,253
Dim dim da la la...,True,1,5857
"art? Flawless.
Music? Flawless.
Graphics? Flawless.
Bosses? Flawless.
absolutely deserved game of the year anyone who disagrees hasn't played the game",True,1,4459
"A wonderful emotional and thought provoking masterpiece.  The game's writing, music, gameplay, and visuals are one of the best I have experienced so far.   As of now, it is the best game I have experienced so far.  Add this on your wish list and bump it up the queue!",True,2,24846
"The story didn't hook me and I didn't like the combat. 

Also French devs.",False,2,256
good game,True,1,1842
It will be hard to top this game,True,1,2627
"honestly, what final fantasy should have become.",True,2,2837
"a year later and im still listening to the soundtrack, ridiculous good game and i CRAVE for another turn based game with parry mechanics",True,1,5630
ABSOLUTE CINEMA,True,0,3168
[b] Losing a rock [/b] is better than [b] never having [/b] a rock-Esquie,True,0,3027
"Massively overrated.

No strategy required for combat, Just memorize enemy attack patters and parry. 

The story is mediocre

Definitely not worth the price. 

Do yourself a favour and play witcher 3 instead if you havent and want a worthy game of the year,",False,6,2417
"[h1]Euro JRPG[/h1]
First off the in-game cutscenes are amazing. The story is also well done and makes you care about the characters. Combat while turn-based feels fast and impactful. Be prepared to get absorbed in the world and find every corner in a level because exploration is rewarding as it can give you lots of buffs and stat bonuses. I like that the game is only about 38 hours long without the optional stuff. It's not a bad amount of time, short and sweet as they say. The only tiny downsides for me personally is that the game feels dark for a JRPG and the story feels rushed near the end. But those are small negatives and the positives far greater. Overall I get why this was game of the year, it's something special.

[b]Recommended[/b]",True,5,2285
excellent game,True,1,1952
"---{ Graphics }---
☑ You forget what reality is
☐ Beautiful
☐ Good
☐ Decent
☐ Bad
☐ Don‘t look too long at it
☐ MS-DOS

---{ Gameplay }---
☑ Very good
☐ Good
☐ It's just gameplay
☐ Mehh
☐ Watch paint dry instead
☐ Just don't

---{ Audio }---
☑ Eargasm
☐ Very good
☐ Good
☐ Not too bad
☐ Bad
☐ I'm now deaf

---{ Audience }---
☐ Kids
☐ Teens
☑ Adults
☐ Grandma

---{ PC Requirements }---
☐ Check if you can run paint
☐ Potato
☑ Decent
☐ Fast
☐ Rich boi
☐ Ask NASA if they have a spare computer

---{ Game Size }---
☐ Floppy Disk
☐ Old Fashioned
☑ Workable
☐ Big
☐ Will eat 15% of your 1TB hard drive
☐ You will want an entire hard drive to hold it
☐ You will need to invest in a black hole to hold all the data

---{ Difficulty }---
☐ Just press 'W'
☐ Easy
☑ Easy to learn / Hard to master
☐ Significant brain usage
☐ Difficult
☐ Dark Souls

---{ Grind }---
☐ Nothing to grind
☑ Only if u care about leaderboards/ranks
☐ Isn't necessary to progress
☐ Average grind level
☐ Too much grind
☐ You'll need a second life for grinding

---{ Story }---
☐ No Story
☐ Some lore
☐ Average
☐ Good
☐ Lovely
☑ It'll replace your life

---{ Game Time }---
☐ Long enough for a cup of coffee
☐ Short
☑ Average
☐ Long
☐ To infinity and beyond

---{ Price }---
☐ It's free!
☑ Worth the price
☐ If it's on sale
☐ If u have some spare money left
☐ Not recommended
☐ You could also just burn your money

---{ Bugs }---
☑ Never heard of
☐ Minor bugs
☐ Can get annoying
☐ ARK: Survival Evolved
☐ The game itself is a big terrarium for bugs

---{ ? / 10 }---
☐ 1
☐ 2
☐ 3
☐ 4
☐ 5
☐ 6
☐ 7
☐ 8
☐ 9
☑ 10",True,95,7019
peak game shiphai yed mea game kod peakk,True,1,3280
"I've never been a fan of this kind of gameplay, but the game is absolutely fantastic—the music, visuals, and atmosphere are all top-notch, and it has an excellent storyline, though it lacks a proper ending. It's a shame there are so few games like this—you can count them on one hand—but it definitely deserves the Game of the Year award. 12/10",True,1,1839
For those who come after.,True,1,2731
"Clair Obscur: Expedition 33 is, without a single shred of doubt, the best game I have ever played. To call it a mere ""video game"" feels like an insult to what Sandfall Interactive has achieved. This isn’t entertainment; it is a transcendent, towering work of art that completely broke me emotionally, leaving a profound ache that I still can't get over.

A Living Canvas: The ""Belle Époque"" art direction makes every single frame look like an oil painting. The world design matches the surreal, majestic scale of titles like Elden Ring.

A Masterclass Soundtrack: The music is indescribably beautiful and infectious. It swells perfectly with the tragic weight of the story, serving as the ultimate emotional amplifier.

Revolutionary Combat: It completely revitalises the turn-based genre. By layering real-time parries, dodges, and rhythm-based counters onto classic menu execution, every battle feels tense, active, and rewarding.

Flawless Performances: Backed by an all-star voice cast (including Charlie Cox and Andy Serkis), the dialogue sounds incredibly grounded, natural, and painfully real.


Clair Obscur: Expedition 33 is a once-in-a-generation masterpiece!!!",True,2,1384
"I played a lot of the game thus far, and I have to say, like every other review in here that is a thumbs down, I have mixed feelings about this game. It's beautiful, cinematic, colorful and flashy and dayum did they nail the face expressions in the dialogs, even the small unrelevant dialogs feel compelling because of it. And don't get me started with the music, that stuff is actually what brought me back into the game after i quit it after several hours of playtime the first time. 

But, this is a negative review, so why the high praise? Well, this isn't a game really, or to put it better, the reason this game is so well beloved is probablly not the gameplay aspect. They experimented with two aspects, pairing a classic RPG with Parry Mechanics from Soulslike games. Refreshing the classic JRPG formula is kinda neccessary to reach the broader market nowedays, and it can work, see FF7 remake with the hack and slay generic autoattacks, Undertale with their pacifist approch or Inscryption if your into some horror deckbuilding. But the parry mechanic completly removes the strategy aspect of the game. It doesn't matter how you build your characters, the parry mechanic is the one and only key to this game. Most of the game I just ignored the pictomechanics, level ups and character customization, and when I finally thought to myself that it's kinda time to take a dive into the level ups again, I barely noticed a difference. As soon as a boss just permantly removes a member from your party, should you fail to parry (you cant even revive them) you kinda feel like strategy means nothing in this game. Sure it made the boss badass, and sure you can easily learn to parry it after at most some tries, but this really shows the priorities of the game. Parrys above all, and stratgy is more of an afterthought to pretend that there is actual gameplay hidden in the ""learn-the -parry-pattern"" game. It feels tiresome to play the game, especially if you fight the same enemies multiple times and have already mastered the parry timings, then it's just stupidly playing down the same 2 ryhtm attacks over and over again. The game could have easily addressed this issue by making parrys only reduce damage and by closing the gap by perfect parry counter damage and your skill damage a bit more. But just like every half baked menu of the game (good luck finding where you can change the appearance of your characters, or finding out where to permantly lock in pictos) the gameplay could have cooked a bit longer. This just seems like a top-tier movie burried in a mediocre at best game. If you wish for a good parry game, play Sekiro, it's a really good game, one of the best, and it actually fits with the parry mechanic, and if your into strategy, play ANY other game. I'm sure even Plants Vs Zombies has more stretegy going on than this game.

I'm too stubborn and too far into the game to quit now, the story is too entizing to be left unfinished for me, but damn I wish I had just watched a youtube let's play of the game and downloaded the OST soundtrack, that would have been a more fun experience.",False,1,1218
My favorite RPG of all time. You won't be disappointed.,True,1,5585
"A very beautiful game, cool combat animations and a story that will fry your brain. 

RPG's are hitting big with such gems being released and this one is among them.",True,1,1951
"This game is the leading example of how video games can be art. Just so damn beautiful, in every sense.",True,1,7150
"If this were a film, it would easily score an 8/10. The narrative and cast are genuinely compelling with great voice acting and a legendary soundtrack. Visually it's also beautiful and the atmosphere really sells you that feeling of being in a dreamlike, painterly work of art. Unfortunately that's about where the positives end, as in the end it's a video game and I fail to understand how the gameplay lives up to the hype.

To start with, this game has one of the most abysmal ♥♥♥♥♥♥♥ combat systems of any game I've ever played. It is advertised as ""turn based combat"", so you expect to stop, think through every move, and use strategy to win. However, the twist where they added dodge and parry mechanics to this system is implemented in such a way where strategy becomes completely irrelevant and the way you build your character and execute your turns doesn't matter AT ALL as long as you can press the parry button at the right moment; missing a parry is lethal and can one shot your character, but landing one completely nullifies ANY incoming damage, and hitting the full chain of parries inflicts HUGE counter-damage. This is made even worse by the fact that the visual cues are so unreliable that it is easier to rely on audio cues rather than actually looking at your screen. I cannot emphasize how ♥♥♥♥♥♥♥ boring and tiresome this becomes after the first 5 hours; this gets so bad in the second half of the game where combat just devolves into surviving increasingly absurd sequences of deceptive fakeouts and 15-hit parry chains. 

The other thing is that exploration is almost pointless as each area has literally nothing of interest in this ""open world"" apart from the same handful of enemies you've been fighting every 3 minutes for the past hour and 1 or 2 pieces of generic loot.

Ultimately this is a gorgeous piece of art trapped inside a miserable video game.  If you have the patience to endure endless, rhythm-game parry slogs and wander through lifeless, empty expanses just to earn the next scrap of genuinely brilliant story, you might squeeze some value out of it. But as an actual turn-based RPG? It’s an exercise in pure frustration that fundamentally misunderstands what makes both tactical combat and exploration satisfying. If you really like the story then watch the cutscenes on Youtube and save yourself the headache.",False,10,1687
"If you're familiar with Daryl Talks Games, this is definitely a ""Man"" game.",True,0,2382
"Wow. I have not experienced something like that for a while. 

  Expedition 33 will definitely be a good addition to a list of the games which I would not hesitate to other people. Game atmosphere is outstanding - vivid, often surrealistic design of locations will be a great source of the desktop backgrounds. Music perfectly underlines the vibes. 
  Characters are likeable and alive each with their own ark and personality. Plot keeps invested, offers few interesting twists and emotionally satisfying ending.Gameplay wise, in general, I enjoyed Expedition 33. Combat is easy to learn but it has some issues, I'll get to that. 
  From the technical side - the game ran pretty smoothly and I had not a single crash for 60+ hours of game time. This is really amazing since it is something not achievable for games with a budget of hundreds of millions of dollars.

But, nothing is perfect on our blue globe, which is rushing through time and space.
  Firstly, the combat system. I can see why many people complain about this. It is based on quicktime events with often challenging timings. To make it worse, there is a bug (potentially only for keyboard/mouse) when the game just ignores the key pressing for dodge/parry which can be fatal in many combats and hence extremely annoying. 
  Secondly - 3rd act. There are few major problems with the last part of the game. First issue - enemies became damage sponges. As a result, sometimes battles feel like 30 minutes of repeating the same actions with almost no room for mistake, since return damage can oneshot. Another problem with the 3rd act - for some reason beginning fell flat for me emotionally. Not sure why, maybe it is only me. I was fixed later by exploring the map, opening new locations/lore/conversations and processing with companions' quests, but it took some time.


Verdict - Solid 9/10. I would look forward to new projects from Sandfall Interactive.",True,0,3886
amazing story,True,1,3859
Zajebiste,True,0,2743
ah sakit,True,0,1380
"look guys characters swear omg they say french words man they redefined the genre with parry system omg brother how can they do this ?? top 10 game of all time yes i do only play mainstream games and i've born in 2017 too 

music is good",False,1,457
Art,True,1,3799
"It's so beautiful it's actually hard to play, characters feel too real, you get too emotionally invested. The soundtrack is spectacular, the story is both crushing and enveloping. It's a magnum opus of gaming, and truly is worth the purchase.",True,0,2132
YES,True,0,2125
clair obscur,True,0,1949
"one of the best games i've ever played, a legit 9.5/10.  soundtrack is captivating, character writing is fantastic, turn-based combat is incredibly satisfying.  highly recommend to anyone. for those who come after, i salute you",True,0,4706
beautiful game.,True,0,822
10/10 masterpiece,True,1,2695
"Worth every second I spent on it. They set the bar so high that I can't even start to imagine what would have to be done to surpass it. 

11/10 Must play.",True,1,2881
Graphics out of this world!!! Story is so immersive and engaging and the characters are so endearing! Definitely recommend!,True,1,301
liked it,True,1,7166
"I completed around 95% of optional content in the Expeditioner mode (aka normal mode). I won't be 100% it because there's just some content I do not care for. Overall, I had a great time with this game, but I do feel that there are some parts of the experience that could've been better and less frustrating.

[h1] The Good [/h1] 

The gameplay loop is very engaging if not addictive. Soundtracks are great, and there are some that I’d definitely want to add to my own library. And it also has a very strong plot filled with well fleshed out characters that you learn more about as you progress through the game.

But I'll focus more on specific gameplay components. As a party-based RPG game, this game did so many things right! First, each character has their own unique mechanic that adds such a depth and uniqueness to each of them. Each of them also has their own skill trees where you can pick their playstyle. Customizing each character and building a team is very satisfying.

One prominent battle mechanic in this game is the time-pressed mechanic, which includes dodging and parrying. Dodging is more error-tolerant, but parrying has big rewards because you gain extra AP (Mana point in this game) and can counterattack with big damage when you do it perfectly. And parrying perfectly is SO SATISFYING. They’re not easy, but it’s part of the charm in the game. I usually don't play souls-like games but this must be how it feels to beat difficult bosses in those games when you learn their attack patterns.

This game did a good job to create hidden corners or optional ""bosses” that give you good rewards like items or weapons. This game also doesn’t have random encounters making exploration a smoother experience. Non-random encounters blend well with how tough the enemies are. You get less fights number-wise, but each fight packs more substance. You don’t get full HP recovery but it works out just fine with refillable elixirs and potions. AP also resets for every battle.

All good designs that allow players to pay more attention to individual fights instead of worrying about resource management. Overall, I genuinely had a fantastic time with this game despite some of its flaws that I'll talk about next.

[h1] The Bad [/h1]

Now it’s time for me to criticize everyone’s favorite baby in 2025. And there are a few big points not including more minor stuff.

[h2] Main critiques [/h2]

I have 2 main critiques.

The first thing is the clash between parrying (and probably time-pressed mechanics more broadly) with team building and turn-based strategy. While I enjoy team-building and I always customize my team, there are several occasions in the game in which I thought “this feels like I can just parry my way through it.” And I sure did. This means the team-building aspect didn’t get pushed to its full potential because players can just “git gud” to beat certain battles (and some even require it). This creates a divergence in gameplay experience that tries to pull you in 2 different directions. Do you want me to approach it as a strategic turn-based battle or do you want me to engage in this semi-darksouls mechanic where I need to learn the rhythm of the enemies’ attacks?

But the bigger issue of the two I have is that their open world is highly unbalanced or too open, and this becomes very apparent in the 3rd act. This was exacerbated by the previous problem because you could parry your way through optional bosses and end up over-leveling your team for the story. Specifically, the first glaring encounter of this experience for me was me beating Chromatic Chapelier. After that fight, I was practically bullying the 2 axons. I almost had no need to parry or dodge any attack to win them, it was that EASY. And in the 3rd act, you suddenly get inundated with so many side dungeons and bosses you don’t even know where to begin. But because of their “let’s the player ♥♥♥♥ around and find out”, I could easily run into a high level dungeon, end up beating it, and flattening the difficulty of the rest of the content. And that did happen… The final boss fight of the main story can’t even be called a battle for me. There was not a single attack from the boss because I finished it off before that even happened… It ruined the experience of this supposedly difficult game for me. This could’ve easily been solved by adding a “suggested level” indicator to dungeons.

[h2] Medium-level issues [/h2]

These are not the biggest problems in the grand scheme of things, but they did create a moderate level of frustration and dissatisfaction.

First, while it has so much potential for you to customize the characters and create a specific playstyle for them, it’s still lacking in term of team synergy. Specifically, it’s pretty tricky to build playstyle of party members that bounce combo with one another. One part is there’s not enough shared mechanics / resources for characters to combo on. The only obvious two are just Mark and Burn. But that’s it. But it’s also worsened by the fact that this game has a few too many components. To re-customize a build of a character, you need to adjust their weapon, stats, skills, pictos, and lumina. Five separate components is a lot. It’s a barrier to re-customization if you want to change a character’s playstyle, and you have to do this for 2-3 characters to create a balanced party.

Second, lack of (mini-)maps in dungeons. Like I get it, you want us to get lost and be immersed in these dungeons and giant-ass environment. But I was not having it. I generally find a lot of 3D environment to be overwhelming to begin with, and this is exacerbated by the fact that many regions of dungeons are not visually differentiable. There were way too many times where I had to walk through the same route again just to make sure I’ve explored it already. And this may be just minor inconvenience at first. The thing that pushed this problem into a medium-level issue is the fact that at a certain point in the game, you unlocked an ability to break through inaccessible areas that you’ve run into before in previous dungeons (though they’re optional)… I don’t know about everyone, but I shall not be re-traversing those dungeons just to find those hidden areas that I can now access specifically because they don’t have maps!

Third, the pacing… While if you only look at the main story, they’re well-paced enough. But once you consider how many side dungeons and side bosses there are to explore and fight, it clashes with the narrative of “urgency” in the game. Lune literally said “we have no time for detour” and repeat some variants of this many times. And I was like “we had detoured plenty.” It’s not the biggest issue for me, but it’s worth acknowledging.

[h2] Minor problems [/h2]

Now I have a lot of minor complaints, so I’m just gonna list them down very briefly
[list]
    [*]This game could do without platforming. Seriously, it has no business here.
    [*]Verso’s Draft is not all that fun.
    [*]Weapon leveling feel a bit unpredictable sometimes (probably because of monster drop) and detracts a bit from player's choice freedom.
    [*]Honestly, maybe too many items? At a certain point, I gave up mastering all lumina.
[/list]

I still like this game a lot despite all the negatives. The fact that I've completed like 95% of this game should say that much. A lot of good decisions were made in regard for gameplay mechanics that made this game very engaging even though you can run into some ♥♥♥♥♥♥♥♥ (ridiculously difficult fights) and other ♥♥♥♥♥♥♥♥ (ridiculously easy fights). I can confidently recommend this game to people with a caution that it relies a lot on time-pressed mechanics than classic turn-based games, which makes it a game of its own kind.",True,1,5835
"What an extremely French game (complimentary)

—-

This is a very beautiful game both visually and narratively and one that everyone who is even a casual fan of turn based RPGs in the vein of Final Fantasy should check out. The parry system can be a little obtuse but once you nail it it feels amazing. Pictos and Luminas took me a minute to wrap my head around but I figured it out enough to make the final level a breeze. I think someone who enjoys getting deep into those systems will also find a lot to enjoy.

As for the story? Very French New Wave, very “what is the meaning of it all?”, very ennui. It gets a little too melodramatic for my tastes at points but I did enjoy it. Just very glad to have experienced this one all the way through and I’d recommend it to almost anybody. 

You know, for those who come after.",True,2,3078
"A masterpiece that everyone needs to finish at least once in their life.  10/10, would ugly cry again.",True,1,3846
For those who come after.,True,1,5447
A work of art!,True,1,835
It was fun,True,1,205
"Game
+ It's good
+ It's great
+ It's Phenomenal 

- Lighting in Sirene's arena gave me a headache

9.5/10",True,0,1521
"For me this is an absolute masterpiece. I am pretty sure I will buy everything this studio makes. I can't say much because I could spoil something to who still has to play, but one thing I will say. I am not a fan of turn based combat and still, this for me was a 9 out of 10 (I am a VR player and 9 is the highest rank I have ever given to a flat only fame). This was a majestic and wonderful journey till the very end. I remember only one game in my whole lifetime being able to almost bring me to tears from its emotional engagement. This was the second one.",True,1,1456
I'm afraid this is the best game humanity will ever create,True,1,7787
Deserved to be the GOTY! The Revolutionary Turn Based Mechanics COMBINED with Parry and Dodge? Heck yeah! Story and Lore? Superbly well written. Anyone curious about the game should just buy it and I guarantee 100% the purchased will be worth every penny that you spent!,True,0,538
Graphics Story Characters VA Music 10/10,True,1,1749
"Absolutely incredible game. Art style, story, combat, soundtrack. I haven't finished the game yet and I can already tell this will fall into my regular rotation of games to play through again.",True,1,1884
"I cant explain why, but I don't like the game. It felt laggy for me, the visuals felt off, and it was a bit much.",False,0,14
"Music, visuals and storytelling are head and shoulders above the competition. Easily the most beautiful game I have ever played in every single aspect. 

The gameplay is great fun too, although it's not as impressive as the rest of the game, it's good enough to keep you hooked to the end.",True,2,1900
absolute cinema,True,1,641
the best gaming experience i ever had,True,1,2100
"---{ Graphics }---
☐ You forget what reality is
☐ Beautiful
☐ Good
☑ Decent
☐ Bad
☐ Don‘t look too long at it
☐ MS-DOS

---{ Gameplay }---
☑ Very good
☐ Good
☐ It's just gameplay
☐ Mehh
☐ Watch paint dry instead
☐ Just don't

---{ Audio }---
☑ Eargasm
☐ Very good
☐ Good
☐ Not too bad
☐ Bad
☐ I'm now deaf

---{ Audience }---
☐ Kids
☑ Teens
☑ Adults
☐ Grandma

---{ PC Requirements }---
☐ Check if you can run paint
☐ Potato
☑ Decent
☐ Fast
☐ Rich boi
☐ Ask NASA if they have a spare computer

---{ Game Size }---
☐ Floppy Disk
☐ Old Fashioned
☑ Workable
☐ Big
☐ Will eat 15% of your 1TB hard drive
☐ You will want an entire hard drive to hold it
☐ You will need to invest in a black hole to hold all the data

---{ Difficulty }---
☐ Just press 'W'
☐ Easy
☐ Easy to learn / Hard to master
☑ Significant brain usage
☐ Difficult
☐ Dark Souls

---{ Grind }---
☐ Nothing to grind
☑ Only if u care about leaderboards/ranks
☐ Isn't necessary to progress
☐ Average grind level
☐ Too much grind
☐ You'll need a second life for grinding

---{ Story }---
☐ No Story
☐ Some lore
☐ Average
☐ Good
☐ Lovely
☑ It'll replace your life

---{ Game Time }---
☐ Long enough for a cup of coffee
☐ Short
☑ Average
☐ Long
☐ To infinity and beyond

---{ Price }---
☐ It's free!
☑ Worth the price
☐ If it's on sale
☐ If u have some spare money left
☐ Not recommended
☐ You could also just burn your money

---{ Bugs }---
☑ Never heard of
☐ Minor bugs
☐ Can get annoying
☐ ARK: Survival Evolved
☐ The game itself is a big terrarium for bugs

---{ ? / 10 }---
☐ 1
☐ 2
☐ 3
☐ 4
☐ 5
☐ 6
☐ 7
☐ 8
☐ 9
☑ 10",True,2,2092
simon the balright star,True,1,3686
The best game in a decade.,True,2,3809
monoco the goat,True,1,9787
overrated af,False,3,3606
"One of the biggest lessons I took away from playing Clair Obscur: Expedition 33 is to let go and move on from the past.

Sometimes, we have to accept reality and learn to make peace with it. Even when the truth is painful, there are things we simply cannot change. We cannot rewrite the past, no matter how much we wish we could.

All we can do is accept what happened, let go of what we cannot control, and keep moving forward toward a better future.

It's okay to grieve. It's okay to feel hurt. But we shouldn't let the past consume us to the point where it destroys our present and our future.

Sometimes, moving on isn't about forgetting what happened. It's about accepting it, learning from it, and finding the strength to keep going.

( We cannot change what has already happened, but we can choose how we carry it with us and how we move forward ) -Support Renoir",True,1,2269
good,True,1,783
absolute cinema .,True,1,3484
"In short this is a good game with engaging combat

Good:
- The turn based combat with timings is fun
- Distinctive classes
- Interesting systems for builds (pictos, weapons, skills)
- Very generous with resources
- Very generous with the autosave (I never lost progression)
- Consumables regenerate on rest
- Some of the level design is very good
- Rewarding exploration
- Many weird and jolly characters
- Very artistic and espectacular
- High graphic quality for its low performance cost
- Good music
- Good tutorials
- You can find upgraded weapons/pictos
- Optional content

Bad:
- Clunky/slow platforming
- There are many times when it looks like you can climb or explore in a direction but you don't
- Some of the ""spend time with"" events feel low effort and artificial. The objective should not be to increase a relationship level (and fill the screen with the number for 5s), it should be to learn something interesting and enjoy the dialogue and lore. These events skip over the interesting part and just say something like ""they talked for a while"", which I find a disappointing and annoying because the rest of the dialogue is just an introduction to this part where nothing happens. You need to go through these in order to unlock certain powerful attacks
- The bonuses from Pictos are way too high compared to attributes, eg you get several times more hp from them than vitality
- There are no markers to put in the world map even though there are harder enemies and progression locked events
- Many merchants and rewards are only costemics or music
- Some room-sized areas have old like perspective that makes it hard to move inside
- Some of the main characters are disappointing, particularly at first

Both:
- Balance is broken for both enemies and the party
- You can play with only the 3 expeditioners you like and forget about the rest because it does not force you to use them (except once but you can outrun the enemies and some optional stuff) but also encourages the use of only the 3 expeditioners you like because of the classic RPG progression based on resources (experience, lumina, weapon upgrades and Monoco feet)
- The story is full of cliches
- Enemy variety. It is very good except for act 3, that barely adds anything",True,1,2866
"compact, atmospheric adventure that trades spectacle for slow‑burn tension and careful observation; it’s a game that asks you to move deliberately, listen closely, and let small discoveries accumulate into a larger, unsettling picture. The visual design is the first thing that lingers: muted palettes, careful use of shadow, and restrained lighting create a world that feels half‑remembered and slightly off‑kilter, where every corridor and ruined module reads like a page from a faded field journal. That aesthetic isn’t just pretty it’s functional, guiding your eye toward clues and making environmental storytelling do the heavy lifting. Gameplay is built around exploration and puzzle solving with a focus on inventory‑light mechanics and environmental interaction; puzzles are rarely obtuse and usually reward patience and attention rather than trial‑and‑error, and the pacing gives those moments of revelation room to breathe. Sound design and ambient detail amplify the unease: distant creaks, the hiss of failing systems, and sparse musical cues turn empty spaces into places that feel inhabited by memory. The narrative unfolds in fragments, leaning on implication and mood rather than explicit exposition, which will delight players who enjoy piecing together lore from scraps but may frustrate those who want a more direct story. Technically the game is tidy controls are responsive and the UI keeps the focus on exploration — though a few rough edges in camera framing and checkpoint spacing can interrupt the flow on occasion. Overall Clair Obscur: Expedition 33 is a thoughtful, well‑crafted indie experience for players who prefer atmosphere, careful design, and slow‑burn mystery over loud action; it’s the kind of game you play when you want to be quietly unsettled and rewarded for paying attention.",True,2,280
"i really dont get the hype.
its a fine game but the QOL features are nonexistent. 
very few choices for skills and combos 
very limited gameplay (just learn to parry and literally no fight carries any danger at all...)
i will finish the game and then rewrite this review but so far i am pretty disapointed by the overall experience. 
story is good, rest is meh.",True,1,2080
one of the best rpg experiences ever,True,1,3285
Played this game from start to finish then I bought the game. 33/10 For those who come after,True,0,1037
"Game of the year for a reason. 
This is one of those generational games like Skyrim that will stand for a very long time.
The story, world building and score is just amazing.",True,0,316
Yeah deserved all the rewards.  Turn based could be a turn off for some people but the story is worth it even if you dont like that style.,True,0,3262
My favorite take on turnbased gameplay so far. and on top the story is an absolut blast. The best entertainment the idustrie has to offer,True,0,4232
"Thanks to this game, I joined a local Fencing Club. En garde!!",True,1,8868
a masterpiece of a video game in every sense of the word,True,2,2051
"Final Fantasy, but French. And I actually love playing every second of it. Combat keeps you on your toes with the parries and dodges and QTE. Can recommend!",True,0,652
"Expedition 33 is a phenomenally executed turn-based roleplaying game with little to hinder its core game loop and enjoyability; most of the tedium that can be found in the game is voluntarily self-inflicted (E.G. grinding for chroma catalysts), and technically unnecessary. Because of the game's quick-time dodge/parry system, a skilled player can effectively neuter an opponent's action economy, making regular combat feel like an engaging and rewarding demonstration of ability, and making difficult combats feel like a fight to survive against an opponent's varying attack patterns. 

The soundtrack is gorgeous, and some of my favorite songs are featured early in the game (Linen and Cotton, Battling Breeze, Beneath the Blue Tree, etc.) If you take nothing away from E33, take the soundtrack. That being said, the story is also a masterfully executed tragedy, so jot that down.

Anyways, the mimes suck, that's all the bad I have to say about the game so far. (4th playthrough)",True,1,7047
Can't wait to see this game in the Criterion Collection,True,1,5719
Overrated,False,1,310
"BEST game ive ever played in my life... on playthrough #2 and i absolutely love it.. from the story, to the visuals, to the music... a once in a decade game",True,2,248
"W expedition, L rage bait moments great game tho. It was sad, but rad so cant get mad.",True,2,2476
It’s good. No clue where the “generational masterpiece that redefines art and life and made me rethink becoming a parent and made me bawl with joy while exhausted from all the happiness it gave me” label came from but it is a great game,True,2,2692
Good,True,2,6987
This game is ass.,False,2,263
"Enthralling story, addictive combat, intricate power system, beautiful graphics...what more could you want?

Therapy, maybe.",True,2,2102
This game is ♥♥♥♥♥♥♥ brutal... Soulslikes are games for kids compared to what you'll experience here,True,1,3624
"As someone who played turn-based RPGs, this game is phenomenal

Had some issues with optimization due to lower specs (bit of crashing), but I usually separate that from the overall story and gameplay.",True,1,6034
"This game is overwhelming. Overwhelmingly beautiful in visuals, music, voice acting, and gameplay. E33 has taken many disparate game mechanics from RPGs throughout the years and melded them into an RPG that tries to honor what came before and innovate for those who come after.

If you enjoyed Super Mario RPG, Legend of the Dragoon, and/or the Final Fantasy franchise in the past, I implore you to give this a chance.",True,1,6068
I cant stress enough how peak this game is,True,1,4344
"Аж целых полгода думал: взять не взять - взял, не пожалел",True,1,4260
This game exceeded my expectations and gave me the same excitement I got with classic Final Fantasy games. It's the first game in years that gets me hooked and I want to keep playing for hours to see what happens while enjoying the pace and the balanced difficulty that offers both a challenge and it's not too difficult at the same time.,True,1,1810
"This game has managed to become my favorite game of all time, that's not to say its the best game of all time, I haven't played nearly enough games to claim that. regardless it has managed to speak to me in a very interesting way as its not often I find something so perfectly suited to my taste, a deep and thought provoking story, and beautiful and sort of surreal monsters/environments that are just so captivating to me. that stacked upon the breathtaking music (I don't usually notice music first when playing a videogame, this was an exception), and fun combat/build options. 10/10 game would recommend!",True,1,10102
"Absolutely peak.

Satisfying gameplay, incredible soundtrack, superb visuals. A story that gives you just enough information to uncover one more piece of the puzzle as you go, drawing you deeper and deeper into the mystery until the whole picture is painted.

Please, play it.",True,1,3889
good game,True,1,1788
Good game,True,1,4205
"...art can be a Window and art can be a Mirror. And great art. Great art is both. Son, you'll never be a true artist if there's always a mask between you and the viewer, especially when the viewer is you...",True,1,2628
"I think this has to be the best game ever made. There are very few things to dislike about the game.

-- The positive
Story: 9.5/10: The story is phenomenal, the foreshadowing is on point enough that you can guess what is to come, but it develops in a way interesting enough that you will not get it quite right.
Graphics: 9/10: The graphics and environments are some of the most beautiful I have ever seen. Some very minor stuttering occured every now and then, but for the rest the game ran smoothly.
Music: 10/10 - The music is what brings most of the emotions to the storytelling for me and is what will bring you from screaming with joy and feeling amazing after a boss fight to crying just minutes after.
Gameplay: 9/10 - The gameplay is an innovative take on a jrpg, especially on a higher difficulty it feels like a combination of a jrpg and dark souls.
Stability: 10/10 - I encountered not a single bug or crash during my 55 hour playthrough. The only thing that could be perceived a a bug is the camera spawning in an odd angle.

-- The negative
Something that made the combat in this game as phenomenal as it is is the combination of the very clear animations and sound design, allowing the player to consistently parry almost everything. In act3 this all goes out the window. The sound design for the parry is slightly off on several monsters, which means a skill you have been training consistently makes you miss your parries now. Additionally they seem to play with the animation sliders, slowing up and speeding down at very weird unintuitive moments, making the parries even harder. This resulted in a rather frustrating act 3 that I only kept going through because I wanted to see if my guesses about the story were correct.

What made this even more jarring is that the execution on animations and sound throughout the rest of the game is phenomenally well done.

One other thing I kind of disliked is that there seems to be a lot of 'post-game' content that you get exposed to throughout the story, but only really explore at the very end of the game as optional content. I can see that this is fun for RPG completionists, but honestly those areas felt a little misplaced to me.

Overall this is the best game ever made and you should play it.",True,1,3337
"I almost never do game reviews, but after completing Expedition 33, I had to. The story is just so good. The world and charactars are extremely unique and well-built. 

By odin's beard, the music: THE ♥♥♥♥♥♥♥ MUSIC! That was probably the best about this game, I am normally not a fan of music but the tracks in this game are so good. One of the few games that got me emotionally involved after playing the intro., even more after playing until a little after they reached the beach. Can't believe I almost cried when Gustave sat down and ..., had a turning point (if you played the game you know exactly what I mean)

I am usually not into turn based games but this was really good, expecially for people who like to see more animations, a good story, music, dodge and parry mechanics. More towards the end of the game got me shocked because of the reality that crashes into your 'fantasy world'. It seems that things are not as simple as the might seem and in the end you've got a hard choice to make: crush 'peoples' feelings and future or reject reality...

Towards the end game there are also really hard bosses, I would suggest searching which bosses exist if you want to do them all. I'd wager Simon in this game is harder than Malenia (imo).

Awesome game, I would give it a 9.5/10 overall.",True,1,3454
excellent,True,1,363
This game is very Whee,True,1,6743
I found myself deeply dissatisfied with the core gameplay loop. I simply do not like a turn based combat game that want you to hit QTEs (can be turned off) or succesfully dodge/parry atacks (can NOT be turned off).,False,2,118
The Best Game i've ever played by far!,True,1,3799
Best game I've played in my entire life. Period.,True,1,2448
"wow! this game is so fun,i love metal arms and electric powers,gus is my favourite character!",True,1,2445
"Why do I even need to leave a positive review for almost a 1.5 year old game with already overwhelmingly positive reviews?
- For those who come after.

[h3]Story - 10/10[/h3]
Just... experience it yourself, really. And avoid ANY spoilers. This game will repeatedly subvert your expectations, surprise you, make you smile, make you cry, make you feel excited and determined to change the fate itself in one moment, and then utterly helpless and broken the next. Live through it yourself. Meet it's characters. Saying goodbye to them at the end might prove harder than it seems.
One important note I have to make, though - it is a linear story. Your choices matter little, there are two endings and you choose which one you want manually. The only RPG elements are builds, progression and excellent story. But you don't really get to roleplay; just immerse in the story you follow through the protagonist's eyes.

[h3]Gameplay - 7/10[/h3]
It's not for everyone. It is a JRPG formula (like older Final Fantasy games), with turn based combat and party system. The only major difference is the rhythm-based defensive mechanics. You don't just tank the incoming attacks - you're supposed to dodge and/or parry them, like it's some soulslike. It CAN be annoying. It CAN be tedious. But it does get better, it has a lot of potential for different builds and the ability to create something incredibly OP with the right skills and gear. But what truly matters is that for it's story - those caveats can be ignored.

[h3]Graphics - 7.5/10[/h3]
From technical standpoint, it's nothing mind-blowing with the exception of motion capture in cutscenes (just cutscenes; the in-game facial animations are just okay) - those are spectacular. The textures can be a bit low res at places, some spots do feel like just royalty free assets thrown in together in a messy, yet stylish manner. But the overall art style is great. It works, it works exceptionally well for it's intended purpose. Once you realize what the world you're traveling through really IS... it will all click.

[h3]Sound - 10/10[/h3]
Voice acting remains amazing throughout the whole game. Soundtrack is something one couldn't possibly expect to be made by a relatively rookie composer. And yet it was. And it is nothing short of a masterpiece. Just... be sure not to listen too much to it's lyrics if you know French (especially archaic French) well - it does tend to spoil a lot of the story twists waaaaay ahead them actually happening, lol.

[h1]Conclusion[/h1]
9/10. It's one of the few titles who claimed the GOTY and actually earned it. The only title they received that, in my opinion, they didn't deserve, is the RPG of the year. This title rightfully belongs to KCD2.",True,4,5126
Fun game and a good story.,True,1,2992
Best game of my life..........,True,1,4687
amazing story .,True,1,379
This game is so good it single handedly made me tolerate the existence of france again,True,1,2666
"Don't trust the internet - you are being gaslit. Extremely boring game, dialogue is enough to put you to sleep. This game was made for that person that thinks they got an insanely high IQ and somehow think they're superior because they can beat ""difficult"" games with ease. Red-piller, incels even.

Don't waste your time or money. Go watch a YouTube playthough - basically the same as actually playing the game - boring asf",False,4,57
"Aesthetically, it's a really impressive effort for such a small studio.  The world looks appropriately fractured, painterly, and dreamlike. Cut scenes are well-rendered, with natural and expressive animations. The soundtrack is serviceable--but I'm a little baffled by folks claiming it's the best thing ever, but you really can't go wrong with classically-inspired themes and angelic choirs.

The plot I can't speak much for because I won't make it through to the end of the game. It started off with a fascinating, rich concept that had me hooked hard at the very beginning, with strong themes of grief, acceptance and persistence in the face of a cruel and uncaring universe. Since then, the storytelling has fallen off pretty hard.  The story is conveyed almost entirely through dialogue and cutscenes, which are loaded with really lackluster g-rated banter, and entire conversations that convey no information because the writers are just desperate to be mysterious.  The characters are all distinct, believable people (the ones that are people, anyway) with personalities ranging from 'likable but forgettable' all the way down to 'shut up shut up shut up shut up.'  The latter happens mostly because the writers try and fail to be funny.  The acting, however, is absolutely stellar on every level.

So, if this game was a film, and had to stand on artistic merits alone, it would be a very solid recommendation--not really in a league with the best, but absolutely worth a playthrough.

The problem is. It's a video game.  And the gameplay is awful.

Let's start with the exploration. Each area is given a distinctive visual design, but once you're in that area it's a bunch of same-looking tunnels with no landmarks or minimap to help with navigation, and nothing interesting to stumble across when you inevitably wander around lost.  Around every corner, there's a fight--usually with the same small handful of enemies you've been fighting every couple of minutes (or couple of seconds) for the past hour-so getting anywhere feels like a complete slog. 

 And to be honest there just isn't much of interest to find out there.  I would have thought that a game that so heavily emphasized this idea of legacy--67 whole expeditions giving their lives to pave their way ""for those who come after""--you would actually get to spend more time following in the previous expeditions' footsteps, searching for clues, learning their story and piecing together their knowledge.. but anything of that nature is reserved for cutscenes.  In exploration, the most you'll find of previous expeditions is their old campsites and some one-page journals that tell you absolutely nothing.  Instead, you walk a few feet, fight something, grab generic loot, rinse and repeat while your sense of curiosity withers and dies.

And then there is the other thing. The combat.  The game's core concept is to incorporate mechanically-demanding dodge-parry mechanics into a turn-based combat system. I've seen the idea work in a few other games.  But here, it's actually really awful.  The game is desperately trying to be a soulslike JPRPG, but I'm sorry--there's nothing fun about a soulslike where your feet are nailed to the ground and you're constantly flipping through menus.  Nor do I care for a JRPG where strategy comes secondary to raw mechanical input.

 Parry counterattacks are implemented in such a way that, while they are pretty obnoxious to pull off (the visual indicators are so inconsistent that it's sometimes [i]easier[/i] to parry if you don't look at your screen at all, and rely exclusively on audio queues) but they're also overbalanced as hell.  If you don't parry, you die.  And if you do parry, you take no damage, you [i]deal[/i] massive damage, and you recharge your resources.  It's so strong that every other combat mechanic in the game becomes irrelevant--you can skip all your turns, only parry, and still win the majority of battles.  And frankly most of the combat encounters don't have interesting mechanics to them at all, other than increasingly ridiculous (I've heard up to 20 consecutive parries in late-game) parry combos, and parrying increasingly weird, gimmicky fakeouts.

Learning to consistently land parries in the first few hours of gameplay was fun, and was satisfying for a few more hours after that but halfway through the first act it had already become [i]boring.[/i] And that would have been fine, really, if the gameplay didn't revolve almost entirely around slogging through one fight after another just to be drip-fed fragments of story every couple of hours.  I kept slogging through the rest of the first act, hoping things would start to click, or maybe the story would get good enough to warrant the slog, but... really I just got to the point where I had no desire to boot this game up again.",False,14,821
Awesome,True,1,493
Best game in years. Visually delightful. I am sorry I have reached the end.,True,1,4205
Exceptional graphic. Fun to play.,True,1,4787
very french time of my life,True,1,1782
Masterpiece..one of a kind.,True,1,432
"Expedition 33 sets a high bar for RPGs in graphical design. Its like Persona and Bloodborne having a baby. With that being said, the dodge/parry/jump/counter dance aka Reactive Turn-Based Combat is annoying. Honestly, I hate timing mechanics, so getting thru it was a labor of pain for me.

Liked:

1. Maelle (main reason I kept playing)
2. Leveling, Luminas, Upgrade system
3. Wardrobe variety and seeing that reflected in most cutscenes.
4. Art and animation are world class.
5. Voice actors were well cast.

Disliked:

1. No manual saving. Just a janky autosave/checkpoint system.
2. No Minimap or Dungeon Map. Getting lost is too immersive.
3. Some character models have heads disproportionately larger than their body. I'm looking at you Gustave. Also, Gustave looking like vampire Twilight was off-putting.
4. No world fast travel.
5. Reactive Turn-Based Combat is a hand endurance battle.
6. No side quest tracking. 
7. Gestral Beaches can burn.
8. 3d platforming...
9. You get a number of party members, but only needed to focus on 3 of them.
10. Simon...

If they bring back Reactive Turn-Based Combat for the next one, it better be another high quality game like Expedition 33.",True,1,3865
"Game has good characters and alright music, but the gameplay didn't grab me after getting the first four characters in the party. I could not get past the gameplay loop of parrying, jumping and dodging and I normally love those parts of the games I play. None of the bosses thus far were fun to me except for only one optional boss fight that I had fun in (the one that can take party members out of the fight). 

I was interested in the story somewhat, mainly from the compelling voice acting work of the main cast, but I didn't have the drive to continue playing and justify finishing this game I spent 50 bucks on. The game doesn't run that well or look particularly good (it looks really crunchy most of the time with poor lighting and bad textures, plus the art style wasn't all that appealing to me).

The game was made with AI which is extremely disappointing and Steam refused a refund after having the devs lie on the store page with not commenting on the use of AI in the development, despite me having zero minutes played at that time. If you can turn a blind eye to the use of AI ""cause game good"" that is your choice, but I just get an ick while playing this game knowing how it was developed, beyond my previously stated feelings on the aspects of the game that I liked and disliked.",False,1,685
"The most amazing game i've ever played. Just... wow. Incredible characters and gameplay.

I think I wish some of the combat was a bit more balanced... some of the moves are just clearly stronger than others and can make certain characters feel one-dimensional. And then some characters I just never really got the hang of. 

I do like how dodge and parry both genuinely feel like they have their own time and place. Most of the time dodging makes more sense, esp if its your first run and you don't know enemy patterns. But I kept parrying because mama ain't raise no btch.",True,1,1856
"Amazing soundtrack, amazing characters, amazing gameplay, amazing story. Worthy of the GOTY for sure. Just play it.",True,2,2565
"Pretty overrated, I'm surprised that it won GOTY

Game itself has some good moments, but the ""combat"" that people talk about really isn't that fun or engaging. The ""engagement"" is dodging/parrying an onslaught of enemy attacks with horrific timings. Think Malekith from Elden Ring, but for 95% of enemies you encounter. Before you call me 'bad', I've played through all soulslike games so I enjoy difficulty- just not when it feels cheated

The story 10 hours in is just so standard that I'm just disappointed with how hyped it is. All the story hooks that try to draw you in are so expectable. Combined with an underwhelming VA performance, it's really not interesting even with the unique idea of the Grommage 

I just keep comparing this game to Persona 5, which has incredible characters, voice actors, combat, story... and I wonder how this game won GOTY against DK Bananza, Silksong, KCD2. Having played these games and now 33, I expected something that would surpass the other nominations' qualities, but instead 33 is just a boring game",False,4,582
Stunning and beautiful.,True,2,631
greatest game of all time,True,0,10847
ONE OF THE BEST GAME I EVER PLAYED,True,1,4138
"What can i say, amazing game, story is absolutely fantastic, very action packed turn base. Deserves all the hype it's received. Great bosses, great gameplay.",True,0,1804
It's a piece of art,True,0,2356
"It's a beautiful game with engaging combat, but the performance is not great.",True,0,404
One of the best storylines ever done,True,1,3230
Perfect,True,1,3616
"Amazing game, my favourite game of my adulthood. Both the story and the music are what makes this game the best.",True,2,7634
Very over-rated.,False,7,1673
I like parrying,True,1,3650
"OSQUIO! <3

spectacular in every category",True,1,1649
"One of the most gorgeous, heart-wrenching, and amazing games I've ever played. From the visuals, to the characters, voice acting, themes and just... everything is absolutely incredible and perfect... except the combat.

God do I hate the combat in this game, and it made it a bit of a chore to get through I'll be honest. It's not the turn-based nature, that's great, it's not that it's too difficult or complex or anything -- but that it is ♥♥♥♥♥♥♥ obnoxious. The combat is built around you mastering the timing of four different kinds of ""press this button at the right time"" mechanics - which at first seems fun and refreshing. But they take it a little too far.  Every enemy will go out of its way to juke you, fake you out, and generally try to trick you into doing it too early or too late - and after a while you will inevitably picture a smug, ♥♥♥♥♥♥♥ chainsmoking cigarettes in a beret developer going ""honhonhonhon je sui so clevér! I have tricked you into zinking I was going to attaque but non! Now you have missed ze timing and you will get hitte! Honhonhon how embarrasinge!"" It sounds like something ridiculous to complain about but after hours of it it just really started to make the experience drag. So yeah, fair warning, if you don't like that, what would otherwise have been a flawless experience will become a trudge. In fairness, the game is very forgiving - you can retry any and every fight if you lose without losing any progress or choose to go back to just before the fight (losing at most minutes of trekking) if you feel you lost due to being underleveled/etc. It's just really obnoxious about it all....

Also, buyer-beware. The game's themes are ♥♥♥♥♥♥♥ DARK. Serious themes and tones of grief, sorrows, loss, suicide, guilt, and more - which are handled in truly wonderful and gut-wrenching ways. Don't get me wrong, the game is upbeat mostly - this is not an exercise in self-flagellation - but when the game does touch upon these themes it will not pull any punches. If these themes are too much for you, this is not your game.

So yeah; even though I hated the combat and had to get through the game on easy and still take breaks over how annoying it got at times, this is still a 9.9/10 GOTY game, I love it (even with a side of salty hate) and would very highly recommend it. A masterpiece.",True,1,2334
"A JRPG that doesn't overstay its welcome, with a Dark Souls cryptic story that doesn't leave you in the dark, dressed up in Persona clothes that doesn't carry over the high-school cringyiness. Technically exceptional, one of the best executed UE5-engine games, graphically astonishing, and musically the best sounding game of our generation, 

Minus some slight pacing problems and a bit too thread-bare narrative in the middle of the game that doesn't fully pay off the later reveal, it's an exceptional game.",True,2,4550
"Absolute cinema! If you enjoy turn based combat, deep stories, and gorgeous soundtracks then this game is for you!",True,1,4775
Absolutely incredible,True,1,2029
Pretty good game. Some of the optional bosses and content are pretty ridiculous but overall a good game.,True,1,5113
Family is complicated,True,1,957
Pour ceux qui viennent après!,True,2,4200
"Dam. 
-Eggy 2026",True,1,2041
"I can see why this game won GOTY and swept all the awards. Absolute Cinema.

10/10!",True,1,1975
beautiful all around,True,1,916
"To start with I'm not a great fan of turn based games, I accept that this was a risk. Graphically its wonderful, gameplay wise not so much. Combat wise I feel its a hot mess. Like other users have said, if you´re good with reaction times then great, if not then you´re screwed pretty much. Progression is based on your ability to dodge and I just find it to be a bit of a let down.

If the combat were different then I could probably enjoy this game but unfortunately as is its not possible. Hats off to the devs for a cinematic masterpiece but unfortunately not for me and I couldn't recommend it to anyone if they have crap reaction times like me.",False,3,108
Masterpiece of a story.  Amazing characters.  Voice Acting is top level.  Great visuals and world.  Gameplay is great and combat is awesome but it may get repetitive at some point of the game.  And the music...  oh my the music is everything!  Overall the game is just 33/10.,True,1,5449
"Playing so far I feel like I understand the system now. In addition to a great story, visuals, & voice acting they also have a phenomenal combat system. You don't just make your decisions and then watch them play out, you need to be alert timing your attacks and dodges to get every extra bit of strength you can. It's an excellent way to keep the player engaged and feeling like they're ""getting it"" when it comes to the combat - no longer do you think, ""well I'm halfway through this battle but I can't survive this."" With proper timing you can pull off a miracle and battles like that are very rewarding.",True,1,592
"one of the best Games! 

Definitely deserved GOTY!",True,1,2578
GOATED,True,1,2775
Bro what was that ending,True,1,1516
"Crazy how a small team with $10 million can drop a more memorable, higher-quality experience than modern $800M AAA blockbusters.",True,1,1239
"Story? It exists.
Characters? It exists.
Gameplay? It exists.
World? It exists.
A true masterpiece, Greatest game i've ever played.",True,1,156
3 hours in and its peak,True,2,230
worth every penny,True,1,1619
This is the best game I have ever played! I am obsessed!,True,1,5772
Absolute cinema of a game! Well deserved to be GOTY!,True,1,3169
only critique is that you can't romance esquie,True,1,1988
Parry god in the building,True,1,418
rain from the ground,True,1,8020
"Es una fcking OBRA MAESTRA!!! He quedado completamente fascinada, enamorada e impresionada. Empezando por la música, el diseño e historia de cada personaje, la historia del juego, el ambiente en general, el cambio de ambiente y música al entrar a cada batalla. Lo más admirable e impresionante es cómo han conseguido diseñar y animar reacciones interpretativas tan reales y precisas en los personajes. Las expresiones de Maelle o Lune en determinadas situaciones. Las miradas, los gestos, el movimiento de los ojos, son indiscutiblemente impresionantes. No me quiero ni imaginar el trabajazo que hay detrás para alcanzar este nivel de interpretación, mejor que el de muchos actores reales. Increíble!!",True,2,11172
"Very compelling story, and nostalgic gameplay. Makes me think of FF13 a bit, although I'm only in Act 1.",True,1,333
Mieux vaut être seul que mal accompagné.,True,1,234
"Absolute Cinema
It was a Journey.
Loved it",True,1,4073
"A well optimized work of art. Amazingly emotional soundtrack, story, and combat. The only bad thing about this game is that it will ruin the standard for every single player story rpg you play after it.",True,1,1797
"Surely the game can't be that good, right? All the glazing it got from all the game awards shows must have just been people who work in the industry wanting to prop up some pretentious arthouse game. Just an indie game that got way too big of a budget. That's what I thought too...

This is one of the single most moving pieces of art I have ever come across, regardless of medium. It fully lives up to the hype. I don't want to say too much about it as the discovery is part of the experience. It is rare to find a game where almost every aspect, gameplay, music, cinematography, voice acting, meta progression, visuals, endgame, work together to add to the overall story. And, wow, what a story it is. The kind of thing that sticks with you long after the credits roll. 

I could make minor grips but it feels like nitpicking for the sake of it. Sometimes the characters move oddly across the terrane, I had a few bugs involving my party composition, some of the parry windows are extremely tight, and on two or three battles I experienced some bad slow down, which did affect the feel of those fights. These complaints feel so minor when looking at the scope of what Expedition 33 has to offer.

This game is a triumph of what is possible for video games. I have always been an advocate that video games are art, worthy of being held up next to movies and works on canvas, and this game is currently the best possible argument for that case. This game isn't for everyone, but if you care about video games as a means of creative expression, buy the game.

Maybe I've become one of those pretentious industry reporters that made me want to avoid the game in the first place. The only real way you'll know for sure is by setting out on your own expedition.",True,1,3362
Yes good 👍🏿,True,1,1375
10/10 one of the best games I've ever played. Worth playing just for the story where words couldn't do it justice.,True,1,2172
"I adored every second of Expedition 33 and it's the most emotional I've felt after finishing a story in ages.
The game has so much heart in everything from the story to the art, audio, voice acting, gameplay, everything. It's just so thoughtful and detailed across the board.",True,1,3699
"I made it to the end of the first tutorial area and had zero interest in playing the game. I did not care for the art style, story dialogue or mechanics. The code was gifted to me so I could not refund it.",False,2,31
"Well, I can't believe I'm actually playing this game because I've largely put it off due to the crazy amount of hype and bandwagon-ing surrounding it, but 10 hours into the expedition I do have to say, the game managed to deliver my expectations and some. I don't know if I would necessarily rank E33 along the all-time greatest titles, but it definitely shows that it is made with love and care, something that is exceedingly rare in today's gaming market.

The game has absolutely phenomenal visual presentation, and supports the ultrawide format natively. I've ran the game on both 4K 32"" and 1440p 34"" ultrawide, and in both instances the game looks beautiful but for this kind of story-driven adventure, I do personally prefer the ultrawide form factor for its immersion. There was only one time where the game had a very brief black boxes around the sides during Maelle's Nightmare, but otherwise so far everything ran natively 21:9 no issues.

As someone who hated games that every single person talks about over and over, and being a rather harsh critic having grown up on titles like Chrono Trigger, Skyrim, Diablo, Warcraft and other all-time classics, E33 did manage to win me over. Whether it be the art direction, soundtrack, character design, storytelling or combat, it passes everything I have hoped that it would given its reputation. 

The operatic soundtrack sets the tone immediately and the amount of variation played on the main motif is refreshing and artistically delivered. In E33, music is not only integral to the experience but builds upon the narrative being driven, adding suspense, tenderness and other mixes of emotions during key moments of battle and story reveals. The pacing is very solid, there is just the right amount of storytelling mixed in with going through dungeons, and truly there's just never a dull moment unless you specifically choose to venture off into the wild and do the side content. The optional content gives nice outfits and weren't just entirely braindead ""go fetch X item to Y"" entirely, it feels like even the side NPCs serve some level of purpose instead of just being there for the sake of being there. 

I think most players will be pulled into the story 1-2 hours in and continue onwards seeking to find out more. This is exactly what happened to me and when a game manages to captivate, that's really all there needs to be said at the end of the day. I felt connected to the characters and shared their sense of hopelessness, dread, fear and desire to push on, it didn't feel like another cheap iteration of ""random gang of nobodies goes out to fight big evil thing and save the world from certain doom"" even though I do believe that's the idea so far, but perhaps I will have to revisit this point once I'm fully finished with the game. 

Just a quick final note for an initial impression, combat is very satisfying and I love that the game offers you rewards for playing well. If you learn the attacking patterns of enemies and can reliably parry/counter, you are able to take on enemies that if you were just playing a plain turn-based combat RPG you wouldn't be able to. Challenging the player to play well and rewarding them for it is an excellent approach to combat that I wish more games would adopt instead of just letting you grind mindlessly, get overlevelled and spam the A button to victory. You can do that too in E33, if you so wish, but that does take away the satisfaction of taking down a big baddie that you know you otherwise shouldn't have been able to if you didn't play very well and parried attacks on-point. The sound effects when you do land a counter also just gives such a nice dopamine hit, you love to see and hear it.

So far, there's really nothing negative I can pick out about E33 and I hope this will continue to be the case when I've completed my first run.",True,16,612
"⭐⭐⭐⭐⭐

Really good game, beautiful and with an amazing atmosphere.
I launched it just to try it out… looked up 5 hours later. 

I highly recommend it, even though my characters clearly suffered more than I did.",True,1,249
story and lore are top tier,True,1,2646
good,True,1,3041
"The beginning of the game was very promising but this turned out to be one big disappointment. To the extent that I am wasting time writing this

The story/dialogue becomes just terrible and pretentious. It was torture not to skip some of the cut scenes.

And the builds/gameplay/balance - just terrible. I could not be bothered to learn new abilities, that is how uninteresting it got from me",False,5,1181
"I play on the lowest difficulty possible, and even after 50 hours, I still don’t understand the logic behind the battle system. I use Maelle’s Gommage Gradient Level 3 attack, and sometimes it does 272,000 damage, while other times it barely does 2,000.

I mean, what’s the fun in spending 30 minutes dodging attacks perfectly if your opponent has millions of HP? The other day, I spent 45 minutes on a single battle and dealt over 1.8 million damage. At that point, it just feels more exhausting than fun.",False,2,3128
It deserves all the awards it got.,True,1,5511
"This game man....
Look if you want a game that will rip your heart out, spit on it, stomps on it, and puts it back in and gives you a warm hug then this is the game for you. I promise this is one of those games that felt like a proper work of art in every way.

I will also add that while i loved the story and music, the combat got increasingly difficult with every new location especially in new game +

Buy this if you enjoy a good story, a beautiful world and music, and you want to cry like a child.
Genuinely best 60 dollars spent in a long long time.",True,1,4977
"This was an amazing and wonderful title. I thoroughly enjoyed it. Although Act III is where the story came to an utter crawl, the mystery lifted and the general momentum just focus on getting stronger. Suddenly it became a grind for the last boss...other than that definitely recommend.",True,1,4598
gg,True,1,905
masterpiece,True,1,2474
THIS IS ONE OF THE BEST GAME I  HAVE EVER PLAYED. 100/10,True,1,2045
Absolute cinema,True,1,1863
"Story hook is good, but the combat just did not work for me.

I really liked the idea of spells, weapons, combinations between each, setting up a big attack etc. and all of that was ruined by nonsense balance behind a single mechanic.",False,2,1670
"Looks and runs great. Excellent music and performances. You can tell this game was lovingly crafted.

The combat is interesting and challenging. I've only played a couple of hours, but I can already tell its deep and satisfying systems will keep me engaged.

Not much more to say, you already know about this game most likely. Its accolades are well-deserved and  you should not miss out on this experience.",True,1,184
fantastic modern take on turn based combat. great story. unique vision.,True,1,3089
"The first part of the game reminds me of back in the day when everyone had their own special way of getting their NES to work, like jamming a particular pencil in just the right way or blowing on the cartridge.  It took quite a lot of trial and error and sometimes just waiting while looking at a red screen (like the surface of Mars or something) during what were supposed to be cut scenes to get though the introduction part of the game.

After getting past the first stage on the island and on to the main game everything has run smoothly though.  With maxed out settings, I am getting good frame rate (around 70 in 4k), no stuttering or hanging.  I think there is a bit of disconnect sometime in the quality as much of the game is really pretty visually and the sound and music are excellent, but there some visual oddities and my character has got stuck in a T-pose trying to jump over a rock.  I am also pretty sure that on at least one of the bad guys that dodging just doesn't work.  I can perry, which is supposed to require more precise timing, but I can just not dodging to work on that one baddy.  

All that said, the game is great.  The story is compelling,  Overall the game is beautiful, the voice acting is mostly great (some of the grunts are kind of funny though), and after the first part it actually runs well.  The skill tree and abilities are very in depth but so far seem to be logical.  The bad guys are visually striking and fun.  The combination of turn based strategy, exploration, and reflex/timing attacks and defense make the game unique and fun.",True,1,289
Worth it.,True,3,15461
10/10,True,0,7293
"I've bought this game several times now even when I had access to it on GamePass. I've loved turn based games since I was a child so it was so refreshing to see one with the modern graphical fidelity. I won't say much but right off the gate the game grabs you and keeps you locked in. 

-Extremely rich story
-Turned based gameplay, very well done
-Sufficient side content 
-Unique compelling characters with grabbing backgrounds/story
10/10.

On a side note, this game was developed by a small studio and only charged $50. Keep this in mind for other AAA games are requesting $70, now pushing $80 for their games. Expedition shows that really amazing games can be made, don't need a massive budget, and can remain to be affordable for their customers.",True,2,3591
A masterpiece. I am not a fan of turn based combat but I still thoroughly enjoyed this game!,True,1,4335
"Firstly, I am not a big fan of turn based RPG. But this game is crazy good. Loved the idea of parry and dodge system as it keeps the momentum going during boss fights.  No wonder the CEO is a dark souls fan. 

Only game that had me in tears in first 30 mins. Such a powerful storytelling and the music on top of it. It's just too good. Loved the artstyle. It's stunning. 

Story & Characters - The story and the emotional depth and complexity is absolutely well written. Every act is full of twists and turns which no one sees it coming eventhough it is foreshadowed in multiple occasions. 

Artstyle and Music - Sirene is a best example of ""Video games are another level of art"". I could just stand there and watch the perfromance. 

There is a lot of cinematic cut scenes, longer ones as well,, so sometimes i felt like wathcing a movie than playing. And you shouldn't miss the cutscenes, just dont do it, you'll regret. 

Soundtrack is unbelievably good. After Witcher and Cyberpunk, this is one of the best soundtracks in gaming. 

It's a masterpiece, do not miss it just because it is a turn-based. It's one hell of an experience.",True,1,13024
Not my style of game. 10 hours in. its great.,True,2,606
"This is genuinely one of the best game I have ever played in my life, It was recommended by a good friend of mine, I was clueless at the time - just kinda brushed it off, maybe look into it later. Then I saw and was curious what it’s all about. Man! Best purchase I’ve ever made. (get this game now if there’s a discount!)

The gameplay is just amazing and I got hooked into it pretty quick since I love games where you can parry. I was addicted to it from start to finish - coming home from work just to play this gem for hours.

The characters and story of this game are well-written, the game art direction is so beautiful - there were instances where I’m just walking/running around and I can’t stop myself to take a photo screenshot of the settings of this game and its characters.

I won’t spoil the story - you just have to experience the journey and you will know exactly what I’m talking about.",True,42,4893
For those who come after,True,2,1934
Yes yes yes yes yes yes yes yes play this! Great game,True,1,1167
"> A game about grief; intent on giving you firsthand experience

## Why

- JRPG combat for a souls-like fan
- Incredible, emotional story
- Voice actors live up to their reputations and the composer earned one
- I've never taken more screenshots in a game
- Somehow walks the tightrope of funny/traumatic

## Why Not

- You hate games?
- You only have a Steam Deck :/

## Impressions

Some games are so hyped it seems impossible for them to ever meet those expectations. Most don't, especially in the AAA space. I'm pleased to report Expedition 33 is not one of those, instead joining the Silksong pantheon of games you've been endlessly told are the best thing you'll ever play then turn out to be _better_.

To be fair, Clair Obscur may as well as well have been grown in a lab to appeal specifically to me. It takes the turn based, unbelievably stylish but ultimately unengaging combat of Persona 5 Royal and adds... quick time events. Not the most original idea, Paper Mario did it long ago as did plenty of copycats. What sets these particular quick time events apart is the sheer _impact_ of them, and tying the defensive ones to enemy animations rather than flashing button prompts.

Right from the tutorial you can dodge attacks with a well timed button press, or parry them with tighter timing to gain energy for your skills and trigger a high-damage counterattack if you parry every attack in the chain. As if the gameplay rewards weren't enough to encourage parrying it's further promoted by how much better it feels through sound design and animation, peaking when you nail every attack in the chain and annihilate the enemy with damage than you otherwise could do in several turns (at least early game). This burst of damage, coupled with complete damage negation on successful parries and dodges, leads to the other inspiration for the Expedition's brilliant combat; Elden Ring.

Just like any good souls-like, if you learn their patterns well enough Clair Obscur's toughest enemies will fall even if you're well below the recommended level. This more or less eliminates any need for typical JRPG grinding; just following the main story will give you enough levels to take down bosses in a reasonable time. Enemies also don't just scale their numbers, they scale in attack pattern complexity (as well as introducing two new counters for different situations) and gimmicks to solve.

Something like an SL1 run probably isn't feasible; this is a JRPG after all. One notorious lategame boss has 50 million health; that'd probably be a multi-week ordeal of perfect parries with your paltry level one damage. But in more realistic scenarios you're unlikely to struggle; I followed the main story to exclusion of all side content up until the end of Act 1 and despite feeling challenged never struggled unduly.

Which is good, because the main story is really tough to set aside. The characters carry it, thanks to strong writing an predictably fantastic performances from a star-studded voice cast, but the overall plot is also strong and packed with twisty mystery. As expected of a world whose premise is a yearly culling of every human above a certain age, the story is pretty damn dark. However the writers managed to find plenty of opportunities to inject just the right amount of levity and silliness, keeping things from getting unbearably heavy. I won't go into details on the story because if you've somehow managed to avoid spoilers like I did you're in for a treat; suffice to say I'll think back to this game plenty over the years to come.

In conclusion Clair Obscur: Expedition 33 absolutely deserves all the accolades and praise which have been heaped upon it. If you like JRPGs, souls-likes, good stories or just games in general you absolutely need to play it. Fantastic work to the team at Sandfall, the voice actors and the composer; can't wait to see what they cook up next.

Some assorted thoughts to close:

- Graphical fidelity is as nice as you'd expect from a modern AAA title, but the environment designers absolutely outdid themselves on vibes & creativity. So many areas which wowed my as I saw them for the first time, even into the postgame.
- Forcing horny players into by far the game's weakest mechanic (platforming) to get swimsuit outfits is hilarious
- Speaking of hilarious, Esquie is the best. I wouldn't fast travel in the overworld even if it was an option
- I highly recommend the 'Better Mimes' mod to bring back the variety in movesets they're missing in the base game
- In Act 3 do the obvious stuff first; you can keep going after credits roll
  - And you'll get dumpstered if you try looking around haha",True,1,4595
divorce lead children to the worst place,True,1,2069
Best game in years!!,True,1,5828
"♥♥♥♥♥♥♥♥♥. Storytelling. 

I'm blown away by the twists and turns, by the story, by the visuals, by the acting, by the music. Masterpiece. Got me hooked like no other game before for years. No words can do justice, go play for yourself. It is a game with a rather darker tone, but is an emotional rollercoaster with tears, laughing, funny references and all.",True,1,4870
"I have never played anything in this genre before. Going into it, I expected a strange mix of Dark Souls and a JRPG, but what I actually experienced completely blew me away. The atmosphere, the depth, and the execution are incredible. A stunning game that thoroughly shocked and amazed me!",True,1,4074
"only ♥♥♥♥♥♥♥ evade, real men parry attacks.",True,1,2897
So good but I literally wasted my time with mini games...,True,1,6095
10/10,True,1,6720
"graphics look amazing, story is awesome, and gameplay is great.",True,1,419
<3,True,2,1653
Game of the year for sure! Yes i'll wait my turn,True,1,5825
"This is one of the games that I don't want it to end. This belongs to the Witcher 3, Elden Ring, RDR2 category of masterpieces.",True,1,2198
"Great soundtrack, interesting battle mechanics, and great story",True,1,703
"Playing this for the first on timely release of the unofficial DLSS 5. Man, the cutscenes and the game itself  transformed immensely like its an E3 quality trailer.",True,1,1238
PURE CINEMA,True,1,991
"Pros:
- The story, it is so well written. You will laugh, cry, feel perplexed, and get some sense of relief to the tension as it progresses.
- The combat! It is reminiscent of Chrono Cross or Legend of Dragoon where the player is constantly an active participant in every stage with the skill-based QTE moments.
- The Art! The characters, the environment, and the combat are all works of art. I could stare at scenes in this forever and take screenshots every few steps.

Cons:
- Potentially frustrating skill curve for some. If you love the rhythm and audio-based combat challenge for parrying, dodging, and countering, this is for you.",True,1,1079
The French really cooked with this one. Lowkey prolly in my top 3 favorite games of all time.,True,1,2406
"I only review games I've 100%.

Clair Obscur: Expedition 33 has one of the best stories I've played in years. The pacing is incredibly tight, the twists genuinely land, and the use of mocap, real faces, and phenomenal voice acting makes every scene feel unusually human. The characters are lovable, the themes are beautifully handled, and Ben Starr and Renoir's VA are especially incredible.

The soundtrack might be my favorite ever. It's classical, dramatic, emotional, and feels meticulously written around every scene. Understanding the French lyrics made it hit even harder. Robe de Jour has been permanently stuck in my head.

The UI and RPG systems are more mixed. Pictos and Luminas are fun to experiment with, but unlocking them through repeated battles feels like unnecessary busywork. The UI also feels oversized and slightly messy for a game where you spend so much time navigating menus.

My biggest issue by far is the difficulty design. Normal combat is fantastic. Parries, breaks, counters, huge damage numbers, all incredibly satisfying. But harder encounters often devolve into enemies one-shotting your entire party through absurd multi-hit combos that you basically have to memorize and perfectly parry. It stopped feeling challenging and started feeling tedious, to the point where I just built around one-shotting bosses instead.

Performance was also awful for me. On an RTX 5070 I dealt with constant frame drops, GPU crashes, and eventually DX12 stopped launching entirely, forcing me onto DX11. I even fought one late-game boss at around 15 FPS.

The completionist experience was actually one of the better parts. It pushed me into side content I probably would've skipped otherwise, and a surprising amount of it meaningfully expands the lore and strengthens the story even further. Hidden bosses and collectibles kept it engaging without becoming an insane grind, and I really appreciated not being forced into NG+ outside of a few missables.

Those gripes really hurt because underneath the balance and performance problems is a game I otherwise would've considered a masterpiece. Sadly, they soured the experience enough that I can't.",True,2,4132
this is a good game with great music and story,True,1,699
Just get it. It's a generational game.,True,2,4732
"One of the best story/gameplay ever among all the GOTY's. Just got done completing all the achievements felt great. Will play again next year.
Had this game on gamepass(PC) when they changed the pricing I just bought it here even though they chnaged the price back. Easily on of the best replayability out there.
Absurdly un-optimised especially right now, I don't know what happened. 1 year ago the game never crashed for me on Epic setting with 2x frame generation with Balanced DLSS 80-100fps. But in this current patch after some point in the game if I exit an area with the normal exit rather than from the flag to ""Go back to the Continent"" my game would crash everytime. I can only go back using the flag and no other way. I will try to write them somwhere if possible but overall I give this game:
9.5/10.",True,0,4385
Until Next Life (T_T),True,0,6401
"Story: 10/10
Emotional Damage: 10/10
Soundtrack: 100/10
Combat: Parry it!/10",True,0,15186
"One of the best games I've ever played. Characters and story are very well-written, combat feels amazing and very interactive, the world looks stunning, and enjoyed every second of it.",True,0,857
good game,True,0,192
"Incredible visuals. Challenging and fun game, with a story and characters that pull you right in.",True,1,4550
"It's like a WJRPG, combining the best of both worlds. Top notch writing, opera-esque soundtrack and impressive visuals for what is technically an indie team. Characters come with their own unique combat styles and emotional baggage. The main story in particular really is like nothing else. More like Exposition 33, amirite?

Turn based combat is overdue a resurgence but I do worry the parry system will become the standard. I found it quite annoying and it trivialises the tactical side of things once you pick up the rhythm. Also levelling up weapons with a finite resource? No. Let me experiment. Other than those nitpicks, it's flawless.",True,0,2674
"I don't care if you are not a turn based type of player. This games music, story and world creation is one of the best around in a long time. It is worth diving into this world and playing it through to the end if you enjoy a story that pulls you into the world itself.",True,2,2113
"Overall a good game but not worthy of a goty. The setting is interesting and the plot had some good twists but the characters are bland and most of the dialogues seemed pretty boring for me. The soundtrack is very nice and enjoyable, I liked the idea of an jrpg, the skills and synergies you can do between your rooster. 8/10",True,2,2305
"This has been an absolute treasure of a game. This is turn-based combat at its best. It feels fresh, new, and exploration feels rewarding. 13 hours in and I just can't wait to keep going.",True,1,804
good,True,1,563
"Wow is all i can say tbh ... The music, The art style, The voice acting (Monoco and Renoir especially), And the story / World building ... 10/10",True,1,4740
"great game, highly highly recommend",True,1,1228
A phenomenal game,True,1,2604
"It is going to be hard coming back from such piece of art. This game just set the bar REALLY high in terms of
- Graphics
- Storytelling
- Turn-based combat (much more entertaining that you would expect!)

Sandfall Interactive, you are GOATED",True,1,4251
Incredible game,True,1,6720
"Just finished the game. The story is indeed amazing like everyone said, but it feels very depressing at some points, but entertaining nonetheless.

Graphics are astonishing and the landscape feels like a fever dream. Soundtrack is out of this world, characters are well written, and the side characters like Esquie and Monoco are goated. Boss fights are cool, but I'm not a fan of the turn based mechanic, sometimes fighting a lot of these enemies in the game feels very VERY repetitive... Other than that, no complaints.

9/10 for me.",True,1,2213
incredible,True,1,472
Great game!,True,1,2523
"Absolutely incredible game.

It's a brilliant idea to mix the turn-based strategy of JRPG with the parry / dodge mechanic of the souls like genre. The combat feels both thoughtful and exciting because you need to think about how your character's skills work AND you need to learn how the enemy attacks. It's a really engaging system that in my opinion is a strict upgrade to the turn based formula.

The art is absolutely beautiful and the amount of effort / detail in the world is stunning. So many areas of the game I would stop and admire the environmental art. Characters are well written and acted. The story is emotional and the world strange and alien. There's 8 hours of excellent music and they make the boss fights so memorable. I can't believe how one 25 year old guy composed and orchestrated all the music with all the different instruments. It's a reminder of the insane amount of talent people have.

There are some technical issue with the game. I instant crashed on the newest Nvidia driver and had to roll back. The game and especially its character faces can look super bright and washed out in certain areas. I highly recommend downloading DLSS 5 if you have a 40 or 50 series Nvidia card and use frame generation to reach a playable FPS with DLSS 5.

This is my favorite RPG since the witcher 3. 10/10.",True,1,2432
"This game cares for and respects the player. Honestly, really refreshing to play a game with amazing story telling tempo, providing so many hours of just pure fun without BS filler side quests. If you felt out of love with modern games, this one might just bring the joy of gaming back.",True,1,1876
"Wow. I played Final Fantasy XVI and every moment of it was a slog, so I actually hesitated to play this for a long time because I figured I must have ""grown out"" of RPGs. Nope. This game was incredible! The gameplay was engaging, though I found parrying could occasionally be a little TOO frustrating. I would have liked a built-in way to adjust the windows without fulling dipping to the ""Story"" mode.

However, it is the story that really makes this a gaming masterpiece. I won't spoil it, but wow, this game is WORTH YOUR TIME.",True,1,4089
"i have no words to describe this game never played something like that 
probably the best single player game i have ever played It got me good...i wish i had the superpower to erase my game memory on command Just to revive this game again and again

Sandfall Interactive i tip my hat to you 🇨🇵",True,0,2590
goated,True,1,474
"Amazing game, with great combat, story and music. Definitely one of my all time favourite.",True,1,6578
wheeeee!!!,True,0,10097
Sick story,True,1,2381
"Going to be one of the few who wasn't crazy about this game. A lot of my friends enjoyed it who also have the same taste in games but I couldn't get into this. The game's beautiful, the story is interesting but there's too many sad moments. There was never a very happy moment in the game that made me feel any connection to the characters. and I love sad stories but I need to feel something for the characters beforehand. The only relief for a happier character are the mythical creatures but that isn't enough in my opinion. Gameplay wise, I love turned based games but I wasn't a fan of this. I didn't enjoy the dodge feature. It's not because dodging is impossible, friends told me you can hear when you need to dodge but that makes it difficult for anyone with hearing impairment. As an RPG game, I also would really appreciate a map while I'm running. I was running around in circles a lot until I got tired of being lost. I think they could have many more accessible options for players that wanted to turn them on.",False,1,864
"If you're not a fan of quick time events, stay away from Claire Obscur because the game relentlessly spams you with them hard.",False,2,817
good music. they are french tho,True,2,685
Amazing,True,1,2696
"After hating this game for so long, I'll admit it. I was wrong. I get it now.",True,1,3407
peak,True,1,765
Good game developed by a bunch of froggies nonetheless,True,1,6222
"It swept the game awards for a reason, so do yourself a favor and finish the story.",True,3,6153
"Yeah, this game is 11/10.",True,1,3052
"i like it a solid 8,5/10, good story, good combat, but the last few hours felt repetetive for a bit, personaly not a masterpiece, but still very good, i recomend",True,1,2415
"Stunning first effort for a new studio. Gripping story, fantastic battle mechanics, and a wonderful belle epoque aesthetic.",True,4,6389
"It was a beautifully made game. The gameplay was fun, the world map system captures early JRPG style and they enhanced it even more.
The story was bitterly beautiful. They says french story are often tragic. I guess that's why.
I enjoy the combat and building the characters, but the punishment of failed parry and dodge felt too harsh for me. Which makes me frustated because I want to know what's next for the story but got stucked in the boss fight.
I played this game both on my lenovo legion go 2 and my daily driver lenovo yoga pro 7i.
The legion go 2 able to play this game decently.
If there's one thing I wish, I wish what they did on clair obscur 33 can be re applied to other games that has more... lively world where the stake is not necessarily world ending.",True,1,2183
GOAT,True,1,2419
this game redeemed France as a nation in my eyes. it lives up to the hype man what else can I say,True,1,1126
Absolute cinema,True,1,5372
"Super unique gameplay, super unique story, super unique combat and exploration, beautiful cutscenes. Nothing else to say.
Buy dat ♥♥♥♥",True,1,2500
French Final Fantasy,True,1,747
"# C’est magnifique!

This game takes some of the best things from Japanese JRPGs and combines them with a distinctly European sense of taste, especially French culture in the broadest sense - Belle Époque, art and that whole aesthetic.

From an audiovisual perspective, it’s fantastic. I don’t know enough about music to say much from a technical standpoint, so I’ll just say that it fits the game perfectly, creates an amazing atmosphere, and is genuinely pleasant to listen to. I’ve caught myself listening to the soundtrack outside the game more than once, which is probably the best compliment I can give it.

The visuals, though, are absolutely gorgeous. Both artistically and stylistically, as well as technically - textures, details, etc. - the game looks incredible. The only visual artifacts I’ve noticed were some weird hair artifacts caused by DLSS, but that’s more a limitation of the technology itself than the game, and unfortunately you can see similar things with hair in pretty much every game using it.

The locations and scenery are beautiful, and the way the different areas connect together works really well. That said, the game does reward exploration, and it’s not always immediately obvious where an invisible wall is hiding something or whether there’s another path you can take. Still, it’s not particularly problematic, and discovering something tucked away somewhere feels rewarding.

## Combat

If turn-based combat usually puts you off, or you simply don’t find it appealing, I’d still strongly recommend giving this game a chance.

The combat here is turn-based, but also “active”. You have QTEs during attacks (optional, and you can disable them in the settings), as well as parries and dodges during defense. It makes the whole system feel much more dynamic than what you’d normally expect from a turn-based RPG, and it’s extremely satisfying to play.

The perfect parry mechanic in particular is fantastic. Getting the timing right and immediately turning a perfect defense into a counterattack feels great, and it gives you plenty of room for actual skill expression rather than just relying on character stats.

## Character progression

Character progression is also very well designed. Each character has different skill trees that unlock abilities which actually matter. They give you different ways of dealing damage and interacting with combat, rather than just being the usual “+20% damage” upgrades you see in so many other games. Not pointing any fingers.

Weapons work in a similar way. Choosing a weapon isn’t just about comparing boring stat increases. Weapons also come with different elemental affinities and a set of three perks, and those combinations can genuinely change how you play.

For example, there’s a weapon that rewards staying at low HP, which naturally encourages a much riskier playstyle focused on parrying and dodging. You can then combine it with abilities that, as an additional cost but also a benefit in this context, bring your character down to 1 HP - and build around that.

On top of that, there’s the Picto + Lumina system, which lets you add even more perks to your character based on your chosen build. Continuing the previous example, there are perks that specifically reward you for being at 1 HP.

There aren’t a huge number of characters compared to, say, a typical CRPG. You have five available characters, and you choose three of them for a fight. Alternatively, you can go completely lone-wolf and fight with just one character, with Picto/Lumina options that increase your power when fighting alone.

## Story

The story is engaging, interesting, and mature, while also knowing when to get out of the way.

There aren’t long stretches where you just sit there watching cutscenes for two hours or listening to characters talk endlessly. The game manages to tell its story without constantly taking control away from you, and I really appreciated that balance.

Overall, this is one of those games where the individual parts just click together. The art direction, atmosphere, combat, and progression all complement each other, and the result feels very coherent.

J’adore!",True,1,4467
"It has one of the best—if not the best—stories, writing, and characters. Every time you think you understand what is going on, the game hits you with another twist. Perfection. Combat becomes a chore after 20–25 hours, so you start running away from every fight; not because the combat system is bad, but because enemy turns take far too long. That is always the issue with these kinds of games. Other than that, the only real drawback is the lack of a map and fast travel between flags. Additionally, the optimization is rather poor.",True,1,1823
"Très marrant,personnages incroyables,histoire fascinante",True,1,450
اقيمها 33 اتشيفمنت من 10,True,1,3540
It's nice they added a full game to some good songs. The game is actually really good.,True,1,3045
perfect,True,1,3413
"Peter: But since we're all gonna die, there's one more secret I feel I have to share with you: I did not care for Expedition 33.

Lois: What?

Peter: Did not care for Expedition 33.

Chris: How can you even say that, dad?

Peter: Didn't like it.

Lois: Peter, it's so good! It's like the perfect game!

Peter: This is what everyone always says. Whenever they say...

Chris: Charlie Cox, Ben Starr, I mean, you never see, Andy Serkis!

Peter: Fine. Fine actors, did not like the game.

Brian: Why not?

Peter: Did not...couldn't get into it.

Lois: Explain yourself. What didn't you like about it?

Peter: It insists upon itself, Lois.

Lois: What?

Peter: It insists upon itself.

Lois: What does that even mean?

Chris: Because it has a valid point to make, it's insistent!

Peter: It takes forever catching the flow; you spend like six and a half hours of abstract storytelling... You know, I can't get through, I can't even finish the game. I've never even seen the ending.

Chris: You've never seen the ending?!

Stewie: How can you say you don't like it if you haven't even given it a chance?

Lois: I agree with Stewie. It's not really fair.

Chris: It's outrageous.

Peter: I have tried on three separate occasions to get through it, the game looks ok- just pours all of it's visual identity towards realism and France, character development to prepare you for romance and interactions and deaths is non existent, the game doesn't know if it wants to be QTE or turn based, it doesn't properly pace every foundational mechanics for the turn based system, which is then practially rendered useless by the over-buffed perfect dodge and QTE parry-counter attack system, and I get to the battle for Lumiere and all the guys are standing around waiting for their turn to attack and-

Lois: Yeah, it's a great combat system. I love that combat system.

Peter: I have no idea what they're doing. It's like they're playing a different gen—You know, that's where I lose interest in it.

Lois: You know what, Peter?

Chris: It's reactive turn-based!

Lois: The mechanics they're using are mechanics of subtlety; it's something you don't understand.

Peter: Oh no Lois, i fully understand that, and that there are people that like the game, it is just not for me and don't get me started on the mainstream gaming industry at the point of writing this review.",False,35,2407
The best game that I've played - the plot (story) is a masterpiece,True,4,5562
Peak,True,0,1799
"Phenomenal. Everything I love about games, media, and art in general. Clearly made with a singular, creative, vision with the goal being to create a wonderful game and nothing else.

A love letter to epic, sprawling, narrative-driven JRPGs of the past with a very unique premise. Gameplay of course takes a more reactive, and action-inspired approach of souslike games, especially parry-forward ones; and mostly succeeds, however there are some potential balancing issues especially towards the end of the game (or maybe non-issue if you enjoy power fantasies and creating overpowered builds that can trivialize encounters). Narrative, music, art design, is top notch. Everything in this game was made with care and detail and it shows in spades.",True,2,3564
"I just LOVE this game. The graphics, the story, the worldbuilding, the music. Everything is so great.",True,1,2932
"This is easily the finest turn-based game I’ve ever experienced. The addition of real-time mechanics alongside deeply unique character builds and versatile combos keeps the gameplay feeling beautifully dynamic and high-reward. Beyond the stellar combat, the characters stole my heart, and the story struck a chord deep in my soul.",True,0,7412
"More than a turn by turn RPG with real time mechanics game, it is a Souls-like game turned into a turn by turn game.
In classic turn by turn RPGs, you can take quite some hits before dying.
Here, HP and Defense stats are useless against bosses, you die in 1-2 hits even with points in them, Evade and Parry are mandatory.

People said if you like Final Fantasy, then you will like this game.
I would says, if you like Final Fantasy AND Dark Souls/Elden Ring, then you will like this game.

My experience is quite mitigated as i'm not a fan of Dark Souls games...

Other than that, the game is doing great on any other aspects. Good visuals, Good OSTs, Good story. Synergies can be built between characters. Skills set limitation makes building builds available. Lots of buffs and debuffs to be taken into account, making combats interesting.

I'd recommend the game for anyone liking the aboves.

For people like me not a fan of Dark Souls and having an exhausting day at work everyday. I wouldn't recommend the game unless you are ready to get even more exhausted.",True,0,2947
"Incredible JRPG, but not as fantastic as I hoped. A couple of things I dislike first, the combat and balancing being the worst one. In the first few hours it is really fun, but it gets really old really fast. I love parrying in general, but the window for parry here is ridiculously small for a game that advertises itself as a JRPG with parry gimmick lol. It is fine throughout the main story, but in the postgame, it gets really bad, as the game turns into a hybrid closer to a soulslike, but more unfair, cos you usually get one or two shotted while the enemy's hp bar is as bloated as Esquie. I am sure you could make hyper specific builds that counter that, but that is beyond the point. And I don't buy the ""it's a superboss"" excuse, as I have never seen superbosses in other JRPGS that are both tanky and extremely lethal. That brings me to the balance as well, cos I think parrying and dodging negating all damage is genuinely a curse in disguise. You can get overleveled for the story so bad, that you basically one-shot main bosses, as they are poorly scaled. On the other hand, no matter how much you level up, the superbosses or postgame bosses will always remain extremely punishing, requiring near no-hit gameplay. So yeah, balancing is poor. That was my only gameplay issue, and despite that it was still fun more often than not, so it is def not gamebreaking. Another weakness is the story. Now, I think it is generally great. With how it ends, it seems like it was specifically made for me to love (I adore grief/emotional games). Unfortunately, what should have been a slam dunk, was a small disappointment. And the reason is that the story is just too rushed in the end, and wastes too much time on useless plots. I don't want to spoil or delve into it too much, but point is, the story reveals itself as grief tale EXTREMELY late, far too late for it too hit. It pivots hard from what it was, which would indeed be a really good plot-twist had the latter segment been developed enough. As it is, it is still good, still emotional, but falls flat a bit for me, especially since I saw stories like that done much better. Omori tells a similar story to E33, but much better, as it is more focused. E33 just wastes too much time on plot that ends up being worthless in the end, while not giving enough to the one that matters more. Anyway, onto positives...Visually it is phenomenal, looks gorgeous, and works well too. Characters are amazing, I love them all. And music is BY FAR this game's strongest point, omg it is sooooo good. But yeah, great game overall, def can recommend!",True,0,6125
awsome game,True,0,329
"10/10 story even though some people dont like ending or act 3
101/10 music. music from this game is part of my regular playlist after finishing a playthrough. i dont even understand it.
combat is mixed of both turned based attack and dodge/parry so mix of both world. As someone who can't into turn based games, this is a great combat system.
plenty of build variety if you want replayability. you can do different weapons/skills/characters
Alot of enemies have margit type attacks which can be funny and annoying at same time. 
There is story/balanced/expert as difficulties. something for everyone. I played on balanced and it was well... balanced. felt very challenging at times. but not frustratingly hard.

Game has funny elements throughout. It will make you cry at multiple ocassions. Story is very intriguing to keep you hooked. It got everything.
Learning about other expeditions is also fun
I love gestrals.

10/10 gaming experience. 101% recommended.",True,0,5222
"For those who come after.
Highly recommend. 
Soundtrack, story, voice acting, art style, combat, all great.
Wish I could go in blind again, though I've enjoyed player reaction videos.

Congrats to Sandfall for winning all those awards.
Looking forward to their next game.",True,0,3420
"The "" Thank you update"" I feel they pushed political views and I don't validate that in forcing politcs through games.",False,1,11585
"Great game !  Beautiful, interesting, challenging enough with a  good story.",True,0,2509
"This game is fantastic. Reminiscent of the good old turn-based combat from 
ff7&10 and LOTR third age, dressed with modern graphics. The story of this game captured me like no other game before. Excellent 11/10 definitely recommend.",True,1,7069
-,True,1,2772
oe,True,1,7351
i liked the story and gameplay and i recommend it even to people like me that don't pay turn based combat ofter,True,1,2329
A truly sensational experience if you love a good story :) I was initially skeptical as the gameplay was not originally my cup of tea but it grew on me - The devs had put great attention to detail into their game and I look forward to seeing it through to the end :D if you pardon the comparison it is like Raid Shadow Legends combat but waay more detailed in an intuitive way.,True,2,1463
It's been a while since a game has left thinking about it even after beating the game. It makes me want to start over and play it again.,True,2,2033
You know what's the worst feeling to play this game? I'll never experience THIS PEAK AGAIN 🫠,True,4,4557
gustave fring,True,1,642
For those who come after,True,1,458
I like it,True,1,351
"All I have to say is that I originally bought and played it on PS5, but after switching to PC, I loved this game so much that I ended up buying it again and am currently playing through it for a second time. It’s even better than I remember, and it’s easily in my top three favorite games of all time.",True,2,1279
"no words for it. deserves GOTY status, one of the best turn based games i have played in a while. good story, good visuals, good worldbuilding, good endgame as well. [spoiler] thank you simon for making my life a living hell [/spoiler]",True,1,6624
"I love this game with a passion. its a masterpiece.  i already beat it, and now im gonna beat it again on steam. 100/100",True,1,120
67 mentioned ✅,True,1,3320
"Great story, great art style and great scores",True,1,1396
The theme song of this game reminds me of the best pizza I ever had: Brisket. Oh and the atmosphere is amazing.,True,2,527
"Wow. I have never, *never* played a game like Clair Obscur: Expedition 33 before. What an absolute game changer. From the story to the stunning visuals, to the combat and characters you can't help but love, this game is such a beautiful love letter to gaming. If I could erase my memories and play this game again for the first time, I'd do it 33 million times. Merci, Sandfall. What a brilliant game.",True,2,3985
"Amazing definitely deserved GOTY.  loved the soul like mechanics merged with turned based, it gave me a unique experience, the soundtracks on top of the gameplay is a masterpiece, the music goes sooooo hard one of the best jpgs i've ever played

Story: 10/10.
Visuals and world: 10/10. loved the french inspired art syle
Characters: 10/10.
Gameplay: 9/10.",True,0,3353
What can I say about this game that cannot be demonstrated by the nearly 200 hours I sunk into it? Three full playthroughs did nothing to diminish the awe I felt at every twist and turn. Sandfall has created something truly magical with Expedition 33 and I cannot wait to see what they do next,True,2,9960
"Now I know why it got so many AWARDS
AND YOU SHOULD AS WELL!",True,2,5243
Absolute PEAK,True,0,567
"Was wondering if the hype was warranted then played it for myself, it was an amazing experience",True,1,1454
"I played Clair Obscur: Expedition 33 for around 70–80 hours on Xbox, and honestly, I enjoyed the hell out of this game.

Unfortunately, I lost my save file on Xbox. Instead of leaving it there, I actually bought the game again on Steam and started from the beginning. That should tell you how much I loved this game.

This is also probably the first game I’ve played where I actually kept the music on the entire time. The game is ♥♥♥♥♥♥♥ beautiful. The aesthetics, the world, the characters, the arenas, the fights—everything feels so well built and carefully designed. The characters are genuinely lovable, and the story and build-up kept me invested the whole way.

The combat and build mechanics are something different from what I’m used to, and that’s what made the experience even better for me. It doesn’t feel like just another turn-based game.

No wonder this game got Game of the Year. It absolutely deserves the love it received.

I’m literally playing the entire game again from the beginning on Steam, and I’m going for 100% this time, for sure.

100% recommended if you’re looking to try something new, especially if you’ve never really played this kind of turn-based RPG before.

Go for it, You won’t regret it.

And whatever you do—**never skip a cutscene.**",True,1,329
"The game just crashes whenever I start a new game since I don't have the right GPU, but the title screen music alone already says this game is peak.",True,1,19
"Truely one of the most beautiful games of all time, in every definition of that word.
The story, gameplay, world, characters, and the music, especially the ♥♥♥♥♥♥♥♥ music. 
It all comes together to create one of the greatest masterpieces in gaming since Bioshock, and just like Bioshock, I gurrantee Expedition 33 will be used as a prime example for games as an art form.

To put in perspective how good this game is, I originally played it to completion on gamepass, but after cancelling my subscription, I then bought the game for full price (with the deluxe edition) just to play through it again.",True,0,6588
"Great storyline, beautiful maps, and an unforgettable experience. 10/10.

Some side quests, however, had me rage quitting and launching my controller across the room. 

Would absolutely recommend. My controller would not.",True,1,3173
One of the most gorgeous games I've ever played. A feat celebrating art and story telling. A must play for final fantasy fans.,True,1,898
One of the best art / story / tight gameplay combos of all time. I almost cried during the Prologue. It just keeps getting better. Worth the finish.,True,1,2671
"Gra jest w porządku. Grafika robi wrażenie dopracowanej. Postacie są dobrze zaprojektowane i różnorodne. Przypominają wyglądem aktorów. Efekty wizualne na wysokim poziomie. Muzyka symfoniczna, orkiestra, chór (Może być męcząca, można ściszyć). Gram na 4K z jakimiś tam DLSSami włączonymi, nic nie szarpie. Jest trochę bugów, ale do zaakceptowania (np darcie klatki podczas wstawek, ale podobno jest fix na Codeberg). Jak dla mnie gra jest bardzo dobra i dobrze się przy niej bawię po 1.5 letniej abstynencji od grania.",True,1,579
"The best analogy i can think of to describe this game is with the TV-Show Queens Gambit: I absolutely dont care about chess and neither have i ever really played or enjoyed playing chess. However even though the Show is about Chess i simply couldnt stop watching it and binged through till 5am because the story was so incredibly captivating and it just gripped me right away. 

Clair Obscur: Expedition 33 is to turn based RPG what a queens gambit is to chess: it literally doenst matter if you like JRPGs or not, the story of this game is like nothing i have ever experienced. This game has easily become my top 3 favorite games of all time and in my opinion surpasses the last of us part 1 and RDR2 and both God of Wars. I seriously feel bad for anyone who passed on this game simply because they heard its turn based combat (i was nearly one of those people).

My advice: DONT LOOK UP ANYTHING AND DONT READ ANYTHING ABOUT THE STORY",True,1,976
"easy to see why this is GOTY. dont think about it, just buy and enjoy.",True,1,3132
What a game! If you are checking reviews trying to decide whether to play this game... Just go for it. Had a great time playing this. The music is 10/10 too.,True,1,3668
"This game is pretty fun. I haven't been able to play it ever since it did the anniversary update  keeps saying fatal exception with a bunch of dll and exe files, which is really disappointing for me.",True,1,2262
"Well-deserved GOTY. Expedition 33 is visually and emotionally resonating, with an OST as shocking as this small studio's impact on the gaming industry. Seriously, a SoundCloud producer joins a small team of former Ubisoft developers and creates this masterpiece? The best games do not come from the AAA studios anymore.",True,3,3943
deserved goty,True,1,649
A well-deserved GOTY! Work of art.,True,1,4682
"awesome game, I was worried that it would be too story based but it has a lovely balance",True,1,410
Perfect!,True,1,3696
So far its gr,True,1,354
Absolutely beautiful game!!,True,1,414
"It would be a sin not to give it thumbs up. Beautiful. Interesting. Satisfying. A gem I was thinking about even before actually picking it up to play by myself. The music, the feeling, the atmosphere, the story... I wish the studio all the best so that they can release more games like this.

Only... Be so kind and do not include more Gestral beaches in the future...",True,1,2571
good story and good game play,True,1,259
JUEGUENLO CTM,True,1,2408
Simply masterpiece!!!,True,1,575
Great work. No notes.,True,1,4967
I'm addicted,True,1,2539
I know it's gonna be GOTY when first soundtrack start,True,1,4289
Everything about this game is perfect. This is the perfect game. It changed my life.,True,2,7042
very good but slightly overglazed...really good though...maybe i dont like french music that much..,True,2,961
"It is a very beautiful game, there are flaws but if you love a game with a great story then this might be for you.
The details I would critique unfortunately falls under spoilers..",True,1,4010
"Good game, would recommend",True,0,2559
"Wonderful. The combat system is very fulfilling, the loadout possibilities are rewarding, and each character has a very unique feel.
Not only that, the story is narrated in a beautiful way, and the music and general aesthetics are superb. You can see some AI use here and there, which for me excludes it from being a masterpiece; but, overall, a good product, and a big addition to the genre.",True,0,2139
"Best JRPJ I Have every played.

Amazingly written, very good exploration, gameplay with the right amount of frustration on expert without feeling unfair.",True,0,6163
"MAGNIFIQUE! erm dont think twice just get it .. so many builds to do cool fights,amazing art amazing storyyy wowwow wow. For those who come after.. ok bie",True,0,2930
Simply a masterpiece,True,0,1679
"One of best written story with great graphics, I enjoyed playing this game from the start till end.",True,1,2183
This game broke me completely. More than anything ever did.,True,1,6970
"As of latest nvidia patch, 9/3/26 this game just crashes every time i launch it. ***Forcing dx11 and turning off steam overlay finally made it past the title screen, so i can enjoy this Masterpiece one more.",True,1,158
Turn based games are boring. Except this one. It is spectacular and a must play.,True,1,2272
A fantastic game. I had many good experiences playing it. Excellent storyline. Deserves GOTY.,True,1,1776
Outstanding,True,1,3070
"I am usually not a person that writes reviews, the only other review I've written was a low-quality Subnautica review... so this would be my second one. I just finished this game and all I can say is WOW. Everything in this game is perfect... the scenery, the characters, the story, the combat... EVERYTHING. If you're looking for a game that will be: fun to play, interesting to watch, easy to immerse yourself in and at the end of the day maybe even make a couple tears come out of your eyes, look no further. If anyone from the Sandfall Interactive team is reading this you have truly outdone yourselves and I hope that it brings joy to any and all of you that you were a part of this fantastic experience. That's all folks, this review is for those who come after :)",True,1,1618
"The turn-based is false advertising, this is a QTE combat system. there is some build variety, but if you don't dodge or parry well the combat sucks because it's too difficult, once you learn it sucks because it's too easy. Story is overhyped. The setting is fun, and very well designed. The central mystery is cool, but failed to keep me engaged. I don't know, it might be gold after act 2, but maybe 5 hours into act 2 I realized I was forcing myself to play it and it just wasn't fun for me. The story presents itself as incredibly deep, but for me it had a lot of drama with very little substance. 
I have no idea why it's so highly rated, feels so weird to me, that I had to write a review))",False,17,1321
"good story, good music, felt bad for lune in the ending, love her big flat feet though.",True,1,4405
"Just buy it, its worth every penny.",True,1,3777
"me dont leave serious review but for this game....
this game beautiful 
combat was fun every cutscene felt like a reward characters were likeable crazy plot
no complaints
whoooo/10",True,2,1904
dank sex,True,1,11937
"first time playing a turn-based game, 10/10 music and super fun boss fights. will be going back for post-game content",True,1,2343
"After 42 hours, I think I can finally write a proper review.

Expedition 33 is one of those games that genuinely pulled me in. The atmosphere, art direction, music, and storytelling are all incredibly well done. As I kept exploring the world, I constantly found myself thinking, “Okay, just a little bit more.”

The combat is probably one of my favorite parts of the game. At first, it might seem like a traditional turn-based system, but the dodging, parrying, counterattacks, and timing mechanics make every fight feel much more active. You can't just sit back and wait for your turn — you actually have to pay attention and react to your enemies.

The characters also deserve a lot of credit. Their stories and relationships made me genuinely invested in the world. As the story progressed, I kept wanting to find out what would happen next.

After 42 hours, the biggest thing I can say is that I genuinely enjoyed exploring this world and spending time with its characters. There were moments where the game challenged me and definitely tested my patience, but I never reached the point where I wanted to give up.

In short, if you enjoy story-driven RPGs, turn-based combat, and beautifully crafted worlds, I highly recommend giving Expedition 33 a chance.

42 hours in, and I still have that “just one more thing…” feeling.",True,0,2553
instant top 5 games of all time. made me enjoy tbc. 11/10,True,1,1665
Yes.,True,2,71
absolute cinema,True,1,3006
"100% deserved game of the year!
Great game!",True,2,5199
sick game,True,1,2209
"If I had to choose between two pieces of art, one was to be incinerated and one was saved for future generations.  I would choose Clair Obscur every single time.  The Mona Lisa is trash compared to this one.

But why is it a masterpiece?  There are no shortcuts taken in this game.  Areas are fully developed spaces.  There aren't cut to black transitions.  If you fall down a hole to get to the next area, the entire fall is seen.. There is detail and beauty in this game that you will see for a few seconds and then never again.  No shortcuts.  Character arcs are beautifully acted, expertly written, and they take their time.  There are so many small moments between characters that don't advance the plot.  Instead they reveal with subtlety what makes that character tic, and better yet it shows how the characters have grown.

Even with all the awards this game has won and all of my friends telling me I needed to play it, I somehow still came away impressed.

This is it.  A once in a lifetime experience.  If you have ever enjoyed an RPG or thought you might like one, buy the game at full price and dive in.  This is art, and like all great art you will not come out the same after experiencing it.  You will feel something.",True,1,4197
Great game.,True,1,1255
"What is there to say? If you like games, play this one. If you like stories, immerse yourself in this one. If you like great dialogue, enjoy it here. If you like soundtracks that will leave a lasting impression on you for years to come, listen here. If you like being amazed at the beauty and creativity of human beings, open your eyes and let your jaw drop. 

I've played a lot of video games in my 22 years, and this is one of the only games I'd consider perfect in every way.

Clair Obscur: Expedition 33 is a game like no other. Sandfall Interactive deserves every bit of the praise they endlessly receive for this artistic masterpiece.

Clair Obscur, you deserve to exist. Now and forever.",True,2,5450
"Minor spoilers:

Nothing bad to say about this game except that the new update that came out in December, the new zone is really cool and all, but the new bosses in Endless Tower are way too overtuned, these new bosses reminded me of FF12's Yiazmat, a boss that takes so long the player gets bored because these bosses have like 3 attacks but they are all like 20 hits in a row + other crazy gimmicks. 
- If these bosses gave more than 20x luminas and 3x lvl 32 and 1x lvl 33 upgrade materials, I would consider beating them at some point. But the effort-to-reward is not there with these bosses unfortunately.
- There's not even an achievement for these bosses, so you can't even brag about it.  

Kill a boss that has 6 lives, why not just increase its hp to like 6x to make it make sense... These bosses are a big minus for me about this game. I do love beating hardest bosses in these kinda games but this's just not it.
- It's not that I find them too hard, but just too boring as the fight drags on too long. What if I wipe at boss at 20% hp? I just spent an hour doing all that dmg -> I quit, because I'm not having fun
- YIazmat takes about 30 minutes to kill with 4x speed on in FF12 (as a reference) without 4x speed, it takes like 90 minutes+
- I just hope these devs don't get too comfortable and start doing too much crazy and/or overtuned stuff, because that'll probably start a downhill for them.",True,1,5005
good stuff,True,1,17131
wow,True,1,2556
absolute kino,True,1,1727
Absolute Cinema.,True,1,959
My dad kept trying to get me to play this game and I didn't for the longest time. I feel stupid now,True,1,1053
peak,True,1,2037
mazen makawi game 33 👅👅👅👅👅👅👅👅👅👅👅👅👅👅👅👅👅👅👅👅👅👅👅👅👅👅👅👅👅👅👅👅👅👅👅👅👅👅👅👅👅👅👅👅👅👅👅👅👅👅👅👅👅👅👅👅👅👅👅👅👅👅👅👅👅,True,0,1935
mamable,True,2,1258
"The game is bad.

Liked the cutscenes.
The gameplay and combat feels shallow. For me it was a postitve at the time becuase i'm bad at turnbased games, so you can say that this was a little refreshing at the time.
The parriyng at first was fine for me, but the more i played , the worse it got. It's like they copied another game that also focuses on parriyng, but never understood how or why those ideas and mechanics actually worked. It also just didn't feel like the timings of attacks were consistent, you know, from a technical standpoint.
The QTE was fun at first you could say, but became very boring and repetitive fast. The animations on some attacks(the players attacks) were also very long, that made the gameplay even more annoying and bothersome to play.
The enemy attack patterns and animations felt weird and didn't make sense to me.

Had like two or three good moments in the game, that i thought were cool or a little hype you could say.

The graphics and particle effects of the game is good and looks pretty, with fluid animations. Can't really say anything positive about the enemy designs and the enviroment. Their are places in the game that looks good, maybe you could even say beautiful, but mostly just from the good graphics, not more to say about it. It just all looks the same.

The story is fine i think. They try to get you invested in the characters and the world as much as possible , but never leaves room to just let the story and characters breathe, always trying to show that that the story is hiding some plot twist or secret, like they expect the players to be interested in the story from shock value alone.

The characters are also much the same. They talk about their tragic moments and what their ideal life could have been, but, it's like the story expects me to care about it becuase it's depressing. 

The best way i could descibe it is, conflict. The story and narrative focus heavily on conflicts born from tragedy's, but instead of it having any element's of chaos in it, it instead feels purely their to drive the narrative. Nothing more, nothing less.

This part may be a kind of spoiler, but doesn't include anything that actually spoils what precisely happens, but i felt it's important to actually talk about. (So, when you get pretty far into the story, you get this plot twist, that the story have tried to ""hint"" at you could say, this whole time. The thing about it is, that it's really bad. It's like the whole reason behind the story and plot, but they talk about some third faction of the game we never heard or was supposed to know about, and even after learning about their existense, they dodn't even elaborate more on it. Like what? makes no sense.)

Music is subjective, but i bought the game becuase i saw one of their more cinematic trailers on steam when it was advertised on their, so that's all i will say.

I played through the whole story on normal dificulty. It made more sense for me, becuase i could experience both the turnbased strategy of the game and the more in real time events instead of it just relying on offence and parrying attacks. Oh yeah, the dodge mechanic in this game is useless and have no reason being their.

I like games like sekiro with it's challenging(not so challenging after playing 100+ hours of it) and engaging combat, and also have begun liking games like perosna 5 with it's turn based rpg mechanics, even though i get obsessed with something in the game and end up having a really bad team composition.

Thanks for reading the review. (I most excuse my grammer, as i'm still learning how to properly write in english) I would recommend buying the game on discount.",False,4,3090
"Absolute rollercoaster of a game, everyone should play it.",True,0,3183
"[h3]One of the best combat systems I've played in a long time.[/h3]

It's technically turn-based, but it layers real-time parrying and dodging mechanics into every combat encounter, so even small fights have some real tension to them. It reminds me a little of Baldur's Gate 3, but with a touch of Fallout 2 thrown in, though I can honestly say I haven't played anything that blends the two styles quite like this and so well. There's a real skill ceiling here too - I can tell I've barely scratched the surface of what's possible if you get good at the parry timing.

The team-building side strengthens this too. Every character has a different skillset and plays nothing like the others, and there's a surprising amount of depth in how you build out both your active team and your reserve.

[b]Pros[/b]
[list]
[*]Combat system that's genuinely unlike anything I've played before
[*]Deep, character-specific skill trees that actually change how each character plays
[*]Story hooks you fast - the beach landing in the first couple of hours is one of the best-shot scenes I've seen in a game
[*]Likeable cast (Esquie's one of my favourites <3) that makes the story's harder moments land as they should
[*]Gorgeous, detail-rich environments that do a lot of the world-building just by existing
[*]Boss design is consistently excellent - the Lampmaster intro (lamps flickering on one by one as you walk through a dark cave) is one of the best moments of anxiety I've had in a game recently
[*]Regular enemies have distinct, learnable patterns, which makes almost every fight feel fair once you know what you're doing
[/list]
[b]Cons[/b]
[list]
[*]The expedition logs and other collectables feel like an afterthought. There's clearly a story there, but it's told with minimal effort, like it exists just to justify the save point markers
[*]A couple of difficulty spikes feel unfair unless you've got your reactions down to the millisecond; some hits will basically one-shot you while the enemy shrugs off 50 hits from your entire team
[*]NPCs are hit or miss - usually a few unique lines, but rarely anything that will actually stick with you
[*]Enemy variety can wear thin in the rare stretch where you're only fighting one type. Thankfully, most areas mix things up
[/list]
Performance-wise, it's been running smoothly for me with no crashes or noticeable issues. PC specs attached. [i]Note: I am using DLSS and getting around 60fps consistently on my rig.[/i]

I haven't finished the story yet, but I keep getting pulled back in every time I turn the game on, and it's had some genuinely great twists so far. Easily one of the more original and gripping games I've played in a while",True,4,915
"Clair Obscur feels like a game that knows exactly what it wants to be. It mixes fast, rhythmic combat with a dream like world that’s constantly shifting around you. The characters are strange in the best way, the art direction is stunning, and every encounter pushes you to stay sharp and creative. It’s unforgettable a tight experience that leaves a strong impression. A must‑play.",True,1,2421
For a first time studio this is a Manus Opus! The music is definetly a highlight as well as the story.,True,1,2528
so cool,True,0,3451
exceptional game,True,0,5399
"A lot of praise has been given to Expedition 33, it's not perfect but it is very good and it's worth your time to play it. I always wondered why active turn based combat hasn't been used more since I first found it first in Super Mario RPG, it solves a lot the issues I have with turn based combat being boring and or frustrating if it's based on a dice roll by letting you influence it with skill. 

The biggest complaint I have with this game that doesn't involve a spoiler is the pacing. The enemies don't scale to you and the range of acceptable levels for an encounter is very narrow. You go from having a decent challenge and having to block and parry to just being able to face tank and one-shot very quickly, fewer than 5 levels at times. Certain cinematic moments in boss fights can be completely trivialized and bypassed if you like to explore and clear areas. You don't even have to farm enemies to far out level the campaign, just clear all the zones as you move through them.",True,1,2819
delicious gostosous a lot,True,1,5031
my first story game and its amazing i normally hate single player games but this one is amazing,True,1,353
"10/10 Esquie is friendshaped

(Beware: ending fell flat, nightmare character upgrade UI).",True,1,2809
"拯救了我的电子阳痿,令人难忘的回合制游戏",True,1,1563
"Absolutely stunning game, I can see why it won so many awards. I feel like I am getting somewhat close to the end of the main story at this point which is very sad as I have massively enjoyed it. It did touch my emotions almost immediately which means I knew it would be great from the start and love love love the music throughout. Would definitely recommend.",True,1,1907
اخخخ يا هي عظيمة بشكل. انصح بالتجربة,True,1,2560
Inzane!!,True,1,2037
please play this. this is the best thing ive played in my life probably,True,1,9453
Baguette,True,1,3342
"With life being busy, I have had an affinity for roguelite/survivor games, and have purposefully avoided involved RPGs. That said, I was looking for a longer game to dive into after burning out on some episodic games, and Expedition 33 came highly recommended. Let me tell you, this game sucks you in within the first 10 minutes and never lets you out. I cannot remember the last time I simply could not put a game down like this. The mysterious story, the characters and their interactions, the plethora of things to explore, the hidden treasure that embraces curiosity, and the challenging but extremely rewarding combat. Incredible. The visuals are simply stunning, and all of the major battles are so unbelievably creative and unforgettable. This game has heart in spades. I might even play NG+ and I NEVER do that!",True,1,1268
"very good music, story, graphics, everything

modern masterpiece",True,1,1823
The craziest thing about expedition 33 is its a JRPG I will consider replaying at some point in my lifetime cause its not 120 hours long,True,1,2710
Renoir is the goat,True,4,4089
"One of the best games ever made. For some people it takes a bit to get used to the kind of action turn based combat, but it is some of the best combat gameplay of all time. The story ist a masterpiece, the music is a masterpiece, the characters are masterpieces, the world is a masterpiece.... this entire game is a masterpiece",True,1,7512
GOTY for a reason,True,2,3358
"Clair Obscur: Expedition 33 is the kind of game that makes you say “just one more hour” and suddenly it’s 4 AM. 

The world is absolutely beautiful, the music is incredible, and the story actually makes you care about the characters. The turn-based combat is also fantastic—you’re not just sitting there waiting for your turn; you’re dodging, parrying, aiming, and basically fighting for your life every five seconds.

The art style is unique, the characters are memorable, and the whole game feels like a beautiful painting decided to become an RPG. 

The music in Clair Obscur: Expedition 33 is so good I stopped playing the game and started playing the soundtrack instead. Every song hits harder than the enemies. Absolute masterpiece for the ears!

Honestly, this game came out swinging. If you love RPGs, great stories, beautiful worlds, and suffering because you missed a perfect parry, Expedition 33 is a must-play.",True,2,2164
what will you paint?,True,1,1517
"It, like the french, insists upon itself.

Also the end credits are unskippable.",True,1,1414
"It's pretty good, but very overrated. Solid 8/10",True,1,8626
I'm so painted rn mmm,True,1,948
"best game I have ever played. I fell in love with it after 5 mins. the soundtracks are amazing, the story is deep and very well-paced. the combat is addicting. it makes me sad that i have reached the end of the story.",True,0,5392
"In most respects, this is a good game. The maximalist art was a fun change of pace from games like In Stars And Time. The music is good, if not quite on the same level as Katamari Damacy or The World Ends With You. Having different mechanics for each character was cool.

The levels are linear and confusing at the same time: narrow corridors leading in loops with one exit.
Combat felt unrewarding: timing matters far more than strategy, so you memorize one enemy's patterns well enough to defeat them, and then it's on to the next one, with nothing carried over, no sense of progress.

I spent a lot of time in Act 2, believing that it was my last chance to secure the true ending. This was a mistake; it badly hurt the pacing, it denied me some upgrades that would have greatly helped if I had still wanted to do sidequests, and in fact there is no special route to a ""true ending"".

Overall it's fun, but there are shorter and more impactful games out there.
If you play it, I recommend spoiling yourself or at least staying on the main questline until Act 3.",False,2,3546
"Game of the year for a reason. Great story, gameplay is challenging but very well explained",True,1,449
"Deserves all the awards it got, wonderful game to explore and even just look at. I frequently just ""walk"" instead of running to enjoy the zones and vistas, and the gameplay is really fun. Highly recommend checking this one out!",True,1,1874
For Those Who Come After 33/10,True,1,4217
solid RPG,True,1,314
"This is a gaming experience like no other.

Everything from the soundtrack, the visuals, the gameplay, the storyline, to the music, is phenomenal. I'm not one for long reviews so I'll just say this: there's a reason this game has won SO many awards.

Do yourself a favor and play it as soon as you can. And avoid spoilers at all costs!",True,1,5005
"I've never written a steam review before, but holy moly this game deserves it. I think this very easily could be the best video game I've ever played. The story is phenomenal. The world building immaculate. The combat is incredibly satisfying once you get the hang of it.

This is the only game I've played where I intentionally did not sprint, so I could soak in more of the atmosphere. Playing the game feels like walking through a painting. Could not recommend playing this enough.",True,2,2588
the story was fab,True,1,3041
Play game. Yes. Good Game. Yes. Play game (:,True,2,1643
It's perfect. Go see a concert performance after.,True,2,3623
Masterpiece.,True,2,4776
Just play this Masterpiece,True,2,245
What a masterpiece... The story is one of the most beautiful ones ever made. Everything else too.,True,1,2682
"Fantastic game that exemplifies what gaming can and should be. My friend loved it so much, he literally purchased it and gifted to me as the credits rolled.",True,1,1475
lune,True,2,2212
"Masterclass. The story behind this game is just as extraordinary like the final product. (how the dev-team came together, the late night online-DMs sent to aquire people, the ideas behind it, the (lacking) experience everyone brought to this project, just everything)",True,1,1487
"Absolute masterpiece of a story, flawless execution of the combat system, and not too grindy. Honestly it's the perfect RPG.",True,1,1773
Great art is both window and mirror,True,1,4156
"Given all the awards it has won, I came into this game with high expectations and I was still blown away!
The story and the characters are all top notch.
The art direction is so good any screenshot looks like a work of art.
The soundtrack is just insane.
I usually find turn based combat boring, but this game somehow managed to make me it enjoyable even for me!

I would give this game a 10/10 if it wasn't for how wonky the power progression becomes after the [spoiler]Paintress fight[/spoiler]. After that point I felt like I was the one responsible for balancing the fights instead of the devs. 
Grind too little and the boss is basically impossible. Grind too much and it becomes trivial.
The late game fights are still great, but I feel like the balancing should've been handled better.
Apart from that, the game really is incredible and lives up to all the hype! Still a 9/10 for me",True,1,3664
hell yeah,True,2,4307
"An Emotional and Musical Masterpiece with Great Depth! (8.5/10)
After 74 hours of gameplay, I have fully completed everything in Clair Obscur: Expedition 33. It was an unforgettable journey filled with intense drama and raw emotion.Story & Emotion: The narrative is deeply moving and hits you right in the feelings.Music & Sound: The soundtrack is phenomenal, elevating every single dramatic scene.Combat & Gameplay: The combat system is good and well-crafted, though it wasn't fully my personal style.Overall, a beautiful experience that is absolutely worth every hour. Final Score: 8.5/10!",True,1,4453
"game of the year every year

play this game (or don't, you're the one missing out)",True,1,5873
"Ok so like. the actual game part of the game is really good. This boils down to story, main campaign content, scenery and the OST. If you just wanna play the game for like, 20 hours on the regular difficulty, beat the story then be done with it, it's a really good game. The combat is quite extensive, though the devs pretending like they're the first to do ""turn-based game except interactive"" feels kinda odd to me. 

But everything that isn't just the main game is...kinda sucky. Granted, my view of it might be a bit skewed, as my entire first (and only) playthrough was done on the hard difficulty, so things one-shotting me from Act 2 and onwards just became the expected norm. Anything that's optional content is either not a challenge in any way whatsoever, or has such inflated health that every attempt would take at least 5 minutes, which stacks up quick when you account for inevitable losses. And god forbid they have a second phase. 

Again, just for the main game, it's an incredible experience. But anything past that is a slog.",True,1,2531
"Act 3 felt rushed and is a total break from how good acts 1 and 2 were.
Maelle just is shadowheart and it is annoying to see that this seems to be a recurring character Jennifer English plays, I would take less annoyance from it is she was not one of the more central characters in your party",True,1,2942
"It's been nearly 6 months since I finished this game. I wish I could erase my memory and experience it for the first time again.

Although, it still hits just as hard on a replay. I'm currently watching a friend play it, and it's incredible how many little new details of the story you notice once you know what's coming. It's replayability feels natural. The story makes you want to go back, since there are so many pieces scattered throughout the world that suddenly mean something completely different the second time around.

This is also the first game that ever pushed me to 100% the achievements. Not by forcing me to replay the game on hard mode or doing pointless grinding like some other games, but because they were actually doable and genuinely fun challenges.

So anyway...amazing, incredible, fantastic. I am a different person after playing this game. I even enjoy operatic music now.",True,1,6174
Peak,True,1,2835
"Owowow, what an unbelievable game, well deserving of all the awards it got. It's rare a game excels on both the narrative and gameplay, and Clair Obscur proves a game of this quality can be made in this day and age without spending half a billion then making half the dev team redundant. 

I have a few minor gripes about how the progression is structured, as during/after the third act it's easy to either massively under or over level the content, as the game gives little visibility on what the expected level should be. [Spoilers] I'll also say that while the damage cap during the first two acts frustrated me, I can see why it was added because it can be quite easy to stack damage multipliers and trivialise some of the harder encounters, which is how I beat quite a lot of the late-game bosses (on Expert).

I'm a dummy when it comes to interpreting lore so I'll be watching a lot of videos explaining that in ways I can understand, it's such a fascinating world and I can't imagine how anybody comes up with stuff like that. Also regarding development, it's honestly insane how this small team comprised of a lot of novice game developers managed to create this masterpiece, I think there's a lot we can learn on that front.",True,1,5071
Love it. One of the best games I have played. Just started a new game+ after completing normal when game was released. Music and story and art are all top tier!,True,1,4988
"Just amazing, unique combat with great world-building and exploration.",True,2,4580
maybe on of the best written games i have ever played. the story is incredible,True,1,2215
"story: very good and fresh
gameplay: flexible as you like, you can face a lot of side areas and bosses underlevelled or you can farm as much as you feel before engaging. 
10/10 (but I would have preferred if there were zero builds where you can oneshot bosses)",True,1,6249
very incredible,True,2,7793
"Crazy good game. It has everything. 10/10 would smash again. 

Although the story is coherent and logical, it will captivate and surprise you time and time again. Together with the magnificent music design, the engaging gameplay and the authentic characters, this game is a wild emotional ride through hell and back.",True,1,2423
"Was playing Kingdom Come Deliverance II when this thing swept the entirety of the game awards, and I knew I had to try it out after that. KCD2 was one of the best games I had played in recent memory, so if this thing beat it out in every category I knew it had to be good. Once I saw my brother play it for a bit I knew I had to as well. Last time I felt that way about a game was Persona 5 and well that's a banger too. 

Story is phenomenal. I somehow managed to never expose myself to spoilers playing this game. If you're reading this and have somehow avoided spoilers then cool stop scrolling through reviews and just go play the game before you inevitably spoil yourself. Trust me, it's worth going in blind. 

Combat is satisfying, especially the bosses which I think are the most well-designed parts of the game. It's super gratifying when you manage to dodge or parry an entire move set. I think the least fun combat I had was getting one-shot by random mobs. Granted I was playing on the hardest difficulty, but even bosses weren't one-shotting me, which allowed me to at least survive to learn the pattern. Some mobs are just able to wipe your party without you even getting a chance to learn the pattern which feels bad, but for the most part the fighting is balanced with options for counterplay. 

OST is a banger nuff said

Biggest criticism I have is performance. This game look a lot of tweaking computer and in-game settings to get working properly. And I know first thing most people will just say is ""pc diff"" or ""nice potato"" but specs should be attached to this review you can judge for yourself. Once I got it working it ran fine, although this is still an Unreal Engine game and textures/rendering were sometimes off, and then there would be the occasional massive performance drop from certain effects. The most egregious performance issue was that cutscenes were broken and would only show a red screen at times which, funnily enough, I thought was a feature not a bug. This did force me to eventually look up cutscenes online to see what was happening in game. This might be a game where it just works better on console than pc if that's an option for you. 

Overall game is well worth it, it earned its Game of the Year and other titles for a reason.",True,2,1424
"Probably the greatest game ever made, and I've been gaming since 1994. 

I don't really know what else to say. 

For those who come after.",True,2,6261
For the longest I was Anti this game but BOY what a FOOL I was!! Great in every way!!!,True,1,401
Beautiful game 😪.,True,2,1792
"Great story, unique combat and endless playabilty. Only downside is you only get to experience it for the first time once. Amazing game, well worth your time and a playthrough.",True,2,2670
This is GOOD. Merci mes amis.,True,1,1744
Playing this game changed my view on french people. Amazing game!,True,1,1682
"So this game is praised by many. And I can see why. Visually it's awesome. If you like the combats, the different character skills and options feel like there should be a serious depth. 

But...

- Well most of the exploration is running around in levels designed to be a bit like mazes with not map to help you. I get it; it's intended, just doesn't feel great to me.

- Combat isn't about strategy or skills combo, it's only about you hitting the right buton at the exact right time to counterattack/avoid being hit. Nobody told me this was actually a party game.

- The same concept exists in other places, just hit the right button with the proper timing.

- Didn't go further, so maybe there is more.

So yeah, probably something great for those who envoy that, I've got the game for a year now and honestly by now I know I'm not starting it ever again, not even to see how the story develops. I'd rather just watch a video if I can convince myselft of doing it.",False,13,1062
I'll never be the same again,True,14,3235
.,True,1,2603
"Phenomenal game. Just beat the game and had to come here to say what an honor to witness this piece of art.

The story is excellent, mature, and consequential. The themes of grief, love, and remorse are well done. None of the relationships feel forced. Monoco is funny AF.

The gameplay can be super complex, if you want it to be. If you don't, you can always play and beat the game with the simpler characters. The game gives you options to play the way you want. Amazing execution overall.",True,1,4503
Amazing game with a beautiful art style that is only rivaled by its amazing story.,True,1,3289
"PEAK Gaming- if you love games like Final Fantasy or Sekiro , this is the game for you-Tears were shed I'm glad this game was made!",True,1,5163
"When I finished this game, it all felt like a waste of time.
I went to check Getter Robo related media and became whole again.
Thank you, Getter Robo.
https://www.youtube.com/watch?v=XUJy8vsI-Fc",False,5,3439
"GUSTAVEEE!!!

T^T",True,1,1584
"Great game, cool story, the map exploration could have been better",True,1,2411
"Holy ♥♥♥♥♥♥♥ masterpiece
33/10
No notes
Play it",True,3,2751
Good.,True,1,3194
"I hardly ever leave reviews on any sort of product I happen to be a consumer of but this game deserves one... and a good one at that.

Yes, I have only played 10 hours, but this game is an absolute masterpiece.
Typically I am the type of gamer to just play and ignore the plot completely as free time comes sparingly. 
This game has changed that, I am fully invested.
I don't think I have one negative thing to say.",True,2,628
i genuinely do not think a single piece of media has ever had this much of a profound impact on my life. this is easily the best game i have ever played and if youre thinking about playing it DO IT,True,3,6291
10/10 this is one of the best singleplayer games I have ever played. Had me glued to it the entire campaign. SO GOOD Genuinely,True,3,2798
"This is a hesitant recommendation; I really enjoyed this game in every aspect except for the gameplay itself! The parrying was not the issue, it's that COE33 features some of the most random and unfair difficulty spikes I have ever seen in a game. Fights ended up taking 20 minutes IRL on normal difficulty and required perfect parries the entire time just to kill enhanced versions of normal enemies for useless loot. I'd recommend playing the game for the story, visuals, music, etc, but save yourself the trouble and don't bother trying to kill every enemy.",True,2,3972
it's great,True,3,5553
Gestral games GENUINELY harder than Simon,True,4,4207
"I was never into turn based games but the story really pulls you in right at the beginning, fantastic!",True,1,1467
mark gandi,True,1,1908
"Act 1 and Act 2 of this game absolutely rock. visually and sonically masterful. If you like quick time events then that mechanic will be less bothersome for you. I don't really like them that much, although there were times it felt satisfying. My biggest complaint with the game is that Act 3 feels completely lost. Without spoilers you get kinda dropped back into the world post big crazy boss fight, and are told to just go to the area that effectively ends the game. Alternatively you now have access to TONS of new areas that are interesting and new, but kind of disjointed from the rest of the story. The most frustrating thing is the difficulty of those new areas and bosses feels so disproportionate to the prior acts. The insane spike in enemy health and damage is actually really jarring and frustrating. The final boss area feels like a joke compared to so  many of these just random encounters. I don't really know what they were thinking. In general I really enjoyed the game but that 3rd act can absolutely finish with a sour taste.",True,1,3079
W plot,True,1,2950
"Vive la France, vive le saucisson, vive les toilettes publiques de Montpellier qui sentent l'urine 7/7j, 24/24h cocorico !",True,1,3526
To french for me,False,3,117
"8/10 grâce à l'histoire et les graphismes exceptionnels surtout pour les visages et les décors. Les combats, bien que la mécanique soit intéressente au début, deviennent un peu répétitifs vers la fin si le genre tour par tour n'est pas votre tasse de thé.",True,1,1601
.,True,1,24
"I've replayed some of my favorite games recently, and each time I did I felt like I'd rather be playing this one. 

They took everything from other similar games, removed all the tedious elements, and improved on what makes them so good.

This game's combat is probably the most fun that I've played. It's extremely rewarding to parry an attack sequence perfectly, especially the harder bosses. I also feel like the game's really good in how high the skill ceiling is in terms of strategy and skill while also being very accessible if you utilize very little strategy, e.g. you can build the characters to meticulously work off each other's special abilities, stat boosts, etc. to create a really powerful and efficient team, or you can completely ignore all of that and just attack without thinking and it would still be the most fun game.

The music is also top tier. Before I played it I saw that the music was being compared to Nier Automata which is my favorite game soundtrack, so I kind of scoffed and refused to believe it. But it's actually really good, maybe almost the same level as Nier, but with more variation of musical genres and moods.

My one small gripe that's hard to articulate is that for me it's missing that something special about the characters. I think they were well-written with developed backstories, but when I think of games like Mass Effect, The Witcher, and Metal Gear Solid, they all have very iconic and memorable characters, but the characters in E33 don't quite reach that level. I'm nitpicking here, because this is a perfect game, but I think this aspect is what keeps it from being that absolute best game of all time.

Anyway this game ruined most other games for me, and I hope it can do that for you too.",True,1,9510
"it's been almost 9 months since i've beat this game, and there has not yet been a day where i haven't thought about this game.",True,2,4576
One of best,True,1,2429
"Well, GOTY.",True,1,352
"Played this one over half a year ago and totally forgot to give this a positive review.

Worth paying the full price for it!

Great game, fell in love with its visuals, gameplay mechanics and story. Can't recommend this game enough!",True,1,4853
"This is a very endearing game if you like turn-based combat and dodge-timing learning, I quite like the universe they built, it's stable on Linux so I'm quite happy with it.",True,1,366
"First of all the combat music is crazy, also love the story and the gameplay. The parry system is kind of hard to master but is very rewarding. It has some really touching moments and some really cool interations b/w the characters too. My only complaint is that the game has such picturesque locations but doesn't have a better photo mode than the one in game.",True,0,1266
"Absolute cinema in terms of Gameplay, Story, Mechanics, Difficulty and also Replayability.
Wholy reccomend to anyone whos a fan of RPGS or Turn Based RPGS to please give this game a go, youll be hooked off rip.
And you will get attached trust me.",True,1,3012
"What can I say that hasn't been said about this game? It's magnificent. The story is beautiful and I can confidently say it's one of, if not the only game, that has actually managed to pull on my heart strings. I'm also someone who is not a huge fan of turn-based combat but this game manages to make it enjoyable. A must play for everyone.",True,1,3718
very good game,True,1,5162
"10/10 a true embodiment of the word ""art""",True,0,6555
"Expedition 33 was easily one of the best games I played that year, and every award it received was absolutely ♥♥♥♥♥♥♥ deserved.

I normally don't even like turn-based games, but the combat completely won me over. The parry and dodge mechanics add an actual skill element that makes every fight feel engaging. It's challenging, but when you finally get the timing down and pull off multiple parry and dodge combos, it feels incredibly rewarding. But the characters are what really got me. You become invested in what happens to them. The ending had me sitting there going - WTF. Don't even get me started on how AMAZING the soundtrack alone is. I could sit there for hours just mesmerized. 

I'm currently working toward the Platinum, and even after finishing the main story, there's still SO much content left to explore and accomplish. NG+ availability and DLC content as well. 

One of the best games I've ever played. 10/10. ❤️ ❤️ ❤️",True,2,9844
"absolute cinema, masterpiece",True,1,5417
Layan,True,0,1249
very fun with great charakters that act like real nature adults unlike other games.,True,1,460
"Amazing story. 
Takes a minute to appreciate it all",True,0,1374
"[h1][i][b]Mes amis[/b][/i], this game is absolute Cinema. [/h1]
It doesn't matter if you're a „whoooo”, a „wheeee”, or perhaps a „wheeee-whoooo-wheeee-whoooo” - if you're looking for an incredible adventure, vous êtes au bon endroit.

The music? Chef-d'œuvre. Every location and character has its own unique theme that does an incredible job of building the atmosphere and adding depth. The graphics? Magnifique. The characters, flora, architecture, and breathtaking views are simply stunning. And all of this without ever feeling like Unreal Engine is holding the developers back.

The English and French voice acting? Magnifique. Jennifer English as Maelle - fantastique. The story, meanwhile, is an absolute emotional rollercoaster. You get on, buckle up, and a few hours later you're sitting in front of your monitor with your jaw on the floor.

The combat? En garde!  It's just as satisfying. You can parry enemy attacks, learn their moves, and feel like a true master of fencing. However, there is one attack that cannot be parried - emotional damage caused by the story. Every playable character has their own unique mechanics, giving you plenty of options when building your team. Mes amis, it doesn't matter whether you like fencing, sword fighting, playing cards... or perhaps [b]FEET[/b] - you'll find a character for you! Every duel is filled with finesse et grâce.

Beyond the main story, there's also plenty of additional content and challenges. Some of them will undoubtedly tell you: Bonne chance. Sandfall Interactive has shown that you don't need to be a gigantic studio to create a true chef-d'œuvre.

[b]Clair Obscur: Expedition 33 - absolute cinema[/b]
[b]10/10. Game of the Year? Absolutely deserved![/b]",True,2,3193
33/10 Un rollercoaster di emozioni!,True,2,6249
Persona for white people,True,0,1354
Absolument magnifique du début à la fin. Merci pour cette expérience incroyable.,True,0,1384
"It's the best Final Fantasy game.

Turns out we just needed some French folks to make it.

Merci!",True,0,6469
Had a loooooot of fun in this game <3,True,0,12041
A melancholy and hauntingly beautiful story about the many faces of grief. Expertly told with uncompromising artistry. Absolutely worth the hype.,True,0,3246
"How can I say about this masterpiece? People will: Nah another f***** seeding, but it's truly not. I never expected an ending like that. That combat is interesting. However, if you'll be so good of pairing, the game would be some kind of boring or easy to guess the move.",True,0,3623
"Its in my top 5 games, absolute peak if the graphics was also top tier i would consider top 1 game, i was thinking turn base combat is boring but i enjoyed every last of a second of it, thanks for this masterpiece devs!",True,0,3095
Insanely good game,True,1,215
"The animation and fight scenes are absolutely amazing! The story is so good and really hooks you in. As it goes on, the story gets more and more emotional, and by the end, you’ll have to make some tough decisions.

Honestly, such a solid experience. 10/10!",True,1,3395
Absolute Cinema,True,1,2615
10/10 in every category.,True,1,3746
"one of the best games i ever played while my pc is not that good but the graphics and the world on medium was very good and very beautiful and the gameplay at first i dont like it i but after going further in the game i enjoyed the gameplay and the story was amazing like i thought it will be good but it was amazing from the start to the end i enjoyed it very much 

gameplay 7/10
ending 10/10
story 9/10
the world 8/10
characters 9/10
overall 9/10",True,1,5895
"If you love Monster Hunter, Final Fantasy {ten and prior} and Disgaea, this game is definitely for you. Between the difficult but VERY rewarding turn-based combat, beautiful soundtrack and of course incredible storyline I get so lost in how much time I've played, it just flies right by. You can tell the devs put so much love and thought into every aspect and know what we, as the players really want out of a story-driven RPG.",True,1,7183
"TLDR: Deserved to be GOTY, genuinely perfection, play it play it PLAY IT

I honestly have no idea where to start with this other than that it is one of the greatest experiences I have ever been graced with. EVERYTHING about this game is nothing short of spectacular. At first I was a bit annoyed that it won Game of the Year, but having completed the main story, I can confidently say that all of the GOTY contenders had no shot the moment that this game was nominated. 
-The story is phenomenal, and immediately drags you in. You feel attached to the characters immediately, and they are written incredibly. The plot feels perfectly paced, and you understand the basics of what's happening right off the bat, so you don't need to guess what everything means from start to finish. As you unravel the plot, nothing seems way too out of the blue, and everything lines up perfectly and actually makes sense, you never have a ""Well how was I supposed to predict that would happen?"" moment, but at the same time, it makes you think ""Wait is that gonna happen? Oh shoot I was right"" without anything feeling too predictable. The ending really makes you think about what you've experienced, and is absolutely fascinating. One of the only games that I willingly stayed for the credits' entirety just to process everything the ending offered.
- The soundtrack for this game is chilling. I have at least five songs added to my playlists and I listen to all of them like twice a day. They are composed amazingly, and every environment's theme feels new and refreshing, and perfectly fits the vibe of that environment. Several times during the final boss of Act 2, as well as all of the fights against the old man, I just let my team die or abandoned the battle JUST so I could listen to the song again from the start. Every note is spine-chillingly perfect. My personal favorite at the moment is called ""Une vie á t'aimer.""
- The gameplay is fantastic, to put it lightly. The parry mechanic could be a bit harsh at the beginning to understand and master, but when it clicks, you feel unstoppable. And if you struggle with the parrying, you can always try dodging to get used to the attack timings, since dodging has a bigger window than parrying. Every enemy feels fresh, and getting the timing just right on attacks with like 6 hits feels so rewarding. I would just run right into enemies instead of initiating the fight to get the first strike more than half the time because I wanted to parry as much as I could. I really liked how it wasn't constant enemy spam either, and there were actually tons and tons of bosses to always keep you on your toes. Every playable character feels fresh and unique, and their mechanics aren't overwhelming. You are never required to grind, and every consecutive main story boss feels perfectly balanced for the level you are at that time. Also, there is never a specific character that is ""better"" in a certain field because every character is built by you, and can be tinkered with to be more tanky, or damage focused, or outspeed everything. Also, I have never been a big fan of turn based games, and I know that a lot of people generally aren't either, but this game isn't your stereotypical ""my turn, your turn"" game, you can easily change the direction of the battle in an instant through well timed parries, passive skills called Pictos, and your agility stat.
- The visuals in this game are unlike anything any videogame has ever offered to me before. Every color fits perfectly with the environment, and the overworld map, or ""Continent"" is a beautiful amalgamation of what happens when your creativity and imagination hit their peak. Nothing feels like it doesn't belong, and everything has a purpose. It's truly breathtaking. Slap this on a VR headset and you'd lose me for months.
-Initially, the voice acting wasn't really as impactful as I'd liked it to be, and everyone felt a bit stiff, but as the game progressed, there was this sudden moment where everyone locked in and nearly every line is delivered like it should be for the rest of the game.
- Everyone that bashes this game either has not played it and is mad that it won GOTY, or was so bad at it that they didn't give the game a long enough chance to shine (which doesn't take long). Everyone that worked on this game clearly had a passion for creating something immaculate, and they all delivered. This is easily my second favorite game of all time, and I cannot recommend it enough. 10/10 game.",True,1,2262
Won game of the year for a reason,True,1,9848
Got this on the ps5 and now on the PC. Had to teach the paintress twice that she aint no Bob Ross 💀 PEAK TURN BASED RPG!,True,2,1438
"I used the e33 baguette emote and suddenly i gotta write something so i originally played this through back in may 2025 and like most (probably) i theorised about the story and the gaps left for you to fill in, of course some of it is answerable if you care to look and some isnt, im being vague on purpose for the sake of spoilers. I have thought about it what feels like every couple days since, if not every day briefly, i genuinely think this is a perfect game and if you like a GOOD story and are looking for something to hop into stop looking at reviews and just play it through. It will grip you. Also the idea of it being a turn based soulslike, kinda true if you're a fan of timing based parrying and learning enemy moves getting them down to a T add that to the list of things you'll be happy about but if you're not like me there is a difficulty setting that just makes combat trivial. To be controversial this is probably better than Witcher 3, but that is just comparing an apple to an orange, they're fundamentally different. In terms of rememberability and the way it hit me in the feels this is my number 1 of all time... anyways tldr ABSOLUTE CINEMA. I could've written this better but this is what we're getting.",True,2,15000
amazing freaking game. story 10/10. gameplay 9/10. just simply amazing.,True,1,6068
"Take this with a grain of salt. I haven't played the full game-- but I think I have played enough to feel like I've gotten a good grasp of the mechanics.

The Good:
-The story genuinely feels like they put a lot of work into it. They really put detail in the story and the interaction between the characters.
-The character customization is really good. Lot's of hair styles and outfits to give the characters a bit more personability
-Weapon system and abilities feel really well thought out. Lot's of strategy that goes into choosing your loadout on each character. 
-Each character plays very differently as far as strategy, so it doesn't feel like you have 4 of the same thing you're playing with the whole game
-Good soundtrack

The bad:
-Much of the pathing feels a bit linear. A lot of the creativity in this game feels like they took Elden Ring and made it worse.
-The battle mechanic just doesn't sit well with me. Coming from someone with a large history of enjoying turn-based game (Pokemon, Digimon, Baldur's gate, wizard 101, civilization...), I do not enjoy the battle mechanics. The entirety of the battle system comes down to if you press the dodge/parry button at the correct time. It's just not something I enjoy. When you fight the mimes and it's just ""how long can you get the same exact attack combo"" while you build the break bar to eventually start doing damage. The battle loop should feel engaging, but I just can't say it does, especially when you spent 10 minutes hitting the correct button at the correct times just to mess up once and your battle be over to have to do it all again. It's just a really boring battle loop. Despite all of the good things, I just can't stand this aspect of the game due to it being at the core of play time, and it takes away all enjoyment. The cool weapons/strategy/lumina concepts just become completely irrelevant when you don't press parry or dodge at the correct time.",False,0,572
"I really enjoyed my time with Expedition 33. I think it is a work of art. The story, battle system and world were all wonderful and very engaging. I'll go into some of my thoughts about it but I really recommend going into it blind like I did. Some spoilers ahead...

Expedition 33 had the most engaging combat ever. The battles all start out with a banger song. It always pumped me up to battle and it motivated me to fight more Nevrons! I really want to shout out the Goblu battle theme, the Gestral fight theme, the Lampmaster fight theme, all the songs from the mask Axon island (especially Gone away, gone away...), and Monoco's theme. The best song was Renior's fight theme Une vie à t'aimer, it really made me wish I paid attention in French class. I just cannot get over how good this soundtrack is. 

E33 has a turned based system. Each character has skills and buffs called Pictos. Each character's skill can compliment another character's skill. For example you can mark an enemy with Verso, give Maelle double damage with Sciel then do a super powerful attack with Maelle. If you like to grind out fights you can shield up with Monoco and break Neverons down with the other party members. Lune lets you stack up elements which provide fuel for powerful attacks and buffs. Pictos are fun to experiment with too. They really enable a lot of different play styles. If you are confident in your parrying you can equip offensive Pictos that really up the damage at the cost of your defense. If you are facing a Nevrons that are tough to parry you can equip some Pictos to tank more damage and grind your way out of it. 

Parrying was fun. It took a while for it to click but once it did I felt unstoppable. There are some Nevrons that are very difficult to parry, so you may have to swallow your pride and just dodge... 

The boss fights were also great. Renoir part 2 might be one of my favorite boss fights from any game ever. Also the Visages fight, Clea, that giant serpent, Golgra, and the Paintress were some memorable ones. That being said, if you decide to do everything in Act 3, all these boss fights become repetitive (you fight that Lampmaster in the story, endless tower, flying manor, during a quest, and even in the DLC.) So you may get sick of some of these bosses if you do everything in the game.

I really loved exploring the world. Each area felt unique. Flying waters felt like I was underwater with the ambiance, music and art. Visages had all these creepy masks staring at you like when Tom Cruise broke into that mansion in Eyes Wide Shut. The Red Woods, Falling Leaves and the Gestral areas really reminded me of hiking in mid October with the cooler weather and foliage 😍. The Reacher was also fun climbing up that giant wooden structure. All of this was accompanied by good music too. The overworld was okay at first but by the time I got to the endgame, I wish I could have fast traveled. The overworld also made my PC chug.

[spoiler] I thought the story was good. The gommage was really sad, but I think it really motivates the player to fight for Lumière. I think it was obvious early on that Maelle had a bigger part to the story but the build up to that reveal with all the foreshadowing and hints that Renior/Verso dropped was really good. I thought Lune and Sciel had good side stories but I wish they did more in the ending when you had to make the decision. Verso was really reserved but it made sense with the story. Monoco was funny. I think the game raises a lot of questions with existence, playing god, immortality, coping with the loss of a loved one, and really just living in a fantasy. I think the final decision the game has you make makes you put all of that into consideration. [/spoiler]

I think Expedition 33 is worth every penny. Give it a shot!",True,1,5183
absolute cinema,True,1,4240
Ridiculous a game this perfect could ever exist.,True,1,376
Peak vibes,True,1,6250
Magnificent.,True,26,3966
One of the best games I've ever played. Absolute work of art.,True,1,6115
"At the time of this review I have 101 hours in the game (like the dalmatians) and I must say this is one of the best games I have ever played. I didn't want to give in to the hype, so I was very sceptical going into this... but guys and gals... the music, the artstyle, the characters, the fluid camera movement.

I can't wait to forget about it so I can play it all over again.",True,1,6087
👍,True,0,2452
awesome storyline and gameplay graphics.  Just love term base RPG.,True,1,9210
what the ♥♥♥♥,True,1,1674
"I highly recommend this game to basically anyone. A piece of art very much worthy of your time. I played it through on game pass and have played it through again here on Steam. Despite it being a turn based game, I think it has mainstream appeal in a way that could help you understand why this is such a beloved genre. Maybe even act as a gateway drug of sorts to other great turn based RPGs.",True,1,2029
"Let's just say there's a reason so many streamers cried during certain cutscenes.
A must play.",True,1,4479
Baguette !,True,1,1636
"""See things as they are, not how you want them to be.""",True,1,3353
"I never liked this kind of games and got this as a present (real sorry bro). TIL that the genre is called JRPG.

You will appreciate this game, if you:
- like hitting buttons at the right moment (jumper games)
- like cheap esthetics and emotions

Gameplay has 4 very independent components:
- Exploration: Walk straight and look at the colors.
The world is designed to amaze by its every inch with perfect execution. Or one could perhaps call it beautiful junk with no sense. Which, btw, seems to be the case with most modern games with all the vertical landscapes and over the top beauty. I think that UE5 has been a terrible curse.
Then it abruptly CUTS into...
- Fights: Torn out of the world. Dramatic music, bizarre huge monsters and maximal over the top effects. Real time WITHIN turn based. Make up your mind ffs. Just smash the button at the right moment and you are invincible and nothing else matters. Even more importantly, you get flashes of colors and lights and sound to show you how good you are and juice that dopamine.
- Dialogues and characters: Perfectly optimized beauty and attack on emotions. Obvious, cheap, simple. And apparently lacking any consequence - they are just decorative.
- Characters customisation - looks decent, but it is aimed exclusively on the combat. Apparently nothing else really matters in the game.

I will close by a quote by Exupéry that explains what is wrong with the game:
""Il semble que la perfection soit atteinte non quand il n’y a plus rien à ajouter, mais quand il n’y a plus rien à retrancher.""
(“It seems that perfection is attained not when there is nothing more to add, but when there is nothing more to take away.”)",False,1,272
"“𝗔𝗿𝘁 𝗰𝗮𝗻 𝗯𝗲 𝗮 𝘄𝗶𝗻𝗱𝗼𝘄 𝗮𝗻𝗱 𝗮𝗿𝘁 𝗰𝗮𝗻 𝗯𝗲 𝗮 𝗺𝗶𝗿𝗿𝗼𝗿. 𝗔𝗻𝗱 𝗴𝗿𝗲𝗮𝘁 𝗮𝗿𝘁... 𝗚𝗿𝗲𝗮𝘁 𝗮𝗿𝘁 𝗶𝘀 𝗯𝗼𝘁𝗵.”

What a wonderful adventure this game is. Truly, every character, story beat, every nuance is just so well written and thoughtfully curated. It spells an exciting time for rpg players, where this medium can finally be taken seriously in terms of narrative. I think to spoil any of it, is a disservice, so I employ you to play for yourself and fall in love just as I and so many others have. But the question is, how does Expedition 33 hold up as a video game?

Firstly, I already enjoy turn based games, and I think the individual character kits are all very original and distinct from one another, with clear inspiration from series like Final Fantasy (eg, Monoco is alike to a blue mage). However, I am slightly torn on the parry system. On one hand, it reinvents the turn based system to be more appealing to players new to the genre, yet at times it feels like the gameplay perhaps relies a bit too heavily on dodging/parrying, that it can trivialise the strategy of utilising each character properly. I also found some attack patterns on certain enemies to feel a touch unfair. Overall though, it's fun, and feels significantly more fast-paced than traditional turn based systems, which is a plus.
My biggest bugbear with the game is actually the map, qol and how exploration can feel. Multiple times, I felt lost in a zone, with the artstyle feeling repetitive at times. A simple mini map would solve this, and I can't quite understand why Sandfall didn't include one. Perhaps to keep the feel of exploring as expeditioners? Either way, it is a more minor complaint. I also think a fast travel for the overworld would help at times, as I felt the pacing was a bit sluggish at certain points. Either way, I recognise this as the first game of the studio, so I will let them off ;)

I really can't wait to see what Sandfall comes out with next. Whether it be another Clair Obscur title, ala Final Fantasy, or a continuation of E33. Either way, they have my thanks for taking me on such a heartfelt, beautiful journey ♡",True,2,3152
"super fun, the parry and dodge adds a new taste to this type of gameplay",True,1,2732
"This game is an easy 10/10. The story is jaw-dropping, involving so many layers and commentary on art. The gameplay being a unique take on turn-based combat made it feel so much more interactive for every turn in a fight. The graphics are amazing, with interesting character's whose personalities are not annoying. This is the first game I have ever obtained all of its achievements, and so I believe this is one of the best games ever made.",True,1,6279
"This game is so good, it pisses me off that I have to eat, sleep, and go to work in real life.",True,1,3753
Fantastic,True,1,2012
"A Masterpiece.
Everybody should play this game at least once.
The story and the characters are just amazing.",True,1,2951
good game,True,1,1833
"You may like more or less this game depending if you like french stuff xD is veeeery french. Which I enjoy as a running gag.

The story is very engaging. The gameplay is pretty entertaining. And the music and sceneries are beautiful.

Amazing game.",True,1,4334
Just this game that you will always remember,True,1,6326
"The whole AI fiasco is really a shame, because this is an excellent game. Haven't finished it but has great visuals and atmosphere, as well as a gripping story and excellent combat. It's definitely worth it if you don't care too much about the aforementioned AI stuff, which kind of dampened the experience for me, as this game is ABOUT human made art.",True,1,456
The magnum opus love letter to all gamers at heart. Imaginative storytelling. Square Enix take notes.,True,1,1077
I loved this game. The music the game play the story everything was perfect.,True,1,9916
"immersive gameplay, story, and music. 33/10",True,1,5383
"GOTY? Yes, it's really awsome. Emotions, challenging combats, story, it's awsome.",True,1,6094
"Phenomenal story, loved the characters, loved the optional content. Overall 8/10 game for me honestly. Worth every penny",True,2,1230
Masterpiece.,True,1,4950
"Challenging, beautiful, fun, deep and overall Stunning game, Expedition 33 has been a journey that I truly invested my heart and soul into!",True,0,3960
"Every single prejudice was destroyed, and every expectation was exceeded. I won’t use any time to teach people about this game. Everyone knows it—the premise, the praise, and the pedestal it has claimed after last year’s TGA. Yet I still must put out an opinion because this one is a special game. Not that it is ♥♥♥♥♥♥♥ or the most game-changing piece of media I’ve played. However, Clair Obscur is a sweet spot for me, a piece of art, and well-deserving of basically all of its praise.

It’s perfectly written to an extent. With such a strong prologue, I was hooked instantly. So much emotion and personality are packed into the first 30 minutes alone that it really sells the ideal the game has in store for us. I really liked the big reveal. If I were to receive the ending of Act II, I would’ve been simply disappointed. There’s so much more dynamism to the big reveal. So much more sadness and so many answers to what I was witnessing. Why the continent is the way it is. It gave me the culmination I had been yearning for, and I felt more satisfied with the dystopian point of view I had afterwards. It’s kinda ♥♥♥♥♥♥ up realizing they all lived a nonexistent life in a fictional world, held captive by a dysfunctional family coping with grief. I see many disagreeing with me, though, feeling like the game lost its premise after revealing the epilogue and the answers to Maelle and her relation to the story. Making everything they’ve been doing for the last 15–20 hours worth nothing. I can’t believe that someone sees it as pointless. Yeah, it’s pointless in the sense that there wasn’t any chance of winning in the end, that what they’d been chasing was one big lie. But narratively, it gives so much more to the story, and the depth is amazing. I do agree that the big reveal is pretty much figured out before Sandfall even tries to pull the curtain. It’s kinda obvious when watching the encounters with Renoir, the nightmare sequences hinting at how they relate, and watching Alicia. That was enough for me to understand it already, but I never felt like it took the surprise away from me. I still needed it to happen to feel satisfied. To tie the knots and clues together.
Regardless of what I’ve said, though, I still have minor fractions that I see as out of place. Act III reveals this major revelation about the world of Lumiere, and it’s a fantastic twist. But none of the characters react to this knowledge in any particularly logical way. The few characters who do have a reaction only get to express it for a single cutscene before the story seemingly moves on. It’s out of place. Why don’t we reminisce about it some more? It’s like they just accept that they aren’t real at all and that everything we have witnessed is a lie and does not exist. No recalling it, no freaking out—we just move on. I would’ve loved it if we spent even more time on that subject—on that whole reveal. Throughout the whole game, we have seen so much of the depth of these characters and how their personalities shine, but after the reveal, we get nothing. Of course, it’s mentioned in the camp hangouts, I think, but it still felt a little wasted. I must state that I still loved the narrative. So much emotion and melancholy, supported by one beautiful score. The only score I consider more memorable than Lorien Testard’s masterpiece is The Last of Us, mainly because of the attachment I have to those games. The ending made me feel very emotional, and I’m glad it ended that way (Verso Ending). Finally letting go of what was destroying the family and confronting the grief head-on together. I get why everyone was so captivated at release, and I kinda regretted not giving it a try back then.

With little to no experience in JRPGs or turn-based combat, I reckon OG JRPG gamers see some specific mechanics as ♥♥♥♥♥♥♥♥, removing the tactical aspect of what turn-based combat is meant to be. Most wouldn’t even refer to this as a JRPG—me neither. You go from free-aim spamming Verso in the beginning, to then using Cheater for another turn, killing everything before even letting the enemy get their turn. And yet, if they manage to get their turn, you just Sekiro-parry the ♥♥♥♥ out of what’s to come. I get the opinion, and I see it a lot when recalling the reviews I’ve read after finishing the game. I understand their perspectives, but I don’t necessarily think it takes anything away from my experience. It was great for me to get to experience this as my first turn-based combat game. Nonetheless, I can clearly see the problem. At times, it felt extremely easy for me to get the advantage. Power scaling later on is unbalanced. I could, at all times, just parry/dodge. No need to think about status effects or pinpoint specific strategies for my encounters. I just went in and parried everything. But I’m still glad they implemented it. It felt so good parrying, jumping, and dodging a 6x combo that would’ve instakilled you, only to consume every single AP you acquired. I know I’m contradicting myself here, but I just want to make sure we understand that I see the nuance in why some people would see Clair Obscur as too superficial to be called a masterpiece of turn-based games, yet it shouldn’t have been anything else than how it is now. Another small hiccup was the level design. Not the continent, but the specific level designs of the various locations we visit on our journey. They aren’t really that great, and most of the time, they repeat the same structure and confuse you more than anything. The environments are cool and stunning, but navigating them is not that fun.

Overall, going in blind and uncovering this masterpiece is a huge highlight for this year of gaming alone. I feel bad for not giving it a chance back in April last year. Absolute masterclass from Sandfall.",True,0,2512
"There's a reason it won GOTY. Phenomenal music and combat, beautiful environments and storytelling, something that had me crying already just from the intro",True,1,3222
Game ran great! When it started to crash all i had to do was turn down the graphics for it to fix itself. Even with low graphics the game looks/run amazing!,True,1,3598
"About once every 5 years a game that is truly revolutionary, truly one of the greats, arrives... For me the last was Elden Ring. NOTHING has made me feel the way I did about Elden Ring until Clair Obscur. Immediately cracked my top 5 games of all time... Breathtaking and amazing.",True,1,5827
"""How many times your heart can be broken"" - Answer: Yes
11.5/10",True,2,9610
"Not jrpg but a rhytm game in disguise - I need a new R1 button in controller now.

Parrying was a little bit too demanding for me maybe as I was trying to parry everything.  It's definitely not a game to just chill to when you're tired - timings are very strict and learning enemy attack patterns is required. Piktos are quite cool though I did not enjoy idea that you need to fight with them equipped to master them - unnecessary grind.
Lots of side content and grinding overall if that's what you're looking for. I've skipped last 25% of the game and rushed to the end as combat was getting repetitive to me.

Some side content feels way too hard when we first encounter it [spoiler] like Gestral chief on the first encounter or most of the mimes[/spoiler]and can wipe a party with single hit. All other positive comments about the game I completely agree with - music, world and story - all very good.

Required some set up as basic setting looked blurry as hell.",True,1,2174
Clair Obscur: Expedition This-Game-Made-Me-Nut-My-Pants-33,True,1,2151
Best game of 2025,True,1,3438
"To start the only reason I'm writing a review is because another review I read nearly convinced me to NOT buy this game. that reviewers opinion is dog water. Through and through this game is worth its original price, beautiful scenery if you PC can handle it, possibly look into a reshader if your not into the vignette style. Gameplay is top notch if you like turn style based combat, if you dont then its still something Id recommend simply off its story alone. The game does throw an overwhelming amount of information at you at once so do look around everywhere to get context, about why everything is the way it is. My only complaints are the odd layout of progression in the world map taking you near places you cant/shouldnt go. Progression of the skill set of a certain character, youll understand what I mean believe me, and the end game grind being underwhelming in its tackling. You tackle it one way, by running in mud. STILL I say all that to say the story is worth the experience",True,1,3497
"I don't like turned based game. I have bought so many turned based games hoping I will like one and never did. This is the only turned based game that yes again for the who knows how many times I gave it a shot since it won the game of the year and I like it. One major thing why I like it unlike other turned based games are it's not boring. repetative, and just in general boring story. Know I know why it won the game of the year. Also the graphics and in game soundtrack are great. With my 9070XT in 1440P I can play this game Native either high or epic which means it well optimized getting 70+ fps.",True,1,445
"10/10 Masterpiece, I now know why this game has won GOTY, because this game deserved It.",True,1,5119
probably the best turn-based game of all time. bawled my damn eyes out from that ending lmao how dare you make me do what i did sandfall interactive!!,True,1,2582
Good luck on your expedition!,True,1,2494
"Story is great so far. The combat is simple turn-based combat at its core, but each character still feels unique in their playstyle and combat flow.

I had some struggles understanding the Lumina mechanics at first, as I don't think the game does the best job explaining how the system actually works, but I'm getting the hang of it now.

My biggest issue so far is with the dodge and parry timing. Dodges sometimes feel like they don't register, or like they're tied to a specific timing window that doesn't always sync well with the enemy's attack animation. Parries require near-perfect timing, which I actually like since it fits the high-risk, high-reward nature of a parry mechanic. Missing a dodge feels frustrating; missing a parry feels like I took the risk and screwed it up.

Overall, I'm really enjoying the game so far. The story has me interested, the characters feel distinct in combat, and I'm looking forward to seeing where it goes.

8/10 Lumina.",True,1,319
"An RPG for those who want an excellent, deeply emotional exploration of grief over the death of a loved one and parry sickos.  Also one of the best soundtracks Ive heard in a game",True,1,6727
"Probably parried more times in 40h of E33 than in 700h of Dark Souls 3.

TLDR: Decent game that's missing a lot of QoL, easily recommendable to souls/sekiro enjoyers.

Hard to recommend to turn-based enoyers but it's a decent recommend for soulslike/sekiro enjoyers. The game is beautiful and has exceptional music throughout. The story, writing, and world is just decent (7/10), and not as exceptional as I see in many other reviews. It feels very artsy, but as a game I'm not sure I'd go so far as to call it a masterpiece. In this sense, it might be somewhat overrated.

Notably the game is missing key things such as a minimap of any sort, any map at all outside of the overworld, and there is no way to track side-content like quests and collectibles. Kind of weird because they are meant to be meticulously documenting everything for reasons I won't spoil here.",True,1,2472
"Great story, had a lot of fun with combat",True,1,4191
"""For Those Who Come After"" - A Game that now defines a principle in how I go about the challanges I face in my life",True,1,1619
"9.5/10
great gameplay
great story",True,1,8164
"I admit I got choked up at the ending, Lovely game, just be prepared to get a little emotional in your play thru. I sure did.",True,1,4411
"The story and main gameplay loop were very well made, (ALSO THE OPTIMIZATION IS SOME OF THE BEST I'VE SEEN IN A LONG TIME) I genuinely think this game should be used to teach people proper game design, amazing story, amazing pacing, and even though I don't prefer turn-based combat, this game definitely executed it well, though I did think some mechanics weren't necessary introductions but overall, the game itself very well made, I have not played a game that was entertaining the entire time I was playing it in a VERY long time a lot of games have a good story but ruin it with unneeded filler that should just be side content, this games story is as straight forward as it gets with ZERO filler which I appreciated.

My main problem with the game is mostly with the side bosses which I simply do not agree with bosses that have 1 shot mechanics and require frame 1 timings, I was on expert difficulty I understand, but for these bosses I am talking about I am pretty well-leveled my highest HP character has around 6k HP being (very slight spoil) monoco, and I built him to be a tank, so seeing him get outright 1 shot by 1 move with extremely tight parry timings was not enjoyable and just made some builds feel pointless. 

Besides that, overall amazing game, definitely DID deserve to win GOTY over Silksong, and people need to study this games main story and gameplay loop for all future games instead of having a decent story but ruining it with filler. (FF16)",True,1,2892
"This game is pure perfection. The story is captivating. The music is fantastic. The gameplay and progression are optimal. The combat is perfectly balanced and always has something new to offer. The characters are so well-made that you sometimes forget you’re playing a video game.

It’s one of those games where, every few minutes, you stop and think: “Wow, what a masterpiece.” You put the controller down and just take a moment to enjoy the world around you.

It is a solid 10/10.",True,1,1804
fun,True,1,1802
"""Players will put up with mediocre gameplay (and writing) as long as the art is good"" - Shigeru Miyamoto",False,3,1690
great,True,1,259
great game,True,1,358
One of the best story games ive ever played.❤️🤍,True,1,1899
"This game was pretty good. It had a very immersive and unique story, and very exciting combat. I liked the build variety for the teammates and the ability for you to find a build that works for you. The story kept me guessing for a while and had a very emotional ending. The game has a lot of post-game content, but after how intense the ending was, I lost a lot of drive to clear it out. Overall, 9/10",True,1,1943
Hot take this game is pretty good,True,1,403
GOTY nuff said,True,1,1219
epic,True,1,5903
"Absolutely amazing, one of the best games I have ever played.",True,1,1433
"Videogame as art. The soundtrack rocks. Gameplay is great with both souls-like and RPG elements. Graphics are very visually compelling. 

Buy it, you will be supporting an independent small studio that does not try to rip you off and has truly original content.",True,1,1340
"The game teaches you lots of important stuff like - *Tomorrow comes* & we have to make things right for *Those who come after*
33/33 would recommend",True,1,5258
"Honestly, i enjoyed this game more than i expected a 10/10 for me wish it was longer.",True,1,3382
This game is Final Fantasy if the series was still good... (Hasn't been since FFX),True,2,1841
Massa,True,1,5488
ağlatti mk ya,True,2,2482
What a game...,True,1,2276
The best game I've played. Hands down.,True,1,1526
"Beautiful game, interesting story, gorgeous world — and somehow I hated every minute of playing it.

The repetitive gameplay and combat drove me insane. It genuinely annoyed me by the end.

Glad it’s over.",False,1,1944
"one of my fav games, even bought it for a friend",True,0,265
"[h1] !spoilers! [/h1] 
This game is all about moving on and never look behind  but what if moving is hard more like impossible?,
i suggested this game to 7 of my friends/family  all of them chose [spoiler] verso endling  [/spoiler] because like they say its the *True Ending* unlike me i Chose [spoiler] Maelle Ending [/spoiler] because its the reasonable one i chose it because i rather live in sweet lie rather then living Sad truth were you're family treats you like Ghost even you're mother cant stand looking at you,
in this game there is [spoiler] 2 Ending [/spoiler]  but in my opinion i say there is 3  witch is [spoiler] Maelle Die in the Canvas  [/spoiler] i find it more relief to my heart then the other 2",True,1,2937
"Overrated and disappointing. First, it should've been a movie not a video game - the plot is linear with zero player agency. Your only role as a player is to jump through hoops to see the next cutscene. The whole story revolves around powerful NPCs screwing you over. The gameplay is frustrating and boring, with memorizing enemy patterns just to be presented with a new set of enemies in a new area, with new patterns to memorize, which means you have to start all over. My recommendation is watch the cutscenes on YT and don't waste time on this ""game"".",False,4,1246
"I don't get it... it's kind of on rails, only ok, combat is boring.",False,3,275
"No wonder this game won so many awards. The music, combat and atmosphere simply put is just awesome. Personally not used to turn based combat games, but with the addition of the parrying mechanic it was super fun. 100% this game is challenging but rewarding in a good way, forcing you to adapt and think strategically. So yes, maybe just maybe this game could be considered good despite being produced by a french studio.",True,2,6087
"Incredible game.

I first scoffed at it and laughed when it won GOTY because I just never heard about it and it suddenly wins best game of the year? Can't be. Besides, it's a stupid JRPG that isn't really J.

Ehh it's on sale, let's get it and play whenever I have free time.

...

130 hours later.

♥♥♥♥♥♥♥♥♥♥.

You wan't to be convinced of playing this game? I won't say anything, except that you should play it.

The less you know, the more you'll enjoy this story.

Gameplay is also very good, but not my focus.",True,2,8023
One of the best games I have ever played.  The story and music are absolutely brilliant and the game should be played for those alone,True,1,3580
"[h1]Great story, spectacular presentation and serviceable gameplay[/h1]

[h2]What I liked[/h2]
Clair Obscure has excellent writing. It has a unique setting with a mesmerising art style. It has a tight cast of characters with great voice performances. 

For the most part, the combat is snappy and impactful with great feedback. It really liked figuring out how each character worked and how to best utilize their skills. Each character has a unique gimmick and there is a decent amount of builds for each of them. Each zone has a distinct vibe and its own set of enemies, so it feels fresh and exciting for most of the game.

[h2]What I didn't like[/h2]
I might be a case of wrong expectations, but this is not an RPG, there are skillpoints to distribute, but that is about it. No dialogue choices and a completely linear story with only a handful pieces of side content.

The pacing is somewhat uneven, with a great start and then a mostly bursts of story after long stretches of filler. I almost lost interest during Act 1, but I am glad I stuck with it though. Slower sections are mostly alleviated by new enemies and gameplay mechanics, but the final few areas started to bore me a lot since I had mostly maxed out all characters and settled into a loadout that I liked.

The parry system kinda breaks the game, and even though visually impactful, is just a series of quick time events. You can parry EVERY attack in the game, and doing so will fully negate all damage, give you extra action points and trigger a counter attack. The biggest factor in how difficult I found most fights was how easily I could read their attacks, where some mobs felt harder because I never could get the timing down, while huge boss fights were trivial.",True,1,2064
masterpiece,True,1,1855
good game. Install mods for better QoL like the Enhanced Descriptions mod.,True,1,3823
unironically deserved all the hype,True,1,4441
cinema,True,1,3735
It's a beautiful game with a wonderful story. 10/10 would recommend it. :),True,1,1630
"sorry I got a little emotional, tbd",True,1,60
"Clair Obscur: Expedition 33

[h1]90/100 An Experience In Art And Human Emotion. Vicious Cycles[/h1]

[b][u]TLDR[/u][/b]
+ Interactive Turn Based Combat
+ Creative World
+ Compelling Story
+ Fantastic Character Chemistry
+ Gorgeous Soundtrack
+ Huge World
+ Tons of interesting side content
+ Fun builds to experiment with
+ Each character has a unique play style
+ Cosmetics can be obtained in game

- There is a point at the last act where I just wanted to finish and there was a ton of side content (i love more content but cramming a lot right before the ending always irks me in jrpgs)
- A few weird bugs that occasionally made things a look a lil doofy, did not affect gameplay

~ Would have loved more lore clarity
~ Some enemies were insane time sinks


[b][u]GAMEPLAY[/u][/b]

This game clears any turn based game I have ever played. It is exciting until the very end. Some tougher enemies can really teach you some tough lessons. It is tough to get your ass handed to you for 20 minutes straight and have to start over, but sometimes it happens. I enjoy that there is a fun lil interactive overworld to traverse and explore. This game is mostly respectful to the player's time and that is what is most important. You can acquire cosmetics and weapons through exploring side content, no mtx.

[b][u]SOUND DESIGN[/u][/b]

A delicious soundtrack that evokes every emotion when it needs to. This game’s intro scene made me cry hard. So so hard. And same with the ending and most of that had to do with just how powerfully perfect every aspect of these scenes were, with the accompaniment of a perfect track.

All of these tracks are replayed on repeat for me.

[b][u]STORY[/u][/b]
The story is so powerful. So twisted. So thought provoking. I did a lot of reading on theories and a lot of it meant and it made everything so much worse. I remember  thinking I knew every little bit of what was going on and boy. I was as wrong as wrong could be. The last chapter of the game really dashes everything you thought you knew to bits.


[b][u]THE WORLD[/u][/b]

A real world that has been warped by some sort of event… or situation. Beautifully tragic, where life is fleeting and people must appreciate the years they have rather than wasting time being simply human. Every place had a story to tell through the eyes of the painters.

[b][u]VISUALS[/u][/b]

Gorgeous. Wonderful. So full of life and imagination. The particle effects are cool. The bloom and lumen are exactly where they should be. When I first played, there were some places that did give me a bit of a stutter (however I was streaming as well, so heavy processing.) And the visuals cna have a lil bit of jank sometimes, but never in moments that mattered for me. 

[b][u]MULTIPLAYER[/u][/b]
Nope.

[b][u]Conclusion[/u][/b]
This game is perfect. As perfect as it could be. It was executed wonderfully. It gives you a few red herrings where they should be and the resolution was truly something I had a hard time digesting, but in the kind of way that makes you appreciate life more.",True,3,2610
perfect amazing forever game of year let see sandfall company will plan for the net installment of this series,True,1,674
"This game was beautiful. The story, the emotion, the graphics, the music, it was all beautiful. Even with only 4 gigabytes of ram the game still ran and looked beautiful and I played this game using my gaming laptop and steam deck and the entire time I enjoyed it. If anyone is hesitating on buying this game then stop everything and click purchase.",True,1,1606
"9/10 A very memorable and unique artistic game with solid gameplay. 
Pros: 
- Beautiful art direction and graphics 
- Satisfying gameplay with depth and variety of characters 
- Decent exploration and side content 
- Amazing music 
- Really good story: good plot, strong characterization, good lore and world-building 

Cons: 
- Balance: not all skills are practical and useful overall 
- Specific bosses: there is a specific meaningless overtuned boss that renders most skills and strategy useless 
- Some encounters demand perfection and limit playstyles to compensate for allowing parrying/dodging mechanically (example above) 
- Questionable attacks that are not sync'd well. Flashing/insta attacks that require trial and error for the timing",True,1,6306
One of the most phenomenal games I have ever played.,True,1,3009
"-Its Great. Ppl who made this game really like gaming and it shows.

-its beautiful.

-its like a bunch of styles all made into one game but done really well.

-Also, I learned something about my self as a millenial gamer. I like cool music in games. Did not know that about myself. Never thought it was important before this.",True,1,307
"I would describe it as turn based souls combat. It reproduces the active precise souls combat in a turnbased game. You can dodge or parry enemy attacks, and it is fun and challenging. The 10/10 gameplay presented with a great story, soundtrack, design and acting. Definitely recommend.",True,1,1310
Parry  it!,True,1,3975
"Daymn. I’ve had my eye on this game for some time, and it absolutely did not disappoint.

This game is cinematic. I truly appreciate the art, the storytelling, and the amount of detail that went into creating this world. The combat is also loads of fun and feels really satisfying.

I genuinely had a tough time making the decision that it was, in fact, time for bed. 😂

100% recommend.",True,1,420
"It is a wonderful turn based strategy game. All the hype behind it didn't disappoint. The story is mysterious and intriguing. I especially love the music, So beautiful!",True,2,2712
Absolutely miserable,True,1,4715
Clair Obscur is everything I wanted from a Final Fantasy game for the past 10 years.  The story is amazing and the characters bring you into the world.,True,1,4209
"GOTY worthy, 10/10",True,1,1020
"Everything good, story, music, cut scenes, battle mechanics",True,1,4670
Why tf is there romance options in a game with subject matter like this.,True,1,2608
"wow, what a game 
9.7/10",True,1,50
Yes.,True,2,1535
10/10,True,1,2659
Truly one of a kind game,True,1,4768
"[b]It's been ages since a game hooked me like this.[/b] Somewhere along the way I lost the eagerness to play — games started feeling like a chore. Clair Obscur brought that spark back. Every session I couldn't wait to see what came next.
Spectacular story. Spectacular gameplay. Spectacular soundtrack. It's rare that all three land this hard in one game.
The combat is the star — the parry/dodge system keeps every fight engaging, and the build depth rivals the classics. I grew up with the old Final Fantasys, and this is the first game in years that's earned a place next to them in my all-time favorites.
Haven't finished it yet and I already know I'm going for 100%.
If you have any love for classic JRPGs — play this.",True,1,4061
"Played when I had it on game pass, re-bought it on steam to do another playthrough. So elite. Also make sure you pick Maelle at the gestral village 1v1.",True,1,1737
"Little late to the party, but what a story... wow",True,1,2451
"One of the best games I every played. 
The story, music, visual and gameplay are all great.",True,1,8304
2nd GOAT after rdr 2,True,1,2726
"Story mode is NOT story mode. You will never get past ANY of the midlevel bosses
You will have to learn by watching tutorial videos of many gamers struggling with this overly complex skill tree, character builds and 3 different ways to improve characters. It is beautiful but you will not have the space to enjoy it as you get mollywhopped in every space. The beauty of the game and story is wasted since they have made this game far too hard with no real level adjustment.",False,5,3542
"Frenchpedition 33 is a fantastic homage to the late 90's JRPGs. I say this because I couldn't shake the feeling that the developers must of been inspired by games like the OG Final Fantasy 7, from the turn base combat, to how ACT 3 of this game feels like you made it to the third disc of FF7. It was really fun to enjoy a beautifully executed, visually stunning and gorgeously sounding game. 

I only really have two negative complaints about this game. 
The first one is probably more of a me issue, but I found the tooltips for skills, pictos, weapons, etc; to be a little too verbose for my smooth brain to wrap around. It made it difficult for me to piece together proper builds at times for my characters, granted this is not a game breaker as you can chew your way through the main story without ""optimal"" or crazy builds for each character, but it is nice when the combat flows smoothly and you can feel the power oozing from your character and their build in a fight. 

The second has to deal with how ACT 3 begins. I felt conflicted with wanting to seek out more story content, before fighting the final boss but I have also heard one can trivialize the fight if doing this. Knowing what I know now, I kind of wish things played out a little bit differently so you can tackle the more story rich content of ACT 3 before the final boss without ruining the grand final battle as it were. Again might be a me thing, but usually I try to wrap up all extra story content before fighting the end game boss because usually there's added context that helps conclude the story. 

Outside of those two issues, this game is great. 
A pleasant surprise. To plagiarize the great philosopher Esquie:

 𝐓𝐡𝐢𝐬 𝐠𝐚𝐦𝐞 𝐢𝐬 ‘𝐖𝐡𝐨𝐨𝐨.’ 𝐁𝐮𝐭 𝐢𝐭 𝐢𝐬 𝐚𝐥𝐬𝐨 ‘𝐖𝐡𝐞𝐞𝐞!’ 𝐒𝐨 𝐭𝐡𝐞 ‘𝐖𝐡𝐞𝐞𝐞’ 𝐛𝐚𝐥𝐚𝐧𝐜𝐞𝐬 𝐭𝐡𝐞 ‘𝐖𝐡𝐨𝐨𝐨.’",True,1,4109
Beautiful graphics and great story line. Turn based battles take a bit to get used to but is fun once you get used to it. Awesome game. Highly recommend.,True,1,6899
"Absolute masterpiece. Personaly i hated the dodge mechanic (i am old and slow) but despite that i could not put the controller down. The art design, music and story are phenomenal. I will never forget this journey.",True,1,5036
beautiful,True,1,1657
"Probably my favoritt game release the past 10 years. Can't think of any other game coming close. Feels like a finish game from start to end. Story and ending was satesfying, and doesn't need a sequal. This was worth playing",True,1,1514
For those who come after,True,1,2114
very boring and overhyped game just performative people hyping it up,False,4,99
Perfection,True,1,7114
"Great visuals, gameplay, performances and story.",True,1,3751
one of the greatest games ever made even if its french,True,2,411
Brialliant game with plenty of depth for character customisation and builds. Fights are challenging but very rewarding if you pull off all your combos and counters.,True,1,1609
"Epic storytelling. Beautiful environments. The battle animations will leave you in awe. 

The combat system might be complex to some if you're not used to playing JRPGs like Final Fantasy. This is both turn based with QTE elements for parrying and dodging. You will have to spend time learning the parry/dodge timings for every enemy... some are easy others will frustrate you. I recently completed Stellar Blade, and by comparison, this game was more complex in terms of getting the timing down. I ended up shifting this down to story mode to make combat easier, but if you're willing to invest the time, you will find combat very satisfying at higher difficulty levels. You'll get a rush the first time you pull off a counter. Also, spend some time learning about pictos and lumina and how they work... this is the key to helping you characters grow in power.

Getting back to the story, there is a LOT of storytelling in this game, but it's extremely well done. The game will get your attention QUICK with its storytelling after you start your expedition. The voice acting is top notch (highlighted by Andy Serkis, but across the board, everyone was really good). The cut scenes are long, but I never felt like any of the scenes were filler, but this was the ONE area where my framerates would stutter. The character arcs are amazing. You really do feel each person's personality and you will quickly grow to care about each in different ways. The storyline is like nothing I've ever seen... very original... and at almost every point, just when I think I know what's going and and what's going to happen, I'm wrong. There is a lot of good humor in here too. BUT while the storytelling was like none other, I did not like the ending. I'll leave it at that.

The world feels large and some areas feel massive. While there's a top down map of the world, one of my gripes was navigating individual areas. There's no mini-map and many times I felt lost or lost sense of which direction I was headed prior to a fight.

Finally, the soundtrack was epic. As I mentioned, I played Stellar Blade. I loved the soundtrack to that game as well... this one might be even better though.

Overall, fantastic, unforgettable experience. The action is fun. The environments are beautiful. The storytelling is top-notch and at the very least should be experienced, even if you're not crazy about the other elements.",True,1,3566
GOTY DESERVED!!! Easily worth the 100% Achievement completion,True,1,7217
yes,True,1,2768
"Usually i am not a fan of turnbased games but this game is so much fun.
Its challenging, it has a unique story and the somewhat open world has a bunch of things to explore.
GOTY for a reason.",True,1,2895
"WHAT A GAME!!!! Firstly what a music, I am in love with the main BGM used in this game. Apart from that  the whole story was fantastic, more importantly the whole concept is crazy and i hope we soon get a movie or TV series for this game so that people who dont play games, can live this experience. Also, liked the turn based game experience, it was fun and combining diff diff skills was nice. 
ALL in ALL, it was a really fun time playing this game and it was like i was watching a crazy movie. Only Enemy in this game is Grief!!!!! For those who come after",True,1,2251
"This is the best turn-based RPG I've ever played, having beaten most all the Final Fantasies through XII multiple times. The visuals and story lead the way, with the most compelling and deep story I've seen any video game - period. The plot depth and twists and morale decisions involved in this left me shaken by the end. The only one that comes close is Final Fantasy VI, but of course this is on a completely different level in terms of gameplay and cinematics. The biggest pitfall of this game? Everything else now seems somewhat disappointing in terms of story relative to this. Recommended? Absolutely. I'd even play full price for this.",True,1,3012
"A wonderful game, beautiful visuals, great story and interesting combat. Made me cry like a baby. 10/10",True,2,3164
"At last, an turn-based RPG where men actually look like men. Looking at turn-based JRPG games, this feels surprisingly refreshing.

It has been a long time since I spent 80 hours on a game, but Clair Obscur: Expedition 33 kept me hooked.

What I liked about the game:

- One thing I often dislike about turn-based RPG games is that the characters and story can sometimes have a childish or overly anime-like tone. Clair Obscur: Expedition 33 felt much more mature in comparison, which I really appreciated.
- The parry/evade system takes some time to get used to, but once you do, it feels really satisfying. Some players will love it, while others may not. It really comes down to personal preference.
- Great story and soundtrack
- Interesting and memorable characters
- Men actually look like men


What I disliked about the game:

- When you enter a location, there is no map. This can make finding your way around quite exhausting at times. However, it doesn't take away from the overall fun of the game.

Overall, I really enjoyed Clair Obscur: Expedition 33. Spending around 80 hours on a game is rare for me nowadays, which says a lot about how much I enjoyed it.",True,1,4811
For those who come after...,True,2,2476
"I'm not sure I can add any more than what has already been said about this game. It's an absolute masterpiece from beginning to end, full stop. The setting, the characters, the combat (more on that in a minute), the narrative twists, the visuals, the music, OH GAWD THE MUSIC, all of it is absolutely superb. 

This game revives my faith in games being able to be able to recapture the golden years of gaming without all the slop we've been seeing in modern day developments.

That said, if I had one critique it would be the combat. Combat in this game is simultaneously it's best and worst feature. At my core I am a try-hard and so I attempted several of the more difficult fights as an under-leveled team and was able to overcome the challenge. This was an exhilarating experience the handful of times I was able to engage with it, but the problem is that pictos synergies and over leveling by beating mobs that should be too powerful for the average player creates an incredible level of imbalance in the game. Generally speaking, after the first few zones I didn't need to go more than one round with most enemies in order to defeat them. As such I never even saw most of their movesets and it made the game quite boring as a result. I was a victim of my own success in the early game.

That said when I was faced with some of the games mega bosses without consulting a guide on how to quick finish them, I was able to recapture some of that early game magic and spent 3 amazingly tense hours defeating the Chromatic Lampmaster and Duolistas EACH and I absolutely loved every minute of it. The fights were tense but absolutely fair (Clea Unleashed not so much, but that's a separate issue) and it felt like I was partaking in the best gameplay waltz I had had in several years! The challenge was over the top and tilted against me, but each round I got better and better at reading the patterns and eventually I was able to run the fight without getting hit having no more healing items and risking death at every turn. Truly an experience I will carry with me for a very long time. 

However, once again I was suddenly extremely overpowered for the rest of the end game content and what should have been an energizing end game full of challenge and accomplishment, was little more than an exercise in tap x to win. To say I was disheartened would be an understatement.

That said, the story and character truly carried the game for me. What starts out as a French interpretation of Hell's Paradise ends up being something you might expect from a well written Star Trek TNG episode. I won't say I didn't see a lot of the primary plot points being foreshadowed early on, but some of the world building twists absolutely floored me and actually make me excited for a potential sequel where [spoiler] we get to experience similar worlds created by the antagonistic group of Writers that killed the real Verso in a fire, or even the Painters and Writers in a full out war using their unique semi-magical skills.  [/spoiler]

In any case, if you haven't played the game then you are very much missing out on a modern masterpiece. 

One last note on the AI controversy. The creators claim to have used AI to help them in their development and have been raked over the coals for it, but to me the visual aesthetics, the world building and so much more about this game are so inspired that regardless of how much AI they used, this would stand as a shining beacon of AI assisted development done RIGHT. Don't let your anti-AI ideology prevent you from experiencing something truly amazing. We would all be better off if AI was used in similar fashion to aid in the development of gaming going forward. Don't let the perfect get in the way of the good.",True,0,6111
"I didn't know if i would like turn-based combat in a story-driven RPG, but I didn't end up minding too much. Phenomenal music, art and story; nothing but praise for this game.",True,1,2398
i hate frtench people less noww,True,1,1058
My GOAT game,True,0,587
wow,True,1,2327
The best game of the past 10 years.,True,4,4728
"Brings me back to the Final Fantasy X days in terms of story and exploration. 
Reminds me of the Mario & Luigi turn-based games in terms of combat.
Very sad, very fun game.",True,1,4978
"I really loved this game until the start of act 3. It's hard to explain why without spoilers so here is a warning for that. 

I was truly invested in the world that we get to explore, and the lives of the citizens of Lumiere who are trying to take down the Paintress in order to live full lives and save humanity. However, the plot twist invalidates all of that for me entirely. The fact that this world is not real made me so upset with the writers.  It feels like a ""it was all a dream"" twist from a children's novel. Yes, I can understand how someone might enjoy it, but it completely ruined my emotional investment in the world and the characters I most cared about. I really cared about Maelle being able to return to Lumiere with Gustave's journal for his apprentices, and to see her create her own life, but all of that was stolen by the realization that she is actually Alicia. I am aware that this was foreshadowed, but honestly I was hoping for another explanation as to why she looked so similar to her painted counterpart. I know this is a very unpopular opinion, as I really do love the game in all of its other elements, but I played this game for the story, first and foremost and I now am wishing I had never invested my time or money into this experience. Maybe at some point I'll actually get around to completing act 3 and end up really enjoying the story because I really want to love this game. (I am aware of the endings, but honestly I never cared enough about Verso as a character to really see any tension in the decision).",False,5,1655
Expo 33 was one of the most unique games that I have ever played. The game offers awesome looking graphics with a very well done soundtrack that compliments the game well. The gameplay is very unique but lots of fun to play. The combination of the turn based fighting with the QTE along with the dodge and parry introduces a interesting challenge of strategy and skill which keeps fights feeling fresh and fun. The story was a little confusing at some points but is still an entertaining and fun one. After the story the game offers tons of boss fights and other optional content and I think will be the perfect game to receive a large DLC in the future. Very deserving of GOTY,True,1,2502
"★★★★★

One of my top 5 games so far, and that's saying something considering The Witcher 3 is still my #1.

I'm still playing Clair Obscur: Expedition 33, but I'm already impressed by how good this game is. The art direction, music, atmosphere, story, and characters are all incredible.

The combat is probably my favorite part. It's turn-based, but the parrying and dodging make it feel much more involved than a typical turn-based RPG.

The game also has so much personality and its own identity. It doesn't feel like another generic RPG.

I haven't finished it yet, but so far this is easily one of the best RPGs I've played.

Highly recommended.",True,1,651
"TL;DR - 10/10, no notes. This is as close to a perfect game as ever there was. 

First, to address the haters, yes, you're right, this game is so overwhelmingly French that each play session practically leaves the smell of wine and cheese on your clothes. You know what though? I forgive it, because it makes a point of not taking itself too seriously in that regard. It has fun with that and brings you along for the ride. That and I'm a drunk that genuinely enjoys the smell of wine and cheese, so maybe this isn't the game's issue at all... ANYWAY...

On to more technical issues. The writing is phenomenal and the characters feel so genuine that you don't even realize your attachment to them until their loved ones die in the opening cinematic and you find yourself choking back tears. From there, it gets even deeper. These characters have DEPTH and complexity, and the game manages to weave that into the story and gameplay in a way that feels natural and unforced. The story has a twist that's pretty predictable from the first 10 minutes of play if you have any ability to pick up on foreshadowing, but what you don't see is just how thoroughly twisted that twist gets. No matter what ending you go for (yes, there's more than one) you feel emotionally conflicted. Well, unless you're a sociopath, but if you're a sociopath you shouldn't be reading a game review. Get help. 

Next, the graphics and visuals. Every scene is a work of art. Between the characters, the enemies, the friends, the environs, the stunning vistas... every scene is screenshot-worthy. The lighting, the textures, the colors, reflections, shadows... I can't think of any game I've ever played that was such an absolute feast for my eyes. It's like being in the Louvre, only you don't have to wade through an ocean of smartphone waving tourists and air thick with body odor and fart. You can just be in that Louvre, alone, with your own smartphone, BO, and fart. 

And. the MUSIC!!! There are entire AAA games that don't have as incredible audible ambience as even a single track in Episode 33. To be honest, this game had enough going for it that they could have really skimped on the soundtrack and done OK, but the right music just puts every moment over the top and they cut zero corners in this regard. The moodscapes they create that complement or contrast the already stunning visuals is a whole experience unto itself. You ever want to have a violent rave in a jungle arena in the same game that has you weeping over seaside cliffs listening so the surging wail of a violin orchestra as the ashes of your loved ones blow away in the breeze or bob your head to a catchy jazz sax while fighting in a frozen train station atop a glacier? You didn't THINK you did, but you do, and it's here.

And I haven't even gotten to the gameplay yet! OK, what if I told you someone made a version of Elden Ring that still felt challenging but didn't make you want to firebomb a dev's house? That's what the dodge/parry system in E33 is. There's only a handful of cues so timing your parries and dodges is a genuine challenge and forces you to ""learn the move set"" of most enemies to succeed, but when you fail, it doesn't send you packing back to the last save point: you can retry that fight. Right then. No fighting through mobs or completing some stupid puzzle again just to get back to a particularly tough fight. You just.. try again.. without the frustration of retracing your steps over and over again. This seems like a minor gripe but ♥♥♥♥♥♥♥♥♥ did it make a difference in how much I enjoyed the game. (And, frankly, I got my ass kicked. A lot. So this little QoL feature made it feel like the devs genuinely valued MY time.) The fact the combat can be tough but the ability/skill/picto/lumina system MASSIVELY rewards people who take the time to learn its particulars tickled my min/max side to no end. It felt very analogous to a Souls game in that regard, but far more rewarding. Or, you can just get really good at parrying and still make it through the story. I suppose the best way to summarize is that the devs had an incredible story to tell with amazing sights and sounds, but they also wanted a game so they made a combat system that complemented that goal. Tough enough to feel like a challenge, but it never stops a player from seeing the story they wanted to tell. The perfection with which the devs struck that balance is just... *chef's kiss*. 

Another thing the game gets right is the mini games. There aren't many and all are optional. Rewards are purely cosmetic, so they do exactly what any mini-game in a larger game should do: be an optional distraction. One of the characters bluntly refers to them as a waste of time, and that's exactly what minigames SHOULD be. Fun little distractions to break up the gameplay a little, but only if the player wants them. Again, perfect. 

I will say that when it came to the optional DLC bosses... again, perfect. They are there and murderously difficult for people who want the challenge, but they don't make a meaningful impact to the story. You can skip them without missing out on any details of the story, and you aren't trying to get some reward that will make the final boss easier, because frankly, the final boss is a runny fart compared to the DLC bosses. They serve one purpose: provide a mountain for the gamers that live for digitized struggle to climb. Me? I could walk away from the game having faced them, been beaten so badly that I didn't even want to try again, and did not feel like I had missed out. Again, the devs knew exactly what purpose those super-bosses were intended to serve, and they did exactly that. Absolutely perfect. 

Absolute...

CINEMA",True,1,6292
"Best turn based RPG there is - better than FFX even.
The story is unbeatable, emotional pulls are high, and the plot twists are better than you could ever expect <3

10000/10 game, would highly recommend!!!",True,1,2387
very nice very nice,True,1,1457
Amazing game and the Music is out of this world!!!,True,1,826
cinema,True,1,3253
"This game and Metaphor: ReFantazio were my top 2 games last year. Although Metaphor was a bit more strategic and thought-provoking, I see Clair Obscur as the Action-Adventure alternative to it. I played the game on Hard difficulty and it did not disappoint, I loved the brutal difficulty, and I had to learn the fights to absolute perfection in order to come out on top. I was completely immersed in the characters and their developments throughout the story, which is extremely ironic given the plot twist that occurs about 75% of the way through the game. It had me questioning my morals and existence, while also providing me with some of the most fun and engaging combat system I've seen in a JRPG.
9/10 - I had some performance issues and I feel like certain systems could've been fleshed out a bit more - like the gear upgrading and also learning more about certain character's backstories would've been nice as well.",True,1,5251
Made me like french people,True,1,2366
"11.3 Hours into the game.... so far ive cried, gotten a margarita, and cried some more until i couldnt breathe.... A+ so far.",True,1,677
"Combat, story and music noice",True,1,3040
Outstanding game even after several playthrough's !,True,1,542
"An incredible RPG and, arguably more importantly, an incredible story. It might have a bit of an odd difficulty curve at the start, but once you get the hang of it, the battle system has some great depth to explore. Beyond that, some great art design and music, with only some slight complaints about environment design. 
Just play the game. I scoffed at the amount of awards it got before I played it myself thinking it wasn't warranted. But no, it totally was.",True,1,2800
"It was okay. I get why people are hyped about it, but after the end of chapter 1, it went downhill for me. One could read into it WHY it was suddenly so different/hard, but for me it felt like I got kicked out of my groove and had to farm for exp to catch up. Which made it incredibly boring/annoying.

I kept playing out of spite to see if it gets better... it doesn't. Honestly I don't know if I'm gonna finish it. But if you're into the grind and QTEs with incredible punishment if you fail, its the game for you. I found the story very predictable except, ofc. that one part at the end of chapter 1.",True,1,3008
"An experience out of this world. I’m waiting a little longer before playing it again so I can completely forget as much as possible and jump back in to experience it all over again, as fresh as I can.

The story is amazing, the world and atmosphere are incredible, and the gameplay is just as good. Everything comes together so well that it truly feels like a once-in-a-lifetime gaming experience. Definitely one of those games I wish I could play for the first time again.",True,1,2765
Great game!,True,1,2157
One of the greatest RPG:s of all time.,True,1,2430
Best Final Fantasy in almost 30 years!,True,1,13697
Absolute peak.,True,2,2162
GOTY for a reason. Best story and character development I've ever experienced. The turn-based combat incorporates enough skill (timing parries and dodges and learning enemies' attack patterns) that it doesn't feel boring. Absolutely phenomenal game. 10/10.,True,1,6676
"Absolute masterpiece of a game. It is a must try, don't spoil the game, the most fun from the game comes from mysteries.",True,1,4073
One of the best story games i've ever played,True,1,2029
good,True,1,10906
This was one of the games that surprised me the most recently.,True,1,6012
Its great,True,1,5788
Just WOW!,True,1,119
It's brilliant,True,1,3730
God tier game,True,1,1200
"Clair Obscur: Expedition 33 is right now, for me, one of the best stories, and maybe even the best story, in all of video games. I don't think I could do it justice by explaining it in this review without getting into spoilers. But its story beautifully depicts struggles that everyone has faced around escapism, love, and family, with incredible twists and turns throughout. It really is like no other game. There are so many fantastic characters that by the end, it feels like there is no hero and no villain in the story.

The gameplay is built around a great turn-based RPG combat system, with your standard 4-person party. Each character has an entire suite of unique abilities, I couldn't pick any favorites, everyone felt essential both story and gameplay-wise.

The big thing about the combat is that it's not just turn-based mechanics. There are also quick-time events when either attacking or defending. It's a great addition, and it really reminds me of the Mario RPGs, but made much more mature. The difficult timing sequences and having to read boss attacks even give it some similarities to a Souls-like.

Outside of combat, world traversal is mostly done through individual levels. Sometimes they have a bit of a Metroidvania style, with you looping around and coming back to previous areas, but they are often fairly linear in layout. Outside of the levels, There's also a larger world map connecting everything in that classic old-school RPG style. My only small complaint is that it can sometimes be quite hard to know which side area are ready for you to do now and which ones are better left for later. But overall, that's a really small complaint.

Then there's the Pictos system, which allows you to change various aspects of your characters and really build a unique playstyle. There is a huge amount of diversity in how you can build your characters. I personally went with a parry build and absolutely slaughtered enemies with it, but I can see the other playstyles being just as much fun.

Overall, with a distinctly French aesthetic, Clair Obscur: Expedition 33 is one of the greatest turn-based RPGs out there. And considering this is a genre famous for its incredible amount of great games, that's a testament to how good this game really is. Its story, its combat, and its overall atmosphere are, in my opinion, the pinnacle of gaming right now. I highly recommend it.",True,1,4447
"What an amazing game. I can see why it won game of the year. This game oozes style. The world looks great, and the combat system is very nice. It helps reward bold actions and precise timing. All the main characters are likable. The story is dark and tragic, but also compelling. The world lore expands the more you play, and I love the theme of artistry. Very French. Many tough choices.",True,1,2509
Beautiful,True,1,398
one of the best games that I played,True,1,6883
best game I've ever played - still haunts me,True,1,6584
Everything is so beautiful... I'm speechless. They are like scenes from my dreams.,True,1,1281
"A genuine work of art among lots of rushed and sloppy works in the industry. Expedition 33 has an answer to every type of ""what makes a game fun?"" question, and it expands it to its limits.

This is my first turn-based combat game I have ever played and instantly fell in love with it. Talking about this game in a concise review is hard since I would have to spoil a lot of the game but all I can say that it is absolutely worth playing no matter your gaming experience or history.

This is a game about loss and letting go, about acceptance and deliverance. Accompanied by some of the most intriguing level structure, invasive yet welcome character and enemy design and an extraordinary soundtrack while being crafted with pure love - CO: Expedition 33 is one of the all-time greats. 
Bravo Sandfall, you have proved once again what games like these are all about. More of this.",True,11,7436
"One of the first games I ever played, and the one that got me into gaming even more. What else do I need to say?

Can't recommend this game enough. It's simply perfect and will always have a special place in my heart.

The storyline has some crazy plot twists, the soundtrack is beautiful, and it kinda teaches you some good life lessons along the way.

The hardest part might not even be the boss fights, but a parkour made by Gestrals. I still highly recommend giving it a try, because reaching the top of the parkour is truly rewarding:)",True,3,4921
"[b]Where do I even start? Clair Obscur: Expedition 33 is just ridiculously good.[/b]

The story, the characters, the music, the art direction, the combat, the atmosphere, THE MUSIC... everything just comes together in a way that very few games manage.

The world is absolutely gorgeous and constantly feels like you’re walking through a painting. The art direction is incredible, and the soundtrack might honestly be one of the best I’ve heard in a game. There are moments where I just stopped playing for a second and listened.

The characters are another huge highlight. They feel believable, likeable and genuinely human, and the performances make the emotional moments hit incredibly hard.

And then there’s the combat. Turn-based combat mixed with real-time dodging and parrying sounded like something I might tolerate for the story, but instead it ended up being one of my favorite parts of the game. It keeps every fight engaging and makes getting better at the combat actually feel rewarding.

Most importantly, though, the game has soul. It feels like something made by people who genuinely cared about every part of it rather than something designed by committee.

I could probably keep listing things I love about Expedition 33 for another ten paragraphs, but there’s really no point.

Just play it.

An absolutely incredible game and easily one of my favorites.",True,2,607
+,True,1,2285
Amazing story and gameplay. GOTY well deserved. 33/10 game,True,2,6246
Really Really Fun game!!!!!!,True,1,1241
"10/10 story, beautiful and nostalgic sountracks, relaxing colorful landscapes, good battles. Well deserved GOTY.",True,2,433
im going to break my monitor i swear,True,1,2426
"Look, I get why there is no map and no indicator as to where to go from a lore perspective. Does it make for fun game play? No, no it doesn't. I just spent 2 days going around in a large circle. Screw that.",False,4,536
very good gameplay and story,True,1,3500
very good. very original. very french,True,1,2503
"This game was phenomenal. Loved the story, loved the mechanics. Had some very heart-wrenching moments that were just very powerful for me. And the music is fantastic. I have never outright purchased the soundtrack for any game or movie (only when it's been bundled with the game in a deal), but I happily purchased the soundtrack for this and have listened to it a lot. Amazing game!",True,1,3841
chef-d'œuvre,True,1,2783
"For those who come after...

I bought this game after The Game Awards not expecting much, assuming Silksong would completely mop the floor with it. I couldn't have been more wrong. I was left with a feeling I can only describe as genuine mesmerizement, something I had never experienced in my life. Clair Obscur: Expedition 33 is truly a once in a lifetime experience. If you have the chance to play it, do yourself a favor and don't hesitate. You'll be witnessing an absolute masterpiece.",True,2,5751
"10/10 game
amazing story and character/enemy design
(you don't need a console to play this game I beat it entirely on pc)",True,1,1681
"amazing game, loved it a lot. 
(minor spoilers)
I don't like how it forces you to play as a character you only just met and have no connection to, it felt like it was just because the writers wanted a male protagonist even though he is objectively a side character.
(major spoilers)
[spoiler] I find it weird how the painters just completely ignore the seemingly very real people dying because of their actions.
Also it really feels like there should be another option besides dying as a dictator or committing genocide against your loved ones. [/spoiler]",True,0,2747
jogasso,True,0,2362
"One of the best stories, the settings is very old-school french & romantic",True,0,2718
"It truly is a masterpiece. Wonderful visuals, killer music, and an intriguing unique story. The only knock I'll give it is an over reliance on twitch reflexes in combination with ""fake outs"" in animations. If you have any latency on your controller, GL.",True,1,1354
"I was a skeptic about this game. Never heard of it till I saw how many awards they received at Game Awards 2025.
This was the reason I gave it a try. All I can say is.. Brilliant Masterpiece! (no pun intended)

During my time with this game...
- I felt sad
- I felt happiness and had laughter
- I felt confused
- I felt defeated/challenged

Everything...
If you are on the fence about getting this, then just get it. Thank me later!",True,0,3355
"OK, Clair Obscur has been an outstanding game thus far, but it really pissed me off at the very end.

It won't let me 100% it because the final DLC boss [spoiler](Simon, The Divergent Star)[/spoiler] is impossible to beat using True Solo build (the way I want to play)
It deletes your character forcing you to play as a reserve team 
I really don't like it when it's impossible to beat the game the way I want. I invested everything into a single character, and it turned out to be worthless in the end. 

It really is a flawed design when a game allows you to play in a certain way that is completely valid and effective only to ruin your run in the very end.",False,3,5389
"I really tried to like this game, but sadly, I just find it insanely boring.
I don't like the characters, the story, the level design, or the combat. The only good things about this game are the graphics and the art direction. It looks incredible, but besides that, there's basically nothing I enjoy about this game. I don't know, man. Either I'm crazy, or this might be one of the most overrated games ever.",False,1,726
GOATED,True,0,332
GOTY,True,0,4836
"+Gorgeous visual design
+All time great OST
+Great worldbuilding that hopefully will be explored more in the future
+Thought provoking narrative, avoids good guy/bad guy slop characters make morally grey choices.
+Great characters, Lune is best girl, Esquie is great.",True,0,7240
"Clair Obscur: Expedition 33 is a stunning, turn-based RPG masterclass that seamlessly blends classic JRPG mechanics with modern action elements.  Engaging Story & World: Driven by a dark, surreal, Belle Époque-inspired fantasy setting, you lead a squad on a tragic mission to break a cycle of doom imposed by a mysterious Paintress. The narrative cuts straight to the point with zero filler.  Dynamic Turn-Based Combat: Borrowing the slick style of Persona and adding real-time parry/dodge inputs akin to Sekiro, combat keeps you constantly engaged during enemy turns as much as your own.  Breathtaking Audio & Visuals: Powered by Unreal Engine 5, its painterly environments are gorgeous, matched only by an emotional, hauntingly beautiful score.",True,1,601
AMAZING GAME SERIOUSLY WAORTH EVERY HOUR SPEND! AND THE MUSIC IS JUST MAGNIFICENT,True,1,4476
"Game is alright, soundtrack is goated",True,2,3435
"This game single handedly brought me back to gaming. It brought out a sense of wonder and the inner child in me again. I couldn't put down my controller once I started the game, just like when I played my first ever nintendo console game, discovering a new world for the very first time.

The characters, cinematography, the story and most of all,  THE MUSIC are all works of masterful art. You could really feel the dev team's heart and soul when they created this. I haven't had so much fun in a game in a long while and didn't know it could make me feel and 'see' so many things. A game shouldn't be this philosophical, but it truly made me ponder about life and the choices we make.

Play it and you will thank yourself that you did.",True,0,3619
WOW! Just wow! This is the first game in a while that me feel and cry for characters in a big while. Massive respect to everyone who worked on this game. I'm excited to see what the'll do next.,True,0,1686
Amazing..,True,1,2560
Required reading if you love games. A beautiful story with incredibly in depth gameplay that had style at every turn. Play it at your earliest convenience,True,1,4769
If you wanna enjoy the game then skip the main story and go straight to Renoir's Drafts. (the more underleveled you are the better),True,1,2742
"very good story with a memorable ost, gameplay is fun also graphics are nice to look at",True,1,1830
Absolute masterpiece. Kinda messed up the pace of the ending coz I was so op from sidequests hahaha,True,1,5382
"Absolutely amazing. Gameplay, world design, voice acting, plot and music are all top-notch. Just buy it.",True,1,10190
Best GAME EVER!,True,1,3453
"There are cool games, funny games, epic games, and gorgeous games, but here is Clair Obscur Expedition 33, which is the best at the moment in every single aspect.

I didn't believe a game could catch me this strongly. It's like The Witcher 3 back in the day. Ten out of ten, S-tier quality game. I hope more people will try it and meet the Gestrals or Esquie for the first time.

It will be one of the smoothest stories you've ever experienced

A Life to Love.",True,1,2353
"10/10 flawless game
Storyline, visuals, characters, voice acting, soundtrack, and gameplay is undefeated.",True,1,5687
"This was the best game i have played in a very long time, combat was stellar, while also making me cry on 3 separate occasions, my only problem with the game was there wasn't more of it to play.",True,1,5908
"Given the overwhelming good reviews maybe it gets better later. The first 32 minutes have been both dull and depressing. No player agency, which may be the point. The graphics follow the same grimey aesthetics as games such as Dishonoured, but the on-rails is much more in-your-face. Limited movement and forced character interaction means this is not really an RPG (at least so far). Maybe the game opens up a bit later, but I'm not sure I'll be bothered to continue just to find out.",False,2,32
"This game is everything! The final two choices are utterly devastating and made this one of the most haunting and beautiful stories that I've gotten to experience. 
I loved the fighting system where every opponent has a sound/rhythm that you can base your parry/dodges on. It's always fun to discover new enemies attack patterns. The differences in the characters skills, play styles, and ways of stacking power is also very clever and distinct from each person despite its learning curve for each. For example, one has stance powers and one has fortune telling powers that can be used differently in combat and provide different methods of support.
I greatly enjoy the locations on the map as well, as I often enjoy running around doing whatever in games. Sometimes it's nice to break away from the main story for a bit and Clair Obscur provides PLENTY of opportunities to enjoy the gameplay without forwarding the intense story. 
Above all however, I became very attached to these characters and found myself really sympathizing with them the whole time. Even when I thought a character should have done differently, i just couldn't fault them for the choices that they made because they made sense in context. Again, the ending choices are just tragic and awful but make perfect sense for the characters and their story arcs.
If you enjoy open world, skills building, turn-based, strategy, character-driven games, then you will enjoy Clair Obscur. Just be prepared to cry and to make hard choices when the truth comes out. Also, the game doesn't end when you think it ends.",True,1,3715
"I fell off rpgs a long time but this is incredible graphics, level design and gameplay. Reminds me of Legend of the Dragoon and thats a good thing",True,1,1440
"Wow - such a beautiful game.  Vivid artwork, compelling, unique characters, difficult combat, huge map with varied enemies.  Story was interesting and fun.  100% recommend this game to anybody considering buying it, beautiful.  Everything an entertaining game is meant to be.",True,1,6475
"Do you want to spend the 80% last part of the game slowly realizing things that will make you cry? Do you want to go back on your own grief? well now you do. And I'm not just saying that so I'm the only one sobbing in a corner. 

I have reached act III and I put down the game, not beacause it isn't great, other way around I cried enough in one afternoon already.",True,1,1455
"This is an excellent game. Very immersed in its gameplay, characters, and story. I will give a tip and say this game is at its most fun when you play on Expert mode and dedicate your resources to making 1-2 super broken characters.

The main gripe I have with this game is no mini-map. You will get lost a lot, and you will find yourself circling the same block in the story chapters trying to find all the hidden loot because you have no idea what you have and haven't seen yet.",True,1,4963
dog water game,True,1,4817
great story hope nother rpg comes out just like this,True,1,9174
"Made me cri

Too lazy to 100% it, buuuut the journey i had in the game was worth the emotional damage",True,1,1798
"The story is one of the most well-told and profound stories I've seen across any medium, including books, movies, and TV.  The big bummer of it all is that the only people that can experience this story are gamers willing to play a video game for 40 hours (those who would also enjoy the actual gameplay).",True,2,4559
"this game has a beautiful and rich story with a stunning sound track to back it up, it deserves all the praise it has recieved",True,1,1951
"This game absolutely blew me away. I came into this after the game awards with the approach of ""I will find something about this to hate, it can't be that good"".... It really was that good. As someone who doesant usually do turned based style games the combat is so enjoyable, the graphics are otherworldly and the story is up there for one of the best narratives of all time.",True,1,3680
AMAZING!,True,1,2913
Absolute cinema.,True,0,4410
"Clair Obscur: Expedition 33 is an excellent game. The visuals and music are wonderful, the battle system is fun, and the story is engaging throughout. It isn't without its flaws, but as a total package, it's very much worth the money and certainly deserves the awards it's gotten.

Visually, the game is gorgeous. Even more realistic environments have fantastical elements, and many of the other areas have an almost surreal, dreamlike quality to them that sets them apart from almost anything else I've seen in my years of playing fantasy RPGs. Many of the enemy designs are similarly bizarre and fantastical. the human characters are comparatively more mundane, but my favorite visual aspect of them is their expressions, small movements and other little details that seem more real in some ways than nearly any other game's characters I've seen. This is also one of the few games I've played that got me to use its photo mode, leading to me having 182 screenshots, according to Steam.

The music is amazing throughout, and I have been regularly listening to it outside of the game. I was surprised at the game covering several genres and styles, all of which were perfectly suited to their respective sections of the game. The game would not be the same without the work of Lorien Testard and everyone who helped bring his compositions to life.

The first place where I have any particular complaints is actually in the battle system. I love turn based combat and JRPGs, and Expedition 33 is... not quite that. It's likely to be familiar to fans of other RPGs with action elements like the Mario RPGs. I honestly went in not expecting to like the parry mechanic very much, and at first, I didn't. I found the timings to be strange to get used to, and not in a particularly fun way. Eventually, I decided to drop the difficulty down from the standard Expeditioner to Story, which dropped enemy damage and extended parry windows. After a bit of time with that, I determined that while the parry windows were better, the damage numbers were too low to be particularly threatening. I was able to rectify this with the use of a mod to make the parry windows similar to Story difficulty, then I went back up to Expeditioner. I found parries significantly easier to get, but still far from being *too* easy. This, I found to be the perfect level of challenge, and I hope that future Clair Obscur games may allow parry windows and enemy damage to be altered independently of each other. I haven't really had the issue some have had with delayed attacks in Elden Ring, but I certainly did here. I also somewhat feel like parries might be a tad *too* impactful, almost to the point of making some of the other battle mechanics irrelevant. Still, I didn't find these issues deleterious to the overall experience. 

The areas you explore are largely linear with a few side paths for extra items and sometimes optional bosses. While I like fully open games, I thought this more linear style worked well, and helped keep the game at a good length, with my playthrough clocking in at around 38 hours.

I won't delve into spoilers here, but I found the story engaging throughout, from the introduction to the city of Lumiere and its plight, to the titular Expedition 33 reaching the mysterious Continent and their journey to find and defeat the Paintress, and all the twists and turns along the way. The core cast is small but very likeable, though only a few get the most focus and depth. The game's antagonists are also fun to engage with, both as enemies you can hate and people you can sympathize with. However, I do have reservations about certain elements of the ending, specifically with something I felt was left unaddressed.

Overall, despite a few reservations, Clair Obscur: Expedition 33 is an excellent game, worth every cent. Play this game.",True,0,2303
Great game,True,1,2156
"What can I say about this game that hasn't already been said?
What an amazing game that if you can play through without any spoilers you are assuredly going to fall in love with.
No Spoilers here, but the story, for such a small studio, is amazing. There are video game stories out there that defy what some see as thin story-telling, and then there is the level above that and Clair Obscur falls in to the lofty pantheon of a great, novel-worthy story.
The gameplay loop is satisfying with the dodging and parrying in combat erring on the side of challenging without taking away from the game.
The graphics and art direction are beautiful and stylistic and help to really sell the world of Clair Obscur. As this has been made by a smaller studio than most AAA games, there definitely is a reuse of assets but what Sandfall Interactive has crafted here is so wonderful you can forgive them for this.

Overall, a great game, and if you're ever only going to play it once, definitely do so!",True,2,4522
good,True,0,6945
"It's way better than ""Black Myth: Wukong"".",True,1,46242
For those who come after,True,2,4128
"Absolute masterpiece. Im in loooooooove with this game. Never thought i would like turn based games but HOLY this is fun. Deffo worth a try. The story is cool and unique in my opinion but gustave is a vuss change my mind. Anyways if its on sale, buy. If not, still buy it.


Here now after almost playing it for 30 hours almost. Just. Wow. It is not what you expect AT ALL. The storytelling and the writing is PEAK fiction. You will get so many plot twists that will have your JAW DROPPED. Topped off with top tier combat and variety of set-ups you can do to get absurd damage numbers. All the abilities are pure cinema and pulling off something amazing after 5 turns of setting it up is on another level rewarding. You grow to love characters. And its just great... I said it before and i will do it again. BUY THIS PEAK GAME RIGHT NOW OR I WILL FIND YOU IF YOU DONT. Okay bye now",True,1,1715
é de fato o jogo de todos os anos. deixei chegar no nível 99 como último achievement,True,0,10880
Absolutely incredible game.,True,0,5408
Best Game since a long while,True,0,2080
good :),True,1,773
very gud,True,1,3068
THIS IS MASTERPIECE!!!!,True,0,1901
Masterpiece.,True,1,2704
i envy those with dementia who got to play this game for the second time,True,1,5663
enjoying my time on earth,True,1,1898
This game is a true masterpiece,True,1,1609
a wonderful game so far. The characters and world are so good.,True,1,1365
Glorified Mario and Luigi game,True,1,3436
Game that i immediately fell in love with 10/10 also the first time i cried for a game. The ending was heart breaking...,True,2,3812
"Parry, die, retry, dodge, die, retry....

Absolutely boring once the ""new game honeymoon"" fades. Nice art and productions, but horrible gameplay.

Weapons, skills, characters, don't make any difference. It's all about listening to audio cues and dodging attacks. That's the entire game. No exploration, no creating character builds, just run to the next dodge-fest.",False,7,2002
"To think that a small team made this masterpiece of a game. Beautiful, stunning and emotional! Huge Recommend",True,1,4274
Deserved all the awards,True,1,6598
Transformative,True,1,6018
Best turn-based,True,2,885
"Imagine going to the cinema to watch an interesting film, but the film cuts out 90% of the way through.

Suddenly a loudmouth family in the background begin shouting and screaming whilst slinging popcorn and sugary drinks at each other which inevitably lands on you.

Eventually the cinema staff jump out and tell you that the film cutting out and you being covered in a molasses of lemonade and popcorn was actually a meta-analysis subversion of the usual cinema-going experience in order to drive home the themes of grief and family conflict. The film was irrelevant, you need to learn to let it go, what matters are the imbeciles flinging snacks at each other.

Then, droves of morons begin loudly proclaiming that this situation is actually a masterpiece of cinema because; ""the signs of subversion were there all along!""
""They were selling lemonade and popcorn in the main lobby, didn't you see it!?""
""The loudmouth family were waiting outside the auditorium the whole time! My god, it's a masterpiece!""
""Anyone who doesn't like this just didn't get it!""

I think the biggest crime of Expedition 33 isn't the awful twist at the end of act 2, nor the shattered character dynamics which never really recover at the end of act 1.
It's the irritating hoards of people this game has amassed that think having a film cut out at 90% of its runtime whilst they roll around on a dirty cinema floor, being pelted with overpriced snacks by a family having a Facebook-tier argument, is the epitome of quality and class whilst they smugly berate anyone who thinks otherwise as ""just not getting it.""

If you're angry at this review, perhaps you could consider it as a subversion of expectations designed to upset people who like this game in order to teach them the value of letting go of their feelings for it. After all, being overly attached to something that isn't real is unhealthy, right?

And if you disagree with what I've written here, it's because you just didn't get it.",False,8,3165
cinema. deserves goty and more.,True,1,342
pokoknya bagus,True,1,331
Visual pleasure with fantastic music,True,1,276
"Amazing game, recommend",True,1,769
"Im telling you right now this can arguably be declared the greatest RPG ever created, and that's after recently playing Cyberpunk (with PL DLC), Elden Ring, and Baldur's Gate 3. Other modern masterpieces. One of my favorite games growing up was always the ps2 JRPG Star Ocean 3 because of its story (iykyk) and gameplay and everything FOR ITS TIME. Played through OOT and MM, Xenoblade Chronicles series games, Tales of Vesperia, Final Fantasy (most of the major ones). I think this game has overtaken that and all those for me. MASTERPIECE musically, aesthetically, storywise, gameplaywise, good passionate new devs. Very few negligible criticisms. 100 Hours in in just 1 playthrough, probably because i play on hard difficulties over analyzing and adjusting my builds needlessly for fun. This game was inspired by so many of the greatest games and medias and it shows. They put their all into every detail in this game, i just started the postgame DLC area and just seeing the grass textures in the dlc having Esquies face made me tear up.

God I can't express enough how good the story is. This game does not handhold you in combat, exploration, or in the story. It lets you piece things together gradually paced exquisitely and then it'll hit you in the feels incredibly hard posing tough mental choices on the characters and yourself, the player.",True,2,6158
"Clair Obscur: Expedition 33 blew my expectations away. One of the best games I’ve ever played. 
The characters, the music, the world design - I mean, everything about this game is a work of art.",True,11,2440
GOAT,True,1,3907
"Oblivion and HL2 are the greatest games of my child and teen years. This is the greatest game of my adult life. When they launch capsules into space showing key evidence of humanity for aliens to find, they should include a digital copy of E33 and the LOTR movies as examples of our highest achievements. 

Great art is both a window and a mirror. I wonder how many will realize the fourth wall metaphor for their gaming at the end of this. How many of us are taking refuge from our own scars

A true masterpiece that will stand the test of time. I bought it for all of my best friends.",True,3,2883
10/10 made me cry (in a good way),True,1,1822
yes,True,1,3076
wow,True,1,2010
very well deserved GOTY,True,1,5301
Just amazing,True,1,1080
Screw you Ultimate Sakapatate! Love the game 10 hours in. Would highly recommend.,True,1,583
Quick Time Event Simulator,False,5,308
The combat in this game is excelent and each characters move set is very unique. The story is of the absolute best caliber.,True,1,867
!,True,1,1951
"At first, the turn-based combat made me think this looked like a mobile game. But after watching a few videos, reading reviews, and playing for just two hours, I realized how incredible it truly is. The story, unique combat system, visuals, and optimization are all outstanding. Clair Obscur: Expedition 33 is an unforgettable experience that will stay with me forever. I’ll definitely play it again.",True,2,4147
"A very solid experience that deserves much of the critical acclaim it has received. The reaction-based dodge/parry system is very reminiscent of the Mario & Luigi series and adds a lot of engagement to the combat. There's a lot of room for customization and experimentation, though some characters definitely feel weaker than others and some strategies are absurdly powerful to the point of trivializing the game.

Very beautiful game, has a fantastic soundtrack making for some very beautiful moments with stunning art direction. The story itself is also very fascinating, even when I thought I had it figured out it still managed to throw me off at many corners. Really kept me wanting to explore to find out more.

Unstable as all get-out though, this game crashed dozens of times in the 57 hours I played,  multiple times it even caused my entire computer to restart. I tried messing with the settings a lot, did a lot of searching and troubleshooting, nothing truly helped.",True,2,3371
yes,True,1,801
"While I wouldn't recommend it to most people playing this game for the first time, I do think it's surprising just how much better of an overall experience Expedition 33 is when you disable any kind of blocking and dodging. If that part is in any way turning you away from the game I would strongly recommend switching to an all hit playthrough, even for your first time through. It is very possible without guides, and does a much better job pushing you to make interesting builds.",True,1,5077
"I kept hearing this game was one of the best games of all time. 

It exceeded the hype.",True,2,5820
"Recommended for all the reasons listed in other reviews around here. A gem, go get it!",True,1,1654
"I know I havent played much, but this game is incredible. I want anyone who has any slight interest in this game to play this! Its so peak!!!",True,1,546
"First time playing this game was at a buddies place in the morning after New Years Eve. 
I've only heard of its name, but never looked into the game itself. 
When I bought the game that same afternoon, I couldn't stop playing it.

It is a well deserved GOTY. The Gameplay, the Artstyle and the bombastic Soundtrack, 

This is a rare Masterpiece.
Expedition 33 is pure Art.

For those who come after!",True,2,3240
best game ive ever played,True,1,5807
masterpiece,True,1,3134
"what can i say? game of the decade not only the year 
i spent 60 hours on this game and still not enough i want even more of this world to live and play 
visually incredible and what can i say abt the music? absolute cinema in all ways possible, i envy those who didn't play it yet.",True,1,5086
super cool and epic 10/10,True,2,2515
"I delayed playing this game for quite some time. I was playing Kingdom Come Deliverance 2. It's easy to see why this was GOTY. The art design. The level design. The sheer scale and scope. The storyline. The almost complete absence of cheesy dialog. The emotional wringing. The music. The combat system and its nearly infinite possibilities for building a winning squad. There is so much to like about this game that the few things I didn't like aren't even worth mentioning. I could easily play this game over again, and actually finish it. Unlike Baldur's Gate with its many branches of storyline that keeps you wondering when you should start over at Act I for the tenth time, this is much more straight forward, progress driven.",True,2,9373
Esquie best bro foreva,True,2,2848
"Atrocious optimization, it had been one year, and they already get tons of revenews and yet they can't give a ♥♥♥♥ about game optimization. Mind you my setup has rtx 3060 but it cannot run this game smoothly even at medium graphic. ffs",False,2,1085
Absolute Cinema,True,1,18680
"Its good unless you do the bs infinite tower. Its just hard to be hard. Otherwise, great game",True,1,4224
"It’s appropriate to call this game a masterpiece in every sense of the word. There is ART in every bit of it—from the theme itself, to the chilling soundtrack, to keeping you holding your breath throughout the entire duration of this wonderful, yet sad and introspective story. I felt a sense of wonder that I’m still feeling right now. Almost like Stendhal syndrome.
This is a title that belongs in the library of any gamer. Play it. Let yourself be absorbed, listen to the melodies with your eyes closed, and if you need to, don't be ashamed to cry. Because Clair Obscur: Expedition 33 is all of this, and so much more.",True,2,2672
"The game has great music,good story but aside from that,it's unoptimized as heck after being out for a year. Constant crashes,fatal error. It was fun but it's definitely not worth the headache.",False,9,295
"story is one of the best out of any medium i've experienced: books, films, shows... Gameplay and their take on turn based games is the best IMO. A game i would say has succesfully established its kind as a type of modern art as literature did during its time and films did as of recent.",True,1,1756
Wonderful game. Great story. Amazing game mechanics. Highly recommend!,True,1,1610
"Game of the Year for a reason.

This is one of the first games where the score absolutely blew me away. The story doesn't disappoint either, and the characters were so easy to get invested in. It's just an incredibly fun game from beginning to end.

The discourse that popped up around this game right before The Game Awards, aside from the AI controversy, felt completely out of nowhere and, in my opinion, largely in bad faith. Having actually played it, I don't think that conversation did justice to what the game accomplished.

I've never played a game like this before. If you had asked me before Expedition 33, I probably would've told you this style of game wasn't for me. Now it's opened up an entire genre that I never thought I'd be interested in.

That's probably the biggest compliment I can give it.",True,2,3368
Been enjoying it a lot.  Highly recommend,True,1,418
PHENOMENAL!,True,1,6281
"Hands down the best game ever made. The game is a roller coaster of emotions, deep philosophical themes, and extremely creative story telling. This is all wrapped up in fast paced game play, absolutely beautiful artistic design, superb voice acting and dialogue, and some of the most stunningly beautiful music I've ever heard in a video game. There are only handfuls of games that are truly life changing. This is one of them.
The only thing I regret about buying this game, is that I bought it on sale. The developers deserve every penny... so I decided to buy the soundtrack and extras even after winning the game to show my support.",True,2,3555
"This game is mostly cutscenes. The developers probably should have written a screenplay instead of a game. It might have even made an interesting limited series or something, but not a game. 

The combat gets repetitive as you execute the same combos with your team turn after turn after turn. The ""exploration"" is terrible as there are few landmarks in the (intentionally, I get that) nonsensical and dreamlike landscape. The story, which is by far the bulk of the ""play"" time you'll experience in this game, is also just attractively dressed up nonsense. The conclusion hinges on understanding and interpreting metaphysical laws that haven't been explained to you. Are ghosts people? Does a soul get tired? Are fairytale creatures that might be dreams actually living, feeling beings? I have no idea, and I can't make decisions based on the answers to those unknowable questions.

A bulk of the middle of the story is characters going ""wait, I don't understand,"" and then not following up or talking to each other, until the next scene where they're just baffled again. Or someone will say ""but wait, that would mean..."" and then trail off, never to elaborate until the final minutes of the game.

There are no choices or decisions to be made in this game until the very end of the game (after you already have the achievement called ""The End"") at which point you pick if you want to watch cutscene A or cutscene B to end the 25 hours you've spent largely watching cutscenes or sprinting between cutscenes.

Played on steamdeck, where it ran fine,",False,6,1300
Great game. Nothing to complain about.,True,1,2925
good,True,1,1829
-,True,2,398
"a gem amongst gems.  a new standard in turn based combat.  exciting, precise and compelling.  
This is a step in the right direction, a beacon even.
some games are yay or nay,
This game is yay all the way.
get it.",True,1,6944
"Great game. I rarely play new game+, but this game I did, and the foreshadowing, and changes in how things were interpreted changed as well. Great game, unique combat experience.",True,1,6330
This hands down the GREATEST OF ALL TIME i've ever played in my entire life which says alot because i've been playing games for over 3 Decades.,True,1,1773
"When people who haven’t played a Final Fantasy ask me which game to start with, I tell them “Clair Obscur”.",True,2,27
Actual unbelievable game it deserved every award it got and that's coming from a Silksong voter. 10/10 game objectively the best game I've ever played,True,2,3390
Like the game. For those who come after.,True,1,3926
"never have i had such an emotional rollercoaster playing a game..
For sure worth the money and can only recommend

For those who come after",True,1,1690
"Very fun, I wish you had a way to swap between party members mid combat. I don't like JRPGs that give multiple party members but next to no incentive or way to truly use all of them (With the exception of a Divergent Star). 

But all of the characters are fun! And I love that each played a bit differently. The build variety is also pretty good. The game comes with some jank, odd movement, janky character animations at times, and is  lacking the polish that say, Persona 5 has. 

But it makes up for it in the story. I loved this game, had a pretty good time of it. Will play whatever Sandfall makes next.",True,1,4215
"You'll find enough reviews praising the game and its music, I'm just here to raise a few concern while loving the game:
- the turn base strategy goes out the window in the late game because you're constantly having 9AP hiting for max damage every turn
- damages in late game are just insane number it gets tiresome after a while, you play the same attack over and over
- Egide throws your tempo off because your character change place
- the êvéque attack overshoot sometime and throw your tempo off
- a picto should enhance your damage or shell for each AP gained above 9 while parrying ennemies attacks",True,0,6630
im a little late to the party but maaaan... this game is so goood.,True,0,913
"Cool game, but seriously what were you idiots thinking when you designed the volleyball BS? How did this pass the testing phase of development. It's broken and everyone hates it. F**k you devs.",False,1,1727
This is my first real turn based RPG since Pokemon and it has me hooked. The reaction based combat adds a great extra layer that has kept me hook. Combined with a great story and great characters I see why this won GOTY.,True,1,999
"An absolutely fantastic RPG paired with the WORST PLATFORMING you will ever experience.  I would like to know who at this studio was in charge of the platforming sections because they should receive the French Revolution treatment.  

I've never played Bubsy 3D, but I don't have to because now I've tried to jump on a log in Clair Obscur for 50 ♥♥♥♥♥♥♥ times in a row.",True,1,556
ИЗ СОУ КУЛЛ OCHEN KRRUTO,True,1,1570
...,True,1,3971
"Simplesmente um dos melhores jogos que já joguei na vida. Personagens, narrativa, trilha sonora E *DIREÇÃO DE ARTE* ridiculamente bem feitas. Jogue esse jogo imediatamente.",True,1,2323
Absolute Cinema!,True,1,409
"Best game I've played in quite a while! 

Great story, I am one of the best stories, with crazy depth.",True,1,1582
"absolutely horrible story acting and characters. battle gameplay is ""turn-based"" and stupid",False,0,245
"For my personal preferences and tastes, I think this game is overhyped. It's not a terrible game, but it doesn't seem to be all it's made out to be. There's enough friction that makes it very hard for me to keep playing and stay engaged.

The good:
1) Story and themes are genuinely interesting
2) Characters are mostly compelling and interesting

Negatives (mostly to do with quality of life and game performance):
1) If you're like me and love to explore, there is no minimap or easy way for you to tell where you're going or keep track of places you've visited. Prepare to backtrack, get lost, and wonder ""Wait have I checked this place out?"" often. So much of my time is wasted doing this.
2) It becomes tedious to keep track of all the battle items which can be equipped (mainly pictos) and changing them to suit specific situations becomes a pain.
3) Battles are fun at first but feel more and more tedious as the game starts introducing more mechanics. Even in normal difficulty, it can be unforgiving during the more challenging battles unless you're really good at the quick-time battle inputs.
4) The narrative suffers a bit around the time a specific character leaves the party.
5) The game really runs like trash, and it seems to have gotten worse over time. As of writing this review, I tried medium settings with DLAA. I maintained around 70 fps with stuttering, and starting battles caused my frame rates to dip to around 50 fps throughout the battle. I really don't think someone with a rig like mine should be struggling to run this game. For a game that requires quick-time event inputs during battles, the choppy performance is a problem. I looked it up online, and it seems some users claim the game's performance really dropped after a specific update in the past and never quite recovered.

The story and characters aren't interesting enough to me that I want to continue slogging through the game. Every time I come back to it, within hours I end up getting mentally fatigued and drop it for months at a time. I really wanted to love this game after so many people had nothing but praise for it, and I think I gave it enough of a chance, since I played around 30 hours of it. Unfortunately, it's clearly not for me.

If I ever decide to go back and give the game another go, I'll update this review.",False,2,1780
"I want Esquie to strip me naked oil me up and slap my ass.

10/10 Game btw",True,1,3763
perfect,True,1,836
Absolute Cinema,True,1,2084
"Love this game, such a breath of fresh air.  A Beautifully designed world that unlocks in a stages via a character mechanic, which keeps the player from being overwhelmed.    If you hate story based games, this is not for you, but for everyone else, Clair Obscur: Expedition 33 is a must try masterpiece.",True,1,3585
Recommended.,True,2,3796
"Clair Obscur always makes me so sad. A special kind of sadness I really like. There's nothing like it. Thanks for all the feelings.

Alicia itade nai.",True,5,7636
"The kind of French that don't surrender. 
Jokes aside, very good storytelling. Like reading a visual novel that just keeps taking turns when you expect it the least.
Anyone who complains about the game, it's ok not to play it if it's not your style.
PS - Story mode is very ok to switch to if you really can't deal with the parry game. If you're stubborn, then focus just on dodging instead.",True,1,1785
Lune is best girl,True,1,785
"Truly an experience. The combat is fluid and feels punchy, the enemies are diverse, the world looks beautiful and the graphics are phenomenal. The voice acting is skillful and hits hard, the story keeps you enthralled and you care about the characters.",True,1,2929
"There isn't much to say about this game that hasn't already been said. The art direction: phenomenal. The combat: engaging, rewarding, and creative. The characters and story: outstanding and unique.

I don't know why I waited so long to play this game. Now that I'm at the end of the end game, I feel compelled to get every pictos and min-max my builds to truly see what each character is capable of. A full (and I mean very full ""collect and do everything"" kind of way) will take about 100 hours. It's completely worth it.

10/10. No notes.",True,2,4652
maybe we were too harsh on the french,True,1,5798
Goated,True,1,8047
*French accent* Good,True,1,10136
This game is absolutely not my cup of tea.,False,3,1367
i somewhat tolerate french people because of this game,True,2,928
Excellent game. Amazing combat and insane soundtrack. Story interesting so far. 9.5/10,True,1,971
"This game is beautiful and that's it. I cannot stand the tedious, long and dreadful combat system. Random encounters can last almost as long as boss battles with stacks and stacks of shields, stacks of incurable ailments on your characters. I absolutely dreaded going into combat, because each trash mob I knew I was in for a long tedious experience that I knew I could beat but took way too long to finish. Toward the end I just began skipping mobs and I'm at the end and probably severely under leveled, but I just can't stand the feeling of dread going into each battle. Final Fantasy 13 has a very similar combat system and did it far better than this game.",False,3,1189
"Clair Obscur: Expedition 33 is an absolute masterpiece. Genuinely the best story game I have ever played. The story completely blew me away, and the soundtrack is absolutely beautiful, too. 10/10 would recommend.",True,1,2933
"Genuinely one of the best games I've ever played, the plot of the game and just knowing there is so much more to the story than meets the surface. I cried at the end especially if you pick one of the two endings, and that itself there is no wrong. its so beautiful and just knowing how strong grief can truly be.",True,1,4188
A genuine masterpiece; it lives up to all the hype and more.,True,1,6756
Whoo.. Wheee!,True,1,2625
One of the best RPGs you will ever play,True,2,3533
Most deserved game of the year ever.,True,1,2022
"only 3 hours in and this game is so beautiful - excited to play more whenever i can

i can just sit by the cliff, take in the music, and watch the scenery for a while",True,1,196
french final fantasy,True,1,2493
"I'm normally not a controller kind of gamer since I prefer the keyboard and mouse, but Wow! I'm glad I gave this game a shot because it's already soooo good and I'm less than 10 hours into it. I was always a fan of Final Fantasy games before they went active time for their battles, and this takes me back to those days, while also retaining a challenge with dodge/parry mechanics on defense.

Bravo to the team that created this gem!",True,1,598
"FOR THOSE WHO COME AFTER!

10/10 Story. Best narrative in gaming. 
9/10 Gameplay, Very engaging combat and build system. Mildly excessive enemy encounters and lack of enemy variety especially towards endgame is my only nitpick.",True,1,2515
10/10 would recommend,True,1,3075
emotional damage but in french,True,1,1965
"Great story, gameplay, and music.",True,1,2260
10/10. No notes,True,1,3269
Amazing game,True,1,5221
"Went into the game with limited context, no expectations other than a game with turn based combat and a good story. It was incredible. Full stop. Cried several times, had fun with combat, and was invested in the story. I highly recommend.",True,1,6000
"Clair Obscur: Expedition 33 Review
I really don’t get the hype around this game.
It’s basically another generic Souls-like with a Final Fantasy-style combat system. The fights are turn-based with real-time dodges and parries, which is fine, but nothing new. The world feels empty and lifeless pretty to look at, but there’s barely anything interesting to do in it.
The story is the best part. It’s actually interesting and has some emotional weight. Everything else just feels like a retread of stuff we’ve already played a dozen times.
Technically it runs okay, but the game is clearly not well optimized.
Overall it’s a decent but very overhyped experience. Competent, not special.Score: 6/10",False,3,393
"Amazing game, amazing story, beautiful soundtrack. Game is absolute peak and deserves the title of Game of the Year of 2025.",True,1,3077
"this is the best game ever made, no hyperbole",True,1,2034
Favorite RPG in a long time.,True,2,2030
"Other people will (and have) written things more eloquent than I would be able to. Suffice it to say, this is one of the best games I have ever played.",True,1,1909
Amazing game :),True,2,348
"It's a very fun game!!! The story is very good, the turn-based combat is very nice, and there are many strong bosses that you can choose to fight. I recommend playing this game!!! 11/10",True,1,3477
"I pirated the game,played 2 hours,deleted,bought the game on steam and ps5 pro,deserves every penny. Top 8 games i ever played, up there with ghost of tsushima,mass effect,arkham games.For those who come after",True,1,208
Holy freacking hell. Everyone has to play this game at least once if you still feel something. If not... moreover you have to.,True,1,3626
.,True,1,652
Very good game,True,2,4472
So many bugs and graphic issues for Steam version. Takes away from the immerision. I spend more time troubleshooting issues than playing the game.,False,2,1130
"An incredible story that keeps you at the edge of your seat .. I am not a fan of role-based combat but I found myself enjoying the fights more than I expected ... 
The game is a perfect combination of story, emotions and brutality .. 
However, nothing can compete with the incredible world! I have never seen so much variety in a single game, even though there are limitation on how much you can explore the world but still, every area has an amazing detailed design that mesmerizes you at every turn 

Highly recommended",True,1,1690
">Be Guillaume Broche
>Work at Ubislop and get bored
>Start making a side project, then quit job to work on it with 5 buddies and a dream, naming yourselves Sandfall Interactive
>Get funded by a publisher with a budget of less than $10 million
>Release game around the same time as Ubisoft's latest $117+ million blockbuster which Ubisoft desperately needs to succeed after the lukewarm reception and commercial underperfomance of their 2 latest blockbusters. Even shareholders are angry
>Ubisoft touted the massive success of their latest AAA blockbuster with a $70 price tag and (as of writing this) 35 000 steam reviews at 75% positive
>Nominated for 5 awards but didn't win any
>Sandfall, a now mid sized studio of 30 release their indie-ish game for a modest $50
>(as of writing this) 180 000 steam reviews at 96% positive
>13 Nominations and 9 awards at The Game Awards alone, setting a new record
>70 overall nominations and 41 awards 
>Receive public praise by the president of France twice
>Receive official knighthood under the Order of Arts and Letters by the ministry of France
>Even Hideo Kojima loves it
>Game is actually good and meaningful

>After all this, come out in an interview and reveal that while the overall games industry generally sees juniors as dirt and only ever looks to hire seniors, Clair Obscur was developed by a team of mostly juniors under great leadership

>This game is possibly the biggest, most graceful and beautiful middle finger conceivable to greedy, stagnant, wasteful, shortsighted AAA studios
>I don't even like turn based games lmfao",True,2,4003
"if the awards this game got didnt convince you, i dont think my review will.",True,2,3181
cinema,True,2,1785
"great style of art, soundtracks, characters having their own stories, overall plot good. Tbh, this is the 2nd turn based i play after persona 5 and it very great so far",True,1,449
yeah it's the best thing ever made,True,1,4312
Very solid.,True,1,2870
"My new favorite game. Reminiscent of peak Final Fantasy imo. The story, writing, music, gameplay, and acting are all 10/10.",True,1,3970
peak,True,1,4044
"I don't hate the game, but it shouldn't be considered goty by a long shot, graphically it's a catastrophe, gameplay wise also it's imperfect, it's an interesting concept and good effort for a small team, going beyond that is quite a stretch",False,1,355
"In retrospect, I can see why it won a couple of awards",True,1,4680
"Masterpiece of a game. Speaking French and having it give me additional insight into a game I was playing was a first for me, and it added another layer of depth and anticipation as the story developed.

The soundtrack was incredibly impactful throughout my playthrough and made an already beautiful world feel even more immersive. The music, art direction, and environments worked together so well that I found myself appreciating the world just as much as the story and gameplay.

10/10, a masterpiece. Nothing but applause for Sandfall Interactive and everyone involved in creating this game. 

More human creativity and ingenuity like this in gaming, please!",True,2,8941
"I don't like JRPG, but I love this JRPG game",True,1,2756
fantastik,True,1,1875
"My issue with the game is the way the dodge works. In games like sea of stars or even xenoblade chronicles, dodging works by pressing the dodge button and the event will trigger even when you were too late. In this game the window to dodge only allows too early or perfect evade. After missing the evade frame, it will fully do nothing. I only accept games where failing still does play the action instead of preventing inputs. I do understand the story and the idea of the game is great and it is a me issue. Failing after the 34, doing the duell where you are allowed to fail or deny duell is fine, but thinking about the sunken cost fallacy, I do not want to imagine the late game when dodging is going to be the main issue for me especially for the boss fights against giant foes.",False,0,169
"This is the first time playing a turn based game, and i didn't know what to expect, i waited until the hype died down a bit since im usually skeptical about new releases with such high praise, and i gotta say, i was very happily proven wrong.

This game is genuinely incredible, everything from the visuals, the story, the gameplay, the art design, and the MUSIC. its fair to say that all the praise this got was well deserved, and the team that worked on it did a remarkable job. Instantly became one of my favorite games in 2025-2026.",True,13,6178
"Deserved the GOTY awards, great gameplay, great story, great music. 10/10",True,2,3563
You know that kind of game that will leave you emotional? Yeah this is one of the very few of those. Masterpiece.,True,1,2427
"Everything about this game is amazing the soundtrack, the story, the gameplay, the characters it all just amazing. the combat it as fun as it is infuriating at times but once you start parrying all the enemies after they have been one shotting you for the past 10 min and getting that sweet sweet counter there is nothing better. I have 2 regrets about this game one that iv 100% it already and that i didnt buy/play it sooner.

If all games received half the love and care they put into this game there would never be a bad video game ever again. 10/10 would happily play again and probably will",True,1,3546
I don't think there is much to say that wasn't been said before. That being said - THE GAME IS AMAZING!,True,1,4974
Absolute Cinemaaaa,True,1,3715
Incredible gameplay and story,True,1,821
"10/10 — An unforgettable RPG

Clair Obscur: Expedition 33* is one of those games that reminds you why single-player RPGs are special.

The art direction is stunning, the soundtrack is phenomenal, and the world has an atmosphere that feels completely unlike anything else I've played. The story is ambitious, emotional, and full of moments that genuinely stuck with me. The characters are also incredibly well-written, with a party that actually feels like a group of people rather than a collection of RPG archetypes.

The combat is where the game really shines. The turn-based system feels fresh thanks to its real-time mechanics—perfect parries, dodges, counters, and timing-based attacks make every encounter feel interactive instead of simply selecting abilities from a menu. There's a satisfying learning curve, and mastering enemy patterns makes victories feel earned.

But more than anything, I'm satisfied with the experience as a whole. It managed to make me feel excited to explore, invested in the story, and genuinely excited to see what would happen next. Even after finishing it, I found myself thinking about the world, the characters, and the journey.

For me, Clair Obscur: Expedition 33 isn't just a great RPG—it's a complete experience that delivered on almost everything I could have wanted from it.",True,1,5296
"For those who come after.

Pros:
~Outstanding music and story
~Excellent character models and enemy models
~Tragic yet fun world to explore
~Combat is completely unique, like some weird mix of Final Fantasy and Soulslike (but it works so dang well)
~Each char is completely customizable
~Crazy amount of optional side content

Cons:
~Story can be a bit complex and make you think and feel things you didn't wanna think or feel
~Act3 is like a totally new game in a good way and a bad way

Overall: A generational masterpiece. I rarely admit this, but it lives up to the hype. Worth it at full price even double price. What are you waiting for?",True,1,4648
Deserves its GOTY,True,1,2117
"[h3][i]Clair Obscur: Expedition 33[/i] | Perfect Game Review [/h3] 
(100% Completion at 62.1 Hours)
[hr][/hr]
With [i]Clair Obscur: Expedition 33[/i] absolutely cleaning up at the Game Awards and invading my social media feed, I figured I’d finally see what all the fuss was about. Fast-forward to the credits, and I’d spent the entire game whispering “this is absolute cinema” at my screen like I was personally responsible for the standing ovation.

[b]Gameplay:[/b] As a fan of both genres, combining souls-like mechanics with turn-based combat was a real treat. The huge range of builds and smaller playable cast let me experiment without feeling overwhelmed. But if we’re being honest, about 95% of my squad decisions were just Maelle and Lune taking turns carrying the team. ★★★★★

[b]Graphics:[/b] The character designs are fantastic, the cinematics are peak, and every area across the continent is ridiculously detailed. I genuinely didn’t mind getting lost without a map because there was always something gorgeous to stumble across. Even that creepy face-mask island looked incredible... although I’d happily get lost somewhere else next time. ★★★★★

[b]Sound:[/b] I have far too many tracks permanently stuck in my head to give this anything less than a perfect score. Even the water level theme was an absolute banger. Now, I may not understand French, but that hasn’t stopped me from sneaking songs into my playlists and telling my family it’s just French pop music. ★★★★★

[b]Story:[/b] I knew this was going to be top tier when I got emotionally attached to the characters within the first 30 minutes. Packed with twists, humour, heart, and plenty of emotional damage, the story keeps you invested from start to finish. The characters are bursting with personality, while the cinematics and storytelling are on another level. There were moments I wasn’t even sure if I was playing a game or watching a really good movie. ★★★★★

[b]Replayability:[/b] With multiple builds, challenging encounters, collectibles, and a substantial post-game, there are plenty of reasons to return. And once you’ve finished everything, there’s also New Game+ for those who apparently haven’t suffered enough yet. ★★★★☆

[b]Final Thoughts:[/b] [i]Expedition 33[/i] combines stunning visuals, phenomenal music, satisfying combat, and an unforgettable story into one hell of an RPG. It takes familiar ideas and somehow makes them feel fresh. It is also one of the few games I’d genuinely pay to have my memory wiped just so I could experience it all over again. ★★★★★

[h3]Overall Rating: 10/10, the Game Awards had me curious, the 9,999 emotional damage had me convinced.[/h3]",True,117,3727
"I loved the first few hours of Clair Obscur. A grim world of foreboding doom asks characters to find some reason to go on while resisting the inevitable. Very interesting themes and intriguing world. The visuals are unbelievable for a team so small. However, I gave this game ~15 hours of my time and liked it less and less until I came to my ultimate opinion — it is shallow. 

I'm not equipped to do a big breakdown, so here's some brief thoughts. The most deceptive part of Clair Obscur is the combat. There are 6 party members — each with their own unique mechanic, and none of those mechanics matter. You do the same exact thing every single fight. Why? Because your proactive attacks matter far less than your reactive ""counters"" through parries and jumps and gradients parries. Quite literally, I have fought enemies where my party of 3 had only 1 character attack a single time and the rest of the fight was parries until it was over. This game does not ""have QTEs"" it is a ""QTE game"" with some other stuff in it. I tolerated it, but it grated on me, and now I would say the combat in this game sucks.

The plot is intriguing and I use that word intentionally. I wanted to know more. It's a story where the characters know more than the audience which can be interesting. They might have an understanding of why things are the way they are but they don't necessarily tell you. I hung on every word trying to figure it out. But at some point I realized this was being done on purpose. After the first handful of events that attempt to ground you in reality, the rest of the game is intentionally leaving you in the dark. For hours. I learned nothing between hour 2 and hour 15 other than vague allusions. ""Why are you doing this?"" ""Can't you tell them the truth?"" ""You mean he hasn't told you?!"" For 10+ hours. It is a slap in the face every single time. Each time you think you're about to reveal something and no, it's more intentional babble.

In my 15 hours I witnessed two dramatic events that were depicted to be very impactful. I did not care about either of these events. I knew nothing that was going on and most of my experience with this game is being annoyed. If this game had been released during the peak of QTEs — say ~2012 or something like that — it would been ridiculed as one of the worst games of all time. I think that would be going too far, but it really has nothing going for it.

I can only imagine the reason people like this game is because it has a TWWWIIISSSSTTT. I can only assume that because it's spending all of its energy to keep me from knowing anything. I'm not wasting my time. I'll just read it on Wikipedia.",False,5,990
"ABSOLUTE CINEMA. The music is the most incredible sound your ears will ever hear. The story, which I haven't finished yet, is truly immersive. The character designs and combat are also a breath of fresh air.

I've played JRPGs before, especially Persona 5 and Metaphor: ReFantazio, but Expedition 33 goes above and beyond what you'd expect from a turn-based game. The builds and QTEs keep you on your toes, and again, the music is absolutely incredible.

Do I recommend it? I truly do. Whether it’s your first turn-based game or not, if you're on the fence, take the dive and explore something new and made by people who care.",True,0,2499
"Uma bosta, overrated e Unreal Slop, única coisa que presta são os gráficos e a história, o resto deixa a desejar em tudo, otimização, gameplay, etc, etc.",False,0,336
ول,True,3,2157
"AN ADVANTAGES ,.",True,2,3542
"Insane plot twists and confusion guaranteed. Good game.
I need to take a nap.",True,1,1281
"Fantastic game, a godlike soundtrack and an emotional story. 33/10 game <3",True,2,2157
"I bought this game because of my brother. He practically forced me into it, since I’m not usually big on fantasy RPGs, but he bought it for me and promised I wouldn't regret it. Let me tell you, people: I have never played such a narrative and visual masterpiece. A studio this small, and they go and make the Game of the Year for 2025? It’s crazy how much my opinion on fantasy RPGs has changed thanks to this one game. Thanks, brother, and thank you, Sandfall Interactive.",True,3,2868
Best game ever created by humankind.,True,1,6481
Best game ever? for sure,True,1,4607
I realy liked the game,True,1,3955
One of the best games ever made,True,1,2150
ABSOLUTE CINEMA,True,1,5137
"didnt think i would like this game.. i dont ever play games like this
 but its 9 outa 10 for me.. 
      it loses 1 point because i wish i could have more people in my party...",True,2,2182
"An incredibly ambitious project by a relatively small team of clearly very passionate people. Clair Obscur makes no effort to hide its inspirations. It is a very faithful tribute to games like Persona and Final Fantasy, to the extent that it could just be labeled as a JRPG, whilst experimenting heavily with its storytelling and aspects of the genre. 

The combat is incredibly reminiscent of Persona’s, but each character has a completely unique mechanic that fundamentally changes how they play individually, and each interact with one another very satisfactorily, in such a way that prevents the trap games of its ilk can fall into of combat becoming a slog of: find weakness, attack weakness, heal when needed. Combat is incredibly strategic and allows the player to set up extremely satisfying combos. And it cannot be understated how much more engaging it is for including QTEs on abilities and, much more importantly, a well-thought-out parry system. Throughout my playthrough, I found myself actively seeking combat encounters in the type of game I would usually want to avoid them for fear of boredom.

The game’s story, as with many games, is best experienced knowing as little as possible. It is incredibly unique, matching its eccentric setting, and filled with some really well performed characters. The story is mainly told through impressively shot cinematics, which do a brilliant job at both eliciting the emotions of the story and showing off the impressive visuals. There were unfortunately a few parts in Acts 1 and 2 which felt a little slow, but the whole story more than makes up for it, and the game is ultimately a phenomenal experience.

Also, Lorien Testard and Alice Duport-Percier, alongside all the brilliant musicians and vocalists who were involved, have created one of the greatest video game soundtracks of all time, which focuses on very classical music but ventures into a significant array of genres with quality drop, and exploits leitmotifs to, at points, carry the story.",True,1,1904
omg le jeux est genial j'ai adoré,True,1,2206
"Really like the Quick Time Event combat mechanics. I like the characters, and I like the story. I can really recommend this one to everyone. The final boss was a ♥♥♥♥♥, but you win some and you lose some.",True,0,2561
"Combat just wasn't fun for me. Nothing really matters except your ability to parry/jump on the defense (QTE). If you fail at the quick time events, one of your characters can be one-shotted by some boss. If you only succeed, then you won't receive damage at all and what you do during the offense (tactics) doesn't matter. Mixing in QTEs in the turn based combat is a cool idea, but I believe it should have only had an effect on the offense, so that strategy is more important than timing skills.",False,63,471
yes yes yes yse,True,1,853
"It'd been quite some time since I'd last played this style of RPG, so it took me a little while to get into this, but once I did, this quickly became one of my favourite games. Phenomenal story and soundtrack, and a wide variety of weapons, skills, bonuses, and team compositions that makes putting together different builds and strategies a lot of fun.

If you like completing everything before the endgame, there is a decent chance you'll end up very overpowered for the last of the main story, with the dev's fix being to include the option to reintroduce a damage limiter and/or incrementally increase the health of enemies. It's definitely recommended to use at least one of these (at least the first time around) so as to not miss out on some dialogue in the final few fights.",True,1,11292
"Advanced Pokemon but with a better story. 10/10. 
Would Gommage again!",True,1,4369
"Fighting is very bad and dishonest. Some enemies damage you even without any animation. It's trial and error for every enemy, no clear system. I will likely continue but I'm close to rage quitting",False,0,517
Best game in years !!!!,True,1,8701
"I really enjoyed this game very much. After able to avoid many of the spoilers and many streams. I was able to play this game fresh. I can understand why this game won so many awards from the spectacular music, the locations and the story. The fighting was great as well not the traditional waiting between turns where you can dodge, parry and sometimes jump to avoid getting hurt and even dishing out some punishment on an enemy. The combinations and strategies you can use between characters bring a unique feeling you can have in every new game or even while you play your current one. Even making one character into a full blown healer if you wanted. 

Overall this game has brought that greatness many other streamers have said 10/10",True,1,2254
"This is is less a game and more of an experience. Fantastic music, atmosphere, visuals, setting, voice acting and writing but questionable gameplay. Sometimes (and usually on optional content) it can take you 20-30 mins of constant parrying (plus retries) which.. isn't all that fun. Also going through your inventory to optimize your team is a a pain with gamepad so I'd recommend switching to mouse there. Platforming isn't very good but it is a tiny part of the game. Flaws aside, everything else makes up for it. I love how the game rewards exploration and picto/lumina/skill combos. I'll happily replay.",True,1,3951
"Not a usual player of fantasy games, but this one has my heart. I enjoyed everything from the story to the music, to the game's mechanics. Absolute masterpiece!",True,1,891
"Besides from few crashes I had, the game is spectacular. 

''For those who come after...''",True,3,1658
Splendid! Masterpiece! Most likely the game of the decade.,True,1,4655
"Haven't played as many railroad RPG's in a while. It's refreshing and while I don't think the Legend of Dragoon style combat timing if for everyone I find it adds more challenge and excitement to each combat. The art is gorgeous, the sound track is awesome, and the story seems very unique so far.",True,1,375
"intriguing storyline, fun combat and awesome music!",True,1,1210
"Love it, runs smoothly on my mac in medium settings. 

A few things I wished though:

- A Minimap: Seriously, I can't understand why the devs were too lazy to think of something
- Better descriptions: the skills are terribly described, some say they do low damage and actually do huge damage, some say they do very high damage and hit weaker than the coffee at my job.
- More convenient user interface: switching luminas, pictos and skills is a chore. You can see that the devs didn't put as much effort into the UX as they did in the game.

Nothing mods can't solve though, so there's that.

Finally, I wish the devs had made a mac port so I could play with better settings, but it is what it is :-)",True,3,2010
I recently upgraded to a PC that SHOULD run this game fine. It crashed TWICE. In less than 24 hours.,False,0,7003
"Game of the year for a reason, game is peak fr.",True,1,4116
i quit after they killed my boy Gustave >: ^(,False,0,460
Iam Whooo but I'm aslo Wheee! So the Wheee balances the Whooo,True,2,1902
"It is one of the greats, right up there with BG 3, witcher 3, rdr 2.",True,1,651
Perfect,True,1,2312
"overrated
combat? repetitive
story? slow, unengaging and too dramatic 
only good thing about it is how beautiful it is",False,0,1811
yes,True,2,2307
"I understood why this game was Game of the Year before I even finished the game. The story is masterfully crafted and told throughout the game and it doesn't indulge itself in heavy-handedly telling the player what they should think of the story and how they should percieve it and instead allows the player to experience the story and gain their own interpretation. The combat is engaging as it has literally been designed to require you pay attention to what is happening and rewards you for investing time and effort into customizing, upgrading and refining each character. This game didn't come from a massive studio and you'll notice right away as what was essential is present, what was made with passion was afforded and a lot of the modern functionless ""Pet the dog"" type of interactions have been abandoned in the pursuit of much more interesting and meaningful content. This game knew its own hype during development and the passion put in shows. This is the correct future for the game industry and we'd be fortunate if even half of the lessons that can be learned by this game are adopted by the game industry as a whole. It had been a while since I was excited to come home or start the weekend just so I could play a singular game to its completion and this delivered. 10/10 this might just be Game of the Decade.",True,1,1967
10/10,True,1,5970
"Amazing story, characters and gameplay",True,1,2409
best game in the last 15 years,True,1,3243
Blocking in this game is way too hard,False,0,216
yeth,True,1,238
"Sound track great, story good, gameplay awesome, and on top of it all really makes you fall in love truly deserved awards it got.",True,1,5964
"G.O.A.T🫡
ABSOLUTE CINEMA🙌🙌",True,1,2120
"Runs really great with very little bugs, great battle mechanics, awesome soundtrack and best of all, a great story telling.",True,1,1441
"Such a great game! Love the inspiration from Final Fantasy w/ turn based combat & the unique storyline, OST & characters.",True,1,2385
"This is a *remarkably* beautiful game, with what is at times *amazingly* annoying combat - which is a bit of a shame as it's a major feature. I strongly recommend you play this - just to look at and explore it's a thing of genuine wonder - but you have to accept a degree of frustration with inexplicable design choices and UX. You'll end up playing it with a wiki open on your second screen, but it's definitely worth it anyway.",True,1,5004
Just an overrated interactive movie,False,1,1026
"finally got around to playing this. I now see why it was so hyped, The music is phenomenal. I think rivals Destiny 2 for my top spot on the score side. Story telling is on point. I haven't even finished the 2nd act yet. but i will in the next few days.",True,1,1701
"Loved this game! The story, music, emotion, team dynamics and combat. 10/10",True,2,3360
"10/10 art design
10/10 story
10/10 music
6/10 gameplay

This game has it all. Laughs, tears, philosphy, loveable characters, great plot twists.
You can really recommend this game to anyone that is willing to stomache the insanely emotional story.

The only downside are the jrpgs mechanics, that are unnecessary restrictive and poorly balanced.
Later fights will be either way to easy or way to hard (meaning they take forever) - 100% dependent on your level.
And there isnt much room or reason to experiment with builds. Many pictos/skills/weapons are so good that you will always use them anyway, while the rest are mostly worthless. Resulting in a really boring late game.",True,1,2694
"I don't usually like turn based combat but wow. This game is amazing. The combat is fun, the story is amazing, and the art style is gorgeous.",True,1,5155
"gawd damn 

little jank on the parrying system and maybe looks a little bit cheap here and there but ♥♥♥♥♥♥♥♥♥ what a game

9/10",True,1,1856
"Best game I've played ever.
First game to get all achievements.
After 5-6 months finishing the game, sometimes I just start it just to beat the hardest bosses again, meanwhile I hear their music.
I'm still listening the OST, and will listen it until eternity (the list is so long, just play the game through and listen the whole OST at least once, you'll have like 4-5 new favorite songs minimum)
Well deserved GOTY, for me Game Of The Decade :)",True,1,7709
Great game. Original story and world building. A reimagining of turn based combat.,True,1,7546
yes,True,1,3145
"The game is awesome, I have enjoyed it a lot and the music is epic and something that I would listen to in my free time as well. 
I REALLY HATE THE PARKOUR IN THE GESTRALS BEACH CHALLENGES. THE GAME IS JUST DON'T MEANT TO LET YOU JUMP AND CLIMB ON SMALL OBJECTS. 
The game is 10/10, 2nd playthrough and I keep wanting to play more. 
SKILL ISSUE I GUESS, BUT I AM NEVER TOUCHING THE GESTRALS BEACH CHALLENGES AGAIN IN MY LIFE. I HATE THAT IT IS AN ACHIEVEMENT.",True,1,7408
"Excellent RPG with great story telling and characters that brings JRPG style gameplay to an even wider audience. Hopefully this a sign of things to come for the industry; small teams of truly passionate talented people showing that products that are a lab or of love outshine infinitely bigger studios with infinitely bigger budgets locked in to producing games that squeeze all the joy, creativity and life out of a hobby and art from that is meant to be escapist entertainment making you forget about mundane realities of life.",True,1,2896
Makes you appreciate France,True,1,3323
"One word. MASTERPIECE.
Hard to find a game this good in decades.",True,1,5115
"Saw all the hype and thought it is Whooo but no, it is definitely Wheee",True,1,2812
Good game with nice visuals and story,True,3,2706
"I cried in the first 20 minutes, then had an amazing adventure. Need more games like this",True,1,2766
genuinely peak,True,1,2066
Cinema,True,1,4131
This game is overrated.,False,4,13
Im not the same person i was 121 hours ago,True,4,7263
Good Game,True,1,838
"Что же закончил это прекрасную экспедицию.
Игра, безусловно, достойна множества похвал, хотя и не всех, что ей выдали на TGA.
Да, я не могу делать свой микрообзор не держа в голове весь тот сонм наград, что смела эта игра на себя в прошлом году.

Например, я точно осознаю, это никак не инди-игра (в смысле бюджета), читая титры после прохождения. Но эта тема уже обжёвано всеми ещё тогда.
Это точно не лучшая RPG, т.к. все роли и истории прописаны, а ты можешь только билд настроить под соответствующую роль.
Но вот игра актёров, сюжет, арт, гейм-дизайн и, конечно же, саундтрек - это поистине достойно всяческих похвал.

Начну, пожалуй, с обзора минусов. У меня претензии к игре ровно две: UX и необязательные активности.

UX. Каждая локация, уверен, является объектом для гордости художников и, по классике jRPG, они состоят из комнат-арен и извилистых коридоров, их связующих. С аренами всё хорошо, они запоминаются сразу, а вот корридоры все на одно лицо в каждой отдельной локации. Поэтому стоя на арене ты не всегда понимаешь, а был ли ты уже в этом корридоре или стоит туда заглянуть? А заглянуть везде надо, т.к. ценного лута и опциональных боссов по всей игре в достатке. Но всё же вернёмся к минусам. В целом, всё это можно было бы решить хотя бы фрагментарной картой или даже компасом, но ни того, ни другого в игре нет. Причём, всё это есть в наличии при путешествии по миру, но не внутри локаций. В общем, странное решение. Я его так и не принял до конца.

Второй минус, это различные необязательные активности. Тут игра полная противоположность серии Yakuza. Они все нелепые, плохо вписанные, вторичные и с просто ужасным управлением. Во всех них есть только один плюс: они необязательные и получите вы за них только костюмчики. Так что я просто не стал травмировать свою психику, все их попробовал, закрыл на минимальный уровень (за него обычно всё же дают что-то полезное, а не декор), чтобы теперь можно было с самодовольным видом писать о том как они плохи. Честно, лучше бы их просто не было, заменили бы их, например, личными диалогами между членами экспедиции. Игра бы от этого только выиграла.

А теперь про главное, про достоинства этой картины.

Начну с основного, сюжет и персонажи. Персонажи все разные и индивидуальные. Какие-то мне понравились, какие-то не очень, но точно не было лишних. Каждый обладает своей харизмой, своими достоинствами и недостатками, поэтому в них веришь. Это прекрасно! 

Про сюжет не выйдет рассказать без спойлеров, поэтому буду краток: он многослоен и непредсказуем. Хоть после прохождения и осталось много вопросов о вселенной, но уверен, что нам её раскроют в дальнейших играх франшизы. Сама драма происходящего раскрыта просто прекрасно и что самое главное, завершается именно тогда, когда нужно. 

Об одном стоит предупредить: перед прохождением всячески старайтесь избежать спойлеров! Они могут испортить впечатление. Я очень благодарен геймерскому сообществу, что почти нигде сюжет не обсуждают, понимая насколько чувствителен он к личным ощущениям. Его нельзя обсуждать, его надо пережить.

Арт и саундтрек мне не надоели до самого конца моего 80-часового путешествия. Несколько мелодий отправились в мой плейлист избранного и встали рядом с шедеврами из BG3.

Теперь о важном, собственно, о самой игре, о геймплее. Я не ожидал, что тут она окажется так хороша. Множество билдов, разнообразие боссов и рядовых противников, нестандартные подходы к партийным ролям и просто безграничный эндгейм, который я пока так и не освоил. Снимаю шляпу! Многие боссы тут либо захватывают своим размахом, либо чему-то тебя учат, либо заставляют поломать голову с нестандартным подходом. Я такое очень уважаю в jRPG, это и отличает увлекательную игру от рутинной.

Также, в игре не было гринда. Вообще. Когда я понял, что тут, как в Элденринге, если ты можешь куда-то пойти, то это не значит, что тебе стоит это делать, то игра стала увлекательным исследованием всех уголков этого континента. Я не раз ловил себя на ощущении, что разработчикам таки удалось вновь меня удивить какой-нибудь новой задачкой! Проходил на нормальной сложности, больших проблем ни с кем особо не было, а челендж всегда можно было найти на локациях с уровнем повыше.

Ну и игра всех основных актёров. Это Кино с большой буквы. Был очень вдохновлён и просто не могу придраться в игре ни одного из них. Не получится, т.к. проживал все события прямо вместе с ними, на одном дыхании.

После прохождения я спросил себя, так какая же игра всё же для меня игра 2025 года? Kingdom Come или Clair Obscur? И я всё ещё не могу дать ответ. У обеих есть шероховатости, обе задали новую планку в своём жанре и обе уносят в восхитительное путешествие. Я очень рад, что прошёл их обе и теперь могу это утверждать. 

Чего желаю и вам!

PS: по техническому состоянию и переводу нареканий нет. Разве что настройки для Steam Machine изначально занижены, игра спокойно выдаёт 60фпс на высоких.",True,2,4857
Great JRPG that relies a bit to much on its QTE System.,True,1,2154
great game,True,1,3630
amazing I'm enjoying playing it,True,1,185
cool,True,1,303
"At first I had my doubts for this game as I heard it was cinematic and the gameplay is turn-based, but as I gave it a chance it truly shined and became one of my top 3 games of all time! 
Gameplay 10/10
Story 10/10
Music 1000/10
100% Recommended game, For those who come after!",True,2,3936
"This game is the real definition of perfect game. Visual, audio, story, gameplay, everything just perfect what I wanted as turn-based lover. please make more game like this, still can't get over with the beautiful storytelling and fabulous music all over the game. WE NEED MORE, much love <3",True,1,3281
"Clair Obscur: Expedition 33 genuinely proves that games can stand alongside movies and books when it comes to storytelling. The characters, mysteries, emotional moments, and twists kept me invested from beginning to end. The world itself is beautifully crafted. The music also deserves a praise. 

The combat system is turn-based, but you have to manually dodge, parry or jump to avoid attacks in real-time, which is a standout feature. But it doesn't quite reach the strategic depth of Baldur's Gate 3 or the pure mechanical satisfaction of Elden Ring.

The UI and navigation could be improved, and the map is just a basic map. At the very least, players should be able to place markers for locations they want to revisit later. The late game also feels somewhat unbalanced. You are basically one-shotting everything, without see any of these bosses' moves.

I enjoyed the game.",True,1,4441
"I've always wanted to play this game, but never got around to getting it.
I then get a surprising message from a friend who sends me a key for this game.

I went in with high expectations considering it was GOTY 2025, and they were still exceeded. 
Story, Combat, Characters, Voice Acting, Soundtrack, Visuals, all of it was top-notch.
This game compares with the likes of Baldur's Gate 3 in terms of Quality. E33 is definitely better in the visuals though. I had to keep pulling myself away from staring at the scenery.",True,1,2126
Amazing story. Amazing gameplay. Only flaw is that some of the superbosses are too unbalanced,True,1,6577
"Gameplay lowkey started to drag a some point, but damn those characters and story are insanely good and easily make up for it.",True,1,1893
"Okay lets get the following out of the way:
Cinematics: 10/10.
OST: 10/10
Storyline: 10/10.
Combat: 10/10. (I'll get hate for this but I think the combat while repetitive is still engaging).

Now, 

This game is a testament to how a great story can elevate a video game from simply a hobby to something that can change your outlook on games and life in general. Sandfall, despite being an indie studio managed to create an absolutely phenomenal storyline that truly had me hooked from the beginning. The raw emotions I felt throughout my playthrough kept me embedded in the story and I was fully engaged to the end.

The game does an amazing job of showcasing how a good plot can captivate an audience despite the associated negative perception of turn based combat systems. I was skeptical as well heading into the game however I was totally caught off guard by the absolute cinematic storyline, the engaging combat mechanics, the phenomenal soundtracks and just the absolute masterpiece that Sandfall have created. 

Claire Obscur: Expedition 33 deserves a chance from every gamer, and I guarantee that if you make it to the end, you'll find that the bar for a videogame, a storyline and a soundtrack are now so much higher than ever before.",True,1,4584
"This is among the most overhyped games of all time. It's fine but it's no final fantasy. 
-Ugly and boring characters (no colorful hair or cool costumes). This is a big deal in an rpg because RPGs are power fantasies at their core and there is no fantasy that this game invokes in me.
-inventory and skill management is ugly and awkward.
-soundtrack is meh
-Combat is a lot of work. I play turn based games to strategize not for reflex mechanics. To be fair, Legend of Dragoon and mario & Luigi games employ similar mechanics but this feels overly complicated in the reflex mechanics it requires.",False,1,267
"A game that leaves you staring at the screen as the end credit rolls. When it comes to storytelling, I’m a sucker for “show, not tell” and I really loved how they have told the story equally if not more through subtle body languages and eye moments as they have done through the precise dialogues. Banger OST, side characters with souls. Andy Serkis’s voice acting 🙏. It’s a Cinema 🙌",True,1,3636
"Can’t give anytging less than amazing. Story, character building, graphics, music and again story. Enjoy! You are in for a treat",True,1,4648
"Best Game I've played in the a long time. 9.9/10. If you haven't played this game, play it.",True,1,803
"This isn't just a game — it's a work of art. 47 hours flew by in a single breath, and I'm still under its spell.

Visually, it's pure surrealism: islands floating in the void, reality bent out of shape, landscapes that look like they were painted by a mad artist. In every location I found myself stopping just to look around.

The music is a masterpiece in its own right. The soundtrack lives in my playlist outside the game — it perfectly captures both the melancholy of this world and the fury of its battles.

The combat system is the best thing to happen to turn-based RPGs in years. Tactical decision-making blends with real-time parries and dodges, so no fight ever turns into a routine — the tension holds until the very last hit.

And the story... No spoilers, but no game has made me feel this much in a long time. It's a story about people who set out on a journey for the sake of those who come after.

This game has earned a spot in my personal all-time TOP-3. Recommended without a shadow of a doubt.",True,2,2893
i pray one day i lose all of my memory and i can play this game for the first time.,True,2,9233
"I just start today and I know for sure this game will become a classic replay for me. 

Just WOW",True,1,564
Wow. Revisiting this game after beating it last year. Still one of the greatest rpg's I have ever played.,True,2,5108
Yeah this is peak. If you think this didn't deserve GOTY you do not have a future in writing stories or making games,True,0,2823
Beautiful.,True,0,4989
"dad telling daughter to hop off VRChat 

btw this is way out of context this game is easily in my top 5 games of all time  

o7 For those who come after 

HIGHLY RECOMMEND EVERYONE TO PLAY THIS",True,0,2702
"Clair Obscur: Expedition 33 is an absolute masterpiece. The art direction, music, world, and characters are on another level, and every area feels like it was carefully crafted to be memorable. It has that rare feeling where you start playing for the gameplay and quickly realize you’re completely invested in the world and its story.

The combat is fantastic, mixing turn based strategy with real time mechanics that keep every encounter engaging. Parrying, dodging, and timing attacks make even familiar battles feel rewarding, while the character builds give you plenty of room to experiment. Everything feels polished, purposeful, and incredibly satisfying.

This is the kind of game that reminds you why single player RPGs are so special. Beautiful, ambitious, emotional, and packed with unforgettable moments, Clair Obscur: Expedition 33 completely exceeded my expectations. 

If you’re even remotely interested in RPGs, do yourself a favor and play this one, you won’t regret it.

And the awards speak for themselves. It won Game of the Year at The Game Awards 2025, along with eight other awards including Best Game Direction, Best Narrative, Best Art Direction, Best RPG, Best Indie Game, Best Debut Indie Game, Best Score & Music, and Best Performance. It also won Ultimate Game of the Year at the Golden Joysticks and Game of the Year at the DICE Awards, among many many other honors.",True,2,4599
"I'm usually not a fan of turn based games but this ones narrative, world, characters and twist on the turn based combat system kept me engaged through the story all the way to the end. 10/10",True,1,3670
Jogasso,True,0,846
Bite-sized baldurs gate,True,0,2646
"Good things first: 
-Amazing music and mostly nice graphics and animations (as long as they're not blocking your view on the reaction based fights)
-Also a fine story telling and fun world to explore in the first 5-10 hours of the game.

The rather not so good and frankly horrific things:
- After Act 1 the story desolves into a mediocre soap opera.
Too many plot twists without any effort made to keep you engaged or to further care afterwards. 1. was shocking, the second was a bit weird but ok, the third was getting annoying and afterwards i really lost any interest in characters, story, or relationships. The story became irrelevant and felt elongated which is especially bad because:
-This game has probably one of the worst gameplays of any games i yet had the honor to witness. And i played a lot of questionable games. Powerscaling feels off, timing is random, buggy in the worst situations, input lags and a oh so tiresome in its repetitiveness.
-I can't stress enough how boring, unnecessarily difficult (timing with lagging inputs is really not the best way to approach fun battles) and time consuming the fighting system is. 
-But wait, there is more! Fast travel is useless so you spend a lot of time running/moving about, no real quest tracking in such an open world. Further more no real area markers and lacking mini map which increases running around for nothing.",False,16,3686
"Just a genuine, lovingly crafted masterpiece of a turn based RPG. 
Spectacle, visuals, soundtrack, power creep, a barrage of emotions? It's got all that.

I genuinely wish I could experience the narrative and all it's moments for the first time again.",True,0,3548
"Great game, worth the hype.",True,0,2292
"Combat is a bit tedious, but storytelling and especially the setting are excellent.",True,1,617
the best game i ever play in 2025 thank u best year in my life lol,True,0,10599
"I'm sure there's a good game hidden in here somewhere, but it does everything in it's power to make sure you won't enjoy it.

I'll revise the review if I return to the game, but after about 2+ hours with the game...

If you like story, the game gives the impression that it might have a good one, but it assumes that you immediately care about the characters and setting. After 2 hours there hasn't been any indication why I should do that. Sure, the setting seems tragic, but there's nothing connecting the player to the characters.

If you like turn based combat, the game seems to have a deep (but obscure) mechanics system, but it has you learn timings and do quick-time events so that your planning becomes pointless if you miss them. Of course, you could switch this off and lower the difficulty and just enjoy the story, but see above.

If you like learning enemy timings, then this doesn't really have the depth of something like Elden Ring.

I just don't understand who this game is for. It seems to pick ""good"" parts from every genre, but it's like saying that a wagyu steak could really do with some chocolate ice cream and caviar. Just doesn't seem to mix. The individual parts seem well thought out and great, but I don't want them together.",False,3,144
"9/10 Everything else
15/10 Sound design",True,1,2398
peak,True,1,2541
good stuff <3,True,1,645
Great game,True,1,660
"I have to thank Clair Obscur: Expedition 33 for teaching me not to trust awards and videos, and to be more careful when buying games. I really envy everyone who was able to get a refund.

This game has many obvious problems: boring and annoying small fights, bad map design, characters with almost no facial expressions, and a story that feels badly disconnected. I don’t mind giving a spoiler: the main character dies very early, and then you have to play as a strange man who keeps acting mysterious and is very hard to care about.

The combat system is often praised as the best parts of the game, but I really dislike it. If you like team building and turn-based games, all your planning can be ruined because you miss one dodge. If you like action games that test your skills, you still have to fight the same kinds of enemies again and again while doing the same stupid dodges.

For me, good art and music can often make up for many problems. The music in this game has a lot of repeated singing and chanting. The singer is good, and the sound quality is good, but the music is often used at the wrong time. Sometimes I just pick a flower and the music makes it feel like I have just saved the whole world.

The art also uses a lot of the same repeating flowers, bright lights, and visual effects again and again. The worst part is, during important story conversations, the characters often have almost no facial expressions. Am I really the only one who finds this weird?

I strongly do not recommend this game.",False,7,178
"I see why this won GOTY, truly a masterclass!
10/10 OST :)
Great story, good combat, amazing cast, incredible world building, and decent variety.
Overall a 9/10, I highly recommend this game!!",True,2,4722
"First time writing a review of a game on steam, this means something.

I did not expect that after 20 years of gaming i will say again: WOW, THIS IS ONE OF THE BEST GAMES I EVER PLAYED.

And it is. Music, climate, plot, graphics, heroes, gameplay, every aspect is 10/10",True,1,1432
"I was skeptical to try turn based combat coz I didnt like it in the past but this game is some other thing. I feel this is one of those games which sets a benchmark which brings a genre to everyone like Skyrim/Witcher brought RPG to everyone.

10/10 from my side, legendary music, legendary gameplay, legendary story... Full marks on everything, just not on bugs coz there were 0 bugs found by me.
What a feat!",True,1,673
Possibly the greatest story in gaming history. 10/10,True,1,4119
wheeeeee whoooooooo,True,1,6089
"This game is by far one of the best games I have ever played. the story is amazing and had me on so many ropes I could stand firm while crying, the story is one of the best I've played in years with constant emotion being shown all through out, the music adding to not only the story but to every fight, every region, every set piece was superb and the game play itself felt constantly engaging thanks to the dodging and parrying mechanics implemented. This Game may have been set in a British mans worst fear France but dear god this was by far a master piece and you can tell the love and passion that went into every aspect of the game!",True,1,5669
great game,True,1,1503
"Truly unique
Even if the combat system is not to your liking, just lower the difficulty and enjoy the story
It's worth it",True,1,4435
"I have bought this game because it got so much praise left and right. I thought it was a turn-based game with optional QTE to enhance the skills and effects. Boy was I wrong. You get totally hammered if you don't do the parries or dodges right. Unfortunately it took me 2.5 hours to get to real combat so I can't get a refund and have to stick with it. I talked to everyone in the prologue and went everywhere but it seems it was just a feint to get me past the 2-hour mark.

The game I bought before this one, Stellar Blade also relies on dodges and parries. I was new to it and really bad at it at first but you can actually learn to do it without memorizing the exact movement patterns of every single enemy, unlike here. I have played through SB 2.5 times and I got pretty good at it but this behaves in a completely different way and the timings make no sense.
Moreover, why would a QTE be the most important part of a turn-based game? Just get rid of the role-playing elements and mask altogether...
Had I experienced this sooner I could have returned it and just watched a playthrough... now I have to check out mods and hope I can make it enjoyable somehow.

The performance is not stellar either. While the game does look good, it does not look that good to justify the system requirements and it's got lots of weird rendering artifacts going on even if you play on native. Also getting 50-60 FPS on native 1440p with max settings... I get more in Cyberpunk with RT on. I have not played other UE5 games but from what I've heard, it could be (even) worse. The CPU does not get used that much, it all seems to be GPU limited.

All in all, I do not recommend this game. The music is fantastic and the visuals and the world itself quite intriguing. However, you get that from watching a playthrough. There's no need to spend 50€ and having your PC emit hundreds of watts of heat during summer, unless for some reason you like a QTE game masquerading as a JRPG.",False,0,147
What can i say? What is there really to say? Just play this game what are you waiting for?,True,1,1475
"So after over a year I decided to finally play it...

A quick breakdown as a TL;DR
[table noborder=1]
[tr]
[th][b]Category[/b][/th]
[th][b]Stars[/b][/th]
[th][b]Score/5[/b][/th]
[/tr]
[tr]
[td]Gameplay mechanics[/td]
[td]★★★✬☆[/td]
[td]3.5[/td]
[/tr]
[tr]
[td]Graphics[/td]
[td]★★★★✬[/td]
[td]4.5[/td]
[/tr]
[tr]
[td]Music/Sound[/td]
[td]★★★★✬[/td]
[td]4.5[/td]
[/tr]
[tr]
[td]Story/cutscenes[/td]
[td]★★★★★[/td]
[td]5[/td]
[/tr]
[tr]
[td]Characters[/td]
[td]★★★★★[/td]
[td]5[/td]
[/tr]
[tr]
[td][b]Overall[/b][/td]
[td]★★★★✬[/td]
[td]4.5[/td]
[/tr]
[/table]

[h1]Verdict: Worth it[/h1] [i]especially if you love a good story[/i]

[h2]Here are my thoughts on the game[/h2] 
[h3]Bugs[/h3]
First of all, I started a game with graphical issues, as the cutscene would show just a red screen, and all the graphics were low-poly, for which the solution was to add property -d3d12 for game launch([i]Right click on the game -> Properties -> Launch Options[/i])

[h3]Story, Music, Characters and Art Direction[/h3]
I started the game mainly with curiosity of what was the hype all about..
And oh boy, after like 30 minutes of gameplay, running in the starting area, completing small tasks and then going through the first ""big"" cutscene... Within such a short time of gameplay you already being immersed and care about it... Which I personally usually don't care about as an emotionless muppet.

The cutscenes are really well directed, hits so good on every aspect like a really good movie scenes, they are capped  at 30 FPS and are adding a bit to the 'vibe'.
The characters development is great, tons of lovable characters, the interactions, the animations are very well done.
The mix of all makes it an astonishing achievement for the game, pushing you to care about every scene.
Even if you are an emotionless muppet... You will still find yourself smiling, and caring at times.
The attention to details is great in terms of world changes, at times keeps pushes you to backtrack just off the curiosity if something was affected by certain progressions in the game.


[h3]Gameplay mechanics, Graphics[/h3]
The mechanics are bland and quite annoying at times, and some attack contact, it's animations and the  sound seems to be a bit off for live actions in the fights. 
These make it extremely annoying since you are 10000% sure you do it correctly, but hell no, you need to make your brain work in a slightly off putting timing just for this specific attack. [spoiler]Yes, it happens also on some bosses[/spoiler]

While chasing the story, it will be balanced fairly well.
I'd recommend to chase the story to the very end before you start hunting achievements. [spoiler] Otherwise you will be too OP that you will end up 1-shotting the whole story enemies and won't enjoy any fights [/spoiler]

Off story, the bosses and enemies become harder just through brute forcing ""difficulty"" by increasing the HP pool into millions or they have some gimmick to them.
I would prefer having a really good fight where I need to learn the timing of each attack, and then beat the boss, and not sit through the same attacks for an hour
[spoiler]Till you get One-shot builds to turn the tables, and becomes not fun the other way around[/spoiler]

The overworld exploration is fun, if you chase the story at the start.
[spoiler]But there's a limit to one's patience to how many times can you go through the map form one end to the other again and again. Would prefer having just a fast travel mechanic in the continent for key locations... alas, it ain't there and you will be going a lot around...[/spoiler]

At times the effects around the attacks so ""flashy"" that you are hardly able to see anything on the screen.
And for my liking there were too many ""bright"" locations, to a point of hurting my eyes([i]slightly sensitive to light[/i])

The graphics are overall very well done, very pleasing art direction and world story telling.
I did encounter small visual glitches, but they were minor so I don't even consider it a bug.",True,1,5459
it's good,True,1,4304
cute,True,1,198
"This game is about ""Mes amis""",True,1,1375
goty for a reason,True,1,602
"What an amazing game. I'll be honest and say I knew nothing of this game. Other than I got it part of a bundle with Dispatch, and saw Rich-story and Overly positive reviews.

This game as heart, fantastic gameplay, incredible level design and story, music is beautiful, the art (visuals) are beautiful. One of the best games I've played in a while.

If you love a well polished game. The feeling of ""just one more thing, then I'll go to bed... oh crap it's 2 hours later"". This is a game for you.

Story will stay with you.

Music will be a pleasant 'ear-worm'

Visuals will give you colourful dreams.",True,1,3847
very good game...,True,1,698
GOOD.,True,1,2691
"It's a really good game, but you've probably already seen the hype and reviews. Highly recommend with one [b]BIG[/b] caveat that might make the game tough for some people. First play through with some of the low hanging post-game fruit was 48 hrs as a low-skill gamer.

Here are some pros and cons:
[h1]PRO[/h1]
[list]
[*] Good JRPG style turn based combat with lots of room for build crafting, combinations etc that make number go brrr
[*] Good story, though it takes a while to hit it's payoffs. More on that later.
[*] The Action-Command/QTE style combat makes for some very flashy satisfying moments
[*] Fantastic art, lovingly crafted world and lots to explore.
[*] Tons of post-game potential if you end up really digging it and want to push your builds
[/list]
The big caveat that comes before any of the cons is that the game has an action-command/QTE system for parrying/dodging enemy attacks, where pressing a button at the right time in the enemy attack animation allows you to completely avoid damage or even pull off powerful counter attacks.

This system is NOT optional. Unlike other turn based games where your strategy dictates whether your damage beats down the enemy HP before yours, you are basically required to dodge/parry as many attacks as you possible can to win. Every enemy has completely different attack patterns and multiple moves to learn, and if you don't figure out how to dodge/parry most enemy attacks you simple won't survive. Even basic enemies can easily wipe out a character in terms of raw damage potential and many bosses have big, multi-part attacks that will 1HK or cripple your party if you screw up the timing. There are many optional bosses with VERY hard attack sequences where parrying is required, which has a tougher timing window.

This does make for cool, tense fights where you're totally engaged trying to survive enemy attacks and it feels great to pull off a party-combo-parry on a multi-part attack and see big numbers, [b]BUT[/b] if you don't have the rhythm or reaction speed it will make this turn-based game basically unplayable at the intended difficulty. There is however a 'story mode' difficulty which lowers the difficulty of timing windows. If learning dozens of attack sequences and doing QTEs isn't your jam, this may not be for you.
[h1]CONS[/h1]
[list]
[*] Built for console controls which means the character-building UI is tedious and there is no way to switch to mouse controls just for character management
[*] The story is incredibly vague for a good chunk of the game
[*] Upgrading weapons is tedious
[*] No combat log or tooltips to figure out what is going on with your combos, status effects etc.
[/list]

Sciel Best girl <3",True,1,2823
"I never write reviews (literally my first one here on Steam) but felt compelled to after playing this game.  I had heard all the hype and went into it thinking it was being oversold and that changed in the first few moments of gameplay.

The game excels on every level.  From the story, graphics, combat, music, and voice acting.   Even if you're not big on turn-based combat, the parrying system keeps you engaged and is an absolute blast mastering enemy combos  and pulling off successful counter-attacks. 

I don't want to dive into the story because I believe that should be experienced on the play through.  Do yourself a favor and don't look anything up.  Enjoy the ride cause damn, its a good one!

Easily one of the greatest games I've ever played, if not, the greatest. You wouldn't know it from this review but I'm a harsh critic and I don't have anything negative to say about this one.  Bravo to the developers, chefs kiss.  

Get this one guys.  You won't regret it!",True,2,7799
"This game tries so hard to be Final Fantasy. It succeeds somewhat, except where it count: the fun.
Graphics and music are awesome.

Gameplay is just pure garbage. The usual ""boss has 100000000000000000000 hp and does 200000000000 damage, player does no damage"". People still don't understand that this kind of mechanic is ruining all modern games, it only works for souls game, where you have control. In a turn based system where nothing really matters and all you have to do is get lucky, it's stupid.

Again and again, you have to follow online walkthroughs and respec your characters for each and every encounter....playing this way is so boring.",False,5,455
"This game was very fun, but its not a 10/10 masterpiece.  How you feel about the constant dodging/parrying will determine whether or not you will enjoy this game.  Overall its a very fun turn based rpg, and there are some very fun mechanics with each of the playable characters, but the dodging/parrying completely overshadows everything in combat.  Go watch any clips of the 'hard' fights and its dodging 10 or so attacks in a row. 

The music overall is great, I especially like Monoco's theme and the 'Gestral Summer Party' song, they are completely unlike any other typical video game songs.  But I found the world exploration song got very annoying because it plays constantly when exploring the overworld.  

Its difficult to talk about the narrative elements without spoilers, but I will try to do so anyway.  I almost held off on playing the game because some clips of the prologue made it look very depressing.  I ended up giving it a try, and the narrative deals heavily with grief and how people process it.  However the story kinda pivots away from the premise in the prologue.  

Overall its a complicated recommendation due to the Parrying mechanic.  If Steam had a ""Recommended, BUT"" option I would select that.  If you like turn based games and want something with more player input than just selecting attacks, but not as much as say paper mario, then I'd say give this game a shot.  Don't expect the Game of the Decade, but do expect a good game overall.",True,1,2072
Cinema,True,1,2558
"Amazing game!
I wish I could give this amazing game a neutral review.

After 12 hours played, I have gotten stuck twice. I got stuck at the beach (couldn't move), and the other I got stuck not being able to interact where I had to interact to move forward. Both were ""fixed"" by loading.

Another bug which was irritating, It didn't show up the first times I played. Someone in the forum said it was the graphic drivers fault, but IDK. The bug that went on was that the game kept changing to screen 2 while loading, while entering fights etc... Well, that is not a fun bug. But I ""fixed"" it by windows+p and used only 1 screen while playing.

Invisible walls all over the place. ""Oh, I can get in there, no I can't""

But other than that, it seems great. I will continue to play the game.",False,0,1238
"This game is a true work of art if you like connecting with characters, feeling empathy, and seeing a unique story. This alone makes it one of the more memorable games I've ever played. The story is so interesting. If you sort through and really work at understanding what is going on (which takes too much effort...there are still points I feel a bit in the dark about and will probably sleuth answers on the Internet), it will move you to tears.

Gameplay, I'm honestly looking for more. The battles are rather redundant. Thankfully, the characters have a ton of variance to them which gives you a good amount of experimentation you can do with each character having their own interesting wrinkles in their systems of how they do combat.

The #1 game design complaint I have is how there are so many times where it looks like you can climb a rock and there's a barrier that is invisible in the way. That is such a bad experience in this day and age. Maybe a personal subjective issue, but it was really irritating to me.

I'm so down to see what Sandfall does next. They absolutely blew me away with this game and stand with Larian as a game developer who is pushing the envelope, creating unique experiences, and really making games for players to love.",True,1,3736
changed my life 10/10,True,1,7292
A beautiful story unlike one I have ever played before. 10000/10.,True,1,5127
"Pros: Greatest Gaming OST Oat, Lorien Testard, Alice Duport and Victor Borba TRULY deserve to go down into music history for this.

Gameplay is immaculate, it has the greatest version of turn based combat ever, your never gonna be sitting around waiting for your turn because your ALWAYS involved in combat, its the perfect mix between Turn Based and Action Based Combat.

All voice/Mocap actors deserve the world, specifically Jenifer English and Ben Starr who imo preformed better than anyone in Acting history here, and its not just the characters writing, they both just preform so well with the voices so much to the point you feel the weight of every single word..

Level Design is immaculate, you'll never feel like there's an empty corner because everything in EVERY single corner is either there for gameplay, story or lore purposes.

It gives you the option to challenge yourself or have EXTREMELY OP and VERY FUN builds from start to finish of the game. It's like elden ring in a way, not so much to the point you can 1 shot everything before the 1st boss like in elden ring, but so much to the point you can still make a VERY FUN build early on. Or you can do what im doing rn, challenge yourself on Ng+2, Expert Mode with a 100x Life Multiplier (Basically you can thrive if your a masochist like me).

Spoilers In Black Bars: Every boss is phenomenal, id say overall 90% of the main bosses are better than A LOT of fromsoft bosses, Id take [spoiler] Lamp Master, Visages, Sirene, All Renoir Fights, Simon, Clea, Paintress, Painted Love, Dualliste, And All Super Boss Versions [/spoiler] over some fan fav fromsoft bosses who are also mine, like Nameless King, Dancer, Radahn, Radagon, Lady Maria, Orphon Of Kos, Gehrman etc. Everything about them is truly just amazing.

Story is literally the best iv ever expierenced in fiction, hands down the best ever imo. im not going to say much about it because i dont want to give any info about it, going in blind is the best way. But its AMAZINGGGG.

The Lore is also amazing so much to the point i feel like a Sequel, and 2 whole prequels could be made from it.

The architecture and Design of buildings and places are phenomenal.

Character Design, Story and Lore is FANTASTIC, U CAN SEE FEET FOR FREE BTW, ITS PEAK.

Cons: I'll never be able to play this for the first time again..",True,1,6175
NOCOOOOOOOOOOOOOOOO,True,1,7679
"Great story, fun gameplay, worth the hype",True,1,2619
"Phenomenal! The characters, the gameplay, the story, the music, the animation, I don't think I have a single bad thing to say about this game. You're going to love it.",True,1,2032
Peak + Cinema = Penima,True,1,4228
.,True,1,2081
"Highly recommend. Amazing and original story, atmosphere, and fun gameplay. Best RPG I have played in a few years.",True,1,3784
10/10 best game in years,True,1,1905
"absolute emotional damage, will do it again in a heartbeat, 100/10.

no, seriously, this game is incredible, and I'm so glad there's still so much to discover besides the plot. I'm jumping into new game+ right after I finish processing the ending. please get it",True,1,2285
"""Came for a classic Final Fantasy epic, got a free therapy session instead — refunded in less than 2 hours""

I refunded Clair Obscur: Expedition 33 in less than 2 hours, and I'm honestly so grateful to everyone who spoiled the plot before I wasted my time on this disappointing, long journey. I went in expecting a grand, high-stakes RPG about saving the world from the Paintress, but it turns into a bloated, over-dramatized simulation of trauma processing and psychological consultations instead.

Why it fell flat:

- False Narrative Expectations: The premise sets up an epic quest against a ticking clock to stop an all-powerful entity, but the game constantly halts all momentum to force you through heavy-handed character therapy sessions and emotional trauma dumps.

- Pretentious Over Substance: Instead of classic JRPG world-building or focused story progression, the dialogue veers into self-indulgent melodrama. The characters spend more time dissecting their inner baggage than actually dealing with the immediate world-ending threat.

- Saved from a Disappointing Drag: Knowing where the narrative goes sealed the deal for an instant refund. High production values and nice visual flair can't mask writing that mistakes endless psychological naval-gazing for actual plot depth.

If I wanted an hour-by-hour session analyzing grief and personal trauma, I'd book an actual therapist. Glad I dodged this bullet early. Skip it unless you enjoy games that trade compelling world-saving adventures for unwanted counseling sessions.",False,2,90
"Didn't really buy the hype when it came out and swept all the GOTY awards but decided to try on sale.

I completely understand now. One of the best games I've played in a long time. From the gameplay, to the story, to the visuals, to the writing, to the music, it's a masterpiece from start to finish.",True,1,1169
"Every single frame of this game can be a wallpaper or a painting. This game is GORGEOUS. And I mean GORGEOUS. The story is very unique, and the narrative is done wonderfully. The drama, the conveyed feelings, the voice acting -  everything feels real. A masterpiece, no other word to describe it. And even though it has a few flaws, the game absolutely deserved every award it got",True,1,5074
"Great graphics, music, story, and gameplay.",True,1,4693
goatyed,True,1,1494
"This is a genuine masterpiece and a work of art ; passion and love is oozing from this game at almost all times you can tell the people making it adored the process. From someone who never really cared for turn based this game, while i know its unique, has opened my door to more of this genre. I loooooved fumbling around with different weapons and abilities and just finding that one combo with someone that just hit diffy (shoutout my bae Sciel). The story, the soundtrack, the world building, the aesthetic, the voice acting, the characters, the build diversity, the exploration, its all incredible and blew my expectations out of the water. Easily one of the best games iv ever played.",True,1,2773
For those who come after,True,1,3252
A masterpiece. GOTY deserved!!!,True,1,2954
"Great game guys, is worth to buy",True,2,2514
"I just finished the game and it is amazing! The story is the best story i`ve ever played, the art and music is beautiful and i love the combat even though im not a fan of turn-based games in general. No doubt a 10/10!",True,1,2070
"The game really does feel different, odd but it really works. Also Charlie Cox yo!",True,1,1172
"🏆 Short JRPG. Expedition 33.

1. Graphics, Art & Design.

Has a colourful palette, and its own distinctive art style.

2. Sound & Music.

The music was a highlight.

3. Playability & Replayability.

I've completed one full playthrough, and it was enjoyable.

4. Game length and does it value the players time.

I felt it was on the short side. I was just getting into it when it finished.

5. Value for money.

Buy at a discount.

6. Quality of the port.

Very good.

7. Overall review scores.

High review scores.

8. Type of game and similar games comparison.

A JRPG with QTE.

9. Developer reputation and ongoing support.

Good.",True,4,3109
"I usually dont like turn based RPG's but this one is soooo satisfying. The story, the gameplay, the beautiful set pieces, and the scoreeeee. This game deserved every one of those GOTY accolades because this game is amazing. Also one of the most unique stories I've ever experienced.",True,1,1023
goty level enjoyment,True,1,1601
"excellent game, now I need therapy.",True,1,1872
I like Gustave,True,3,5984
"Puts you in shotgun, takes you on a joyride through a maze of utter chaos, and serves an all-you-can-drink buffet of LSD and straight-up lies. 10/10.",True,1,3217
Yes.,True,1,3105
"Very optimize, very good, music is insane, combat is extraordinary. Definitely should try!",True,1,193
"One of the best games i have ever played 

An iconic game in every way",True,2,3192
What lovely feet! owwowwow,True,2,5170
Incredible is a word too soft to describe this game,True,4,3040
Exposition 33,False,0,22
"tl;dr: 8/10 for me, possible 9/10 if you're into the hyper-French aesthetic or if the story resonates with you. Even if you're not a francophile, you should get it on sale and keep an eye on this promising new developer. Great game, even if it did not live up to the hype in my opinion.


Why do I say it doesn't live up to the hype of being a 12/10 game of the decade? Several reasons, most superficial, but I'll name a few: The volleyball minigame, lip syncing issues (for English voices, anyway) and minor intersecting objects in cutscenes, the volleyball minigame, certain story bits feeling like you're rushing too fast through them to fully take them in before they're over while other parts outstay their welcome, the volleyball minigame, some characters (playable and not) being introduced too quickly for me to naturally get to know about them before I'm expected to view them as my lifelong friends, and last but definitely not least the volleyball minigame.

The game, while excellent, is clearly a ""first"", with all the imperfections one would expect from that. It can feel disjointed at times, without the polish a more established studio would have ensured and with ideas that are brought up only to go nowhere, or which are touched upon once or twice and then forgotten, and it feels like large parts were either cut from the story without wrapping up loose ends, or were wrapped out too early and abruptly. But the core experience is good enough that not even that collection of issues can bring me to rate it lower than an 8/10. At the risk of sounding dramatic, it's like a first kiss: Plenty of technical errors to criticize, but still a thoroughly enjoyable experience that I would not have gone without.",True,1,2555
"Great Game, good visuals, great soundtrack, love the one from the renoir boss fights and the paintress fight. On hard its actually challenging, especially if you try to parry and the story is one of the best in recent years. I enjoyed it very much even though i'm not that into persona style combat",True,1,5834
GOTY,True,2,1903
great game!,True,1,3031
é bom,True,1,9948
"This is an absolutely marvellous game! The combat was the only thing I was worried about in this story-driven game, but I was completely wrong. The combat is really, really great and so much fun that I ended up fighting every enemy I came across. I’m really hoping there will be some sort of sequel by Sandfall in the future!",True,1,3912
Very good fr fr.,True,1,4775
"Another addition to the ""Grave of the Fireflies""-box. It is beautiful and well-written and really, really good, and I never want to touch it again.",True,1,2428
Nice Game =D,True,1,5832
For those who come after.,True,1,4515
"The story, world building, and character designs so far are all amazing. Movement feels natural, the world is beautiful, and unlike some games each character here has a different weapon so you will never have to choose between characters on who gets what weapon.

I was a bit worried coming into this game, i felt that the turn based fighting style would take away from the immersion, but the creators of E33 have made it play almost seemlessly without feeling out of place, whith plenry of cross character combos, like burning an enemy so Maelle can use her versitile stance.

Also side note, the customization is pretty good too, but early game is limited.",True,1,214
"Wonderful story.
Gameplay is unique and fun.
Spec wise the engine is buttcheeks if youre aiming for something stable. Still playable though after fiddling. 

You won't regret buying this game either at full price or on sale.",True,1,9252
Absolutely one of the best music albums I've ever listened to.,True,1,2338
peak,True,1,1863
Absolute cinema.,True,1,9532
"Extremely rich story and I got attached so quickly. I thought this game would get boring quickly as i don't play many single player games, but it does not disappoint. Simple mechanics that work slightly different for each enemy (speed and various patterns for each) makes it a little different and engaging each fight. Much much much better with a controller.",True,0,475
"Adding yet another review to this enormous mountain of overwhelmingly positive reviews. Yet, I know I wont be the last to add a review as this game truly is a masterpiece and many more will follow adding there amazing experiences following the journey of Expedition 33!",True,1,1044
absurd experience with amazing story and design,True,0,3972
best game i have probably ever played,True,0,2584
"games really good , worth hype",True,1,3881
"The best game I have played in the last 10 years. Good mechanics and visuals, but the story and character development is simply amazing! Also, great soundtrack!",True,0,3103
"Great story, great new feeling on turn-based combat. I would definitely recommend it to anyone just for those 2 things alone.

However, the game does have some flaws that may affect people to different degrees. Performance kinda sucks. I had to use a mod just to have 80-100 fps instead of 50. Because of that, graphics took a hit. Nonetheless, even on max settings, by default, hair looks really bad. Maybe a nit pick, but it matters in a game focused on graphics and story where you see the character faces a lot.

Another thing I personally didn't like much was exploration. I would often get a bit lost because levels had an overall theme and nothing more. A level would look pretty much the same all over, without many reference points or a clear path. There would often be branching pathways just for the sake of it instead of telling a better environmental story. 

Finally, there is balance. The game struggles a lot with that. You start with good, fair fights, maybe lengthy at times. You can play like that for the rest of the story, and end up feeling weak towards the end. You can also do side content, there is a lot of it, but you do a bit too much and when you come back to the story or even just to earlier side content you've missed and now you're too op and don't get to see enemy attacks. Also, depending on what difficulty you play (I played on max difficulty throughout the whole game), you either get one shot or you finish the fight fast so you don't have to parry too much or even let the enemy play at all. It's questionable to say the least. It was fun in the beginning, but later there are many enemies, especially bosses, with feints and attacks that have way too many hits you have to dodge/parry, all with different timings.

There are also some really challenging side bosses, which are really cool. I have bested some of them, but unfortunately some of the others left me more bored and exhausted rather than challenged. They have multiple attacks with 10-20+ hits (remember that any one of them kills either one character or the entire team). While you can definitely just 'get good', that took it to an unfun and rather tiring and time-wasting level which made me lose interest.",True,1,3532
Loved this game!! Such a good story and great cinematics. Good gameplay too,True,0,3200
"I've mostly been an fps guy my whole life, with tons of hours in games like cod and Borderlands. The only RPG I really played before were Skyrim, Destiny, and recently Baldur's Gate. I just never expected a turn-based RPG to hook me how Expedition 33 has. I was completely blown away by this masterpiece.

First I have to say how absolutely beautiful this game is in every aspect. I caught myself just looking around at some of the most beautiful and trippy views I've seen, to then have the most beautiful French melody kick in and god it is peak. Everything in this was made with an absurd amount of care, every scene is stunning, every song perfectly fitting, every vocal performance flawless.

Something that will truly stick with me is the [b]story.[/b]
The depth to these characters and the journey they go on really struck me, and always had me wondering and wanting MORE. I have never been a big dialogue fan (skip,skip,skip) but this is the first game where I really wanted the next scene or clue. I absolutely fell in love and this game gave me a renewed love for singleplayer games. Such rich and thoughtful storytelling.

And last but certainly not least, the combat is a phenomenal blast. I didn't expect a turn-based game to feel this responsive and satisfying. Parrying and dodging reminded me of Dark Souls with some tricky timing but so satisfying to perfect. Then on top of that, learning how each character's abilities could complement one another became one of my favorite parts of the game that I will continue progressing well past the first playthrough.

I went into this thinking I was playing a genre I didn't belong in, and came out feeling like I'd experienced something I'll never forget. This one is worth your time, and then some.",True,4,2810
"The soundtrack during battles and while exploring the environment is surreal, and didn't expect a the turn-based gameplay game was able to surprise me this way, fantastic game",True,0,678
"you know, everything they say about this game is true.",True,1,7084
"This game is INCREDIBLE. I know so many people who are not willing to give it a shot because it is a turn-based RPG, but I implore anyone to please try it. Genuinely so good.",True,1,1347
"Music is amazing.
Game respects your time.
Story is amazing.
Never liked accordion music, but it kinda slaps in this game. Weird Al would be proud.

Playtime is only on Steam. I have 100ish hours on PS5. I liked it so much I bought it twice.",True,1,1853
nice 👍,True,1,1764
"- gameplay: turnbased strategy with quicktime events feels incredible
- world building: stunning, creative and utterly breathtaking
- music: speechless. the soundtracks carries so much emotional weight, i didn't know music in a video game could hit this hard
- plot (so far): slowly teasing merging into a masterpiece
- backstory: absolute cinema. everything makes sence
i struggle to put into words how brilliantly thought-out this story and world are. probably the most beautiful game ever made",True,1,3672
"This is about as 10/10 as a game gets. 

When the development of a big budget game is controlled by people who care about making something great and not by people who just want to make money, you get something with incredible music, a truly one-of-a-kind story, and gameplay that adds a fun parrying mechanic to classic turn-based combat. If you really explore everything the game has to offer you'll easily get 100 hours of fun out of this masterpiece.

There's no pressure to explore every little crevice of each area since the really broken stuff is basically unavoidable, so just enjoy the ride. You can always switch to story mode if standard is too hard and there's no consequences for it. I highly recommend gunning straight for the final boss during Act 3, then reloading your save and doing all the optional side content. It's more cinematic than doing it the other way around and curbstomping said final boss by being too overleveled (speaking from personal experience).

Also the deluxe version just gives every party member a cool flower outfit, but otherwise changes nothing about the game itself. Buy it if you really like the game, but otherwise no need to. All in all, visuals, music, story (MY GOD the story), the gameplay.....All of it is absolute cinema, chef's kiss, peak fiction, kino, whatever saying you wanna use.",True,1,7995
incredible game,True,1,2742
Good Game. Good story 9/10,True,1,3096
"this game is phenomenal. The story & world are excellent. Music is excellent. It's somewhat small in scope but executed excellently.

I would say in the very late game the combat on the very last few bosses becomes a bit tedious and in some instances just not-fair, but that's because the game expects you to have put together a build that is similarly unfair. But that is just the very very late-game (hardest 2 bosses I would say). 

That's my one criticism, and believe me it is a MINOR criticism. The game is phenomenal. 9.5/10, would recomment to anyone who likes JRPGs (especially Kingdom hearts).",True,1,4634
"Pretty colors, awful gameplay, awful controls, jumps to bullet time just to ♥♥♥♥ with timing.
If you want to build a difficult game do it by designing challenges within consistent gameplay. not by ♥♥♥♥♥♥♥ with the gameplay to create challenges,",False,0,1248
"This game truly deserved Game of the Year. It is incredible, beautiful, and consistently captivating. From the very beginning of the game, I was immersed and could barely stop myself from turning the next corner to learn more of the story or to conquer one more enemy. This is the best turn based RPG I have ever played all in all. It would get a perfect 10 out of 10 for me... if it werent for mid-late game balancing issues. Essentially there is a ton of side content you can run off and do anytime. I was so into the game, I was happy to complete nearly 100% of it along the way. The thing I didn't know, is this would make my team unbeatable and make combat trivial. I ended up one shotting almost every enemy and boss from the mid game on and if they got a chance to hit me, it would barely scratch me. I wish there was better balancing and that is the only reason it does not receive a 10/10. It is still a MASTERPIECE and one of the best games I have ever played, 9/10. Definitely worth it!

(I will do another run on hard mode and just mainline missions, see how that feels)",True,0,2578
banger,True,1,610
Insanely good,True,0,460
"As you expect from a game which has a ratio of award nominations won/lost>>1 it's good, it has a fun combat, great OSTs and all that, you don't need lil 'ol me to tell you that, [b] but [/b] I do want to talk about the last act which was way too short and even disappointing dare I say. 
I will try to be vague and I' ll black out particularly spoilery things. 
Let's start with my biggest gripe, the ending: as much as it's bitter I understand that [spoiler] everything you've been fighting for is fake and CANNOT be saved [/spoiler] makes sense for the story, but the last choice, to get the best ending, being forced upon the game's protagonist? In a way that isn't surprising nor shows any growth?
Like what has this journey been for, did anyone learn anything? Sure the game is all about hard choices, but what's the point if the protagonists, [spoiler] the real living people in the game [/spoiler] have those decisions forced upon? [spoiler] Maelle doesn't get to overcome grief on her own terms, she gets thrown out of her, [b] bad and unhealthy, but only [/b] coping mechanisms by Verso, who wasn't up to see her side, who fought every relative he could to get what he wanted and sure he is right, but what's the point of fighting Renoir at this point, both story wise and narrative wise, they both are a male characters who wants to force, with extreme violence if necessary, a female relative out of an unhealthy coping mechanism, we get it escapism bad can you do something to actually help them? No? Just violence, ok, sure. [/spoiler] 
The level design is also pretty disappointing, like I'm not sure what I was expecting, but a bunch of long narrow corridors wasn't it to be honest, every area is visually stunning, sure but it's mostly just straight lines with annoying gimmicky movement options like the hook. What was the point? The last story area especially, it's super cool but is it fun? going in a straight line fighting the same enemies over and over. 

The social elements also aren't particularly fleshed out. 

And the world building, what a waste [spoiler] ooh gee, I wonder what's up with all the emphasis on art and paint an- oh it's a magic painting. Cool cool. Do we get anything about what's outside? Oh a war going on? With writers? Yep, that's all we're gonna get I guess. [/spoiler]
And this might be a lack on my part since I didn't fully explore the optional content, that has a terribly steep difficulty curve, you get access to in the last 5 minutes of the game while the whole other ""the game is ending"" things are happening.
Am I the problem? Did I miss something? Some dialogue in an obscure location to get the true ending/some answers/closure/anything? 

Maybe I did miss something and I will look at this review with shame in due time, who knows. 

Thanks for reading all the way through and sorry if this sounds a bit weird but it's the second time I try to write it because the first time steam crashed without saving the draft 🫩",True,3,1891
"Before you jump on me, I have gotten about half way through the game so unless I am supposed to keep sinking another 20 hours into it on blind hope it will be worth it I have a very good gist of this game. Games are supposed to be fun afterall.

I love RPGs, I like low budget obscure RPGS as well. This game has benefitted from an astounding amount of undeserved hype because they put timing mechanics into JRPG combat. That is it. I also love Dark Souls etc. - games with very limited story and also BG3 with tons of story. It is all about how it fits together.

Cons:  The combat is incredibly repetitive. The world building is so far basically non-existent (nothing has really been explained). The enemies are uninspired assemblages of what looks like lawn equipment, pillows, and discarded detritus. The graphics give you motion sickness and are easily late PS3 or early PS4 quality. The game design is quite honestly BAFFLING. Multiple parts of this game are decidedly unfun. The Gestral Beaches, the Painting workshop etc. are designed for games with far far better control mechanics than this. It is like trying to slalom with a dump truck. The game shows not only every single part of its small budget, but also that it was not playtested. Large chunks of it are simply padding. 

ALLLL of the loot is repetitive and looks identical. They are just little flashing lights. The weapons are repetitive. The interface is incredibly counter-intuitive and repetitive. There are whole areas and bosses with ZERO exposition about why they are there, what happened to them, why is the boss there? Are they evil or good or misunderstood etc.? They just exist for you to run into them.

There is a weird obsession with outfits for your characters. 90% of the merchants in the game only sell outfits. It is just a weird weird weird game.

Pros: The characters are pretty cool until you lose the only likeable one. 

I cannot believe there is such one-sided praise for this game. I feel like I am in the twilight zone about this. There is no balance to it. 

This game is a 7/10 at best and should be $30. This is my first review after playing games for the last 35 years. I have never seen something more overrated in my life of gaming. I wish I hadn't trusted a friend and dropped so much time on it waiting for it to improve or I would be braking the refund button hitting it so hard.",False,1,1820
"peak game, amazing art style and combat, and nice story and characters.",True,0,1869
"One of the best, most engaging games I have ever played.",True,0,1580
"Expedition 33 was recommended to me, as for many others, because I like the general genre and played BG3 a lot too.

I enjoyed the story and the characters, or the part of it I saw so far. I really wanted to see more of it. However I just can't look past the infuriating problems with the game mechanics. The game seems to have been made by three distinctive teams, that failed to communicate with each other: Story writers, console UX designers and engine/combat mechanics.

The inventory management system is unintuitive and frustrating. It seems like the game encourages you to switch and experiment, but actually wanting to doing so proves too cumbersome and time consuming. The whole system seems to be made with console first in mind, and you feel that on top of the rest of the problems as a PC player.

And finally, the combat mechanics are so, so... SO infuriating! I can't stand it. The transition into combat, every ""arena"" looks the same, the repetitive style/actions… and why, oh why, would you ever put quick time events into turn based combat?

I have resigned myself to watching playthrough videos to finish the story.",False,2,278
"Everything about this game is amazing from the combat, to the characters, the world itself and music all of it is well done",True,1,685
Amazing,True,1,1915
"Absolute Cinema,For those who Come After!!!",True,1,3009
"The game is absolute cinema, from start to finish!",True,1,2820
"It is an expedition, as advertised. Although is it the 33rd?",True,1,2030
"This game is way greater than what I expected. the soundtrack is very impressive. Storyline is good. Many Aha moments! game fight mechanics are great! graphic can't complaint. all really good! 

the game you really should play! 64 hours... there are many to explore, but im done. I love the story and the story ended then im good!",True,1,3844
"I love/dont like this game at the same time, I think the combat is awesome, the world is so pretty, the parts i dont like is the story didnt go really where I wanted it to, there were parts i thought were great but the ending and stuff just not for me, I do think its quite overrated just because of how many awards it won, its nowhere near a perfect game or one of the best games ever, there are plenty of games way better is all im gonna say",True,1,1649
might be the best story i've ever witnessed in a video game.,True,1,5183
"33/33 good game yes yes 

Honestly though, banger story, banger combat, banger voice acting",True,1,1558
Oh god.,True,1,2481
"""I envy them, those who can't see. Those who know not, that they are not.
And those who live, blithe and free, sins forgotten and thus absolved.
A fresh dawn in their playground, while we live in shadows, swimming in ink.
We are but a fragile dream, a singular weed, resisting, ever resisting.
That iron dirt, that eternal law. Those who can't see. 
Those who know not, that they are not. Do you know? We are fellows. 
Those who know not, that they are not.""",True,1,12551
W soundtracks!,True,1,4934
"This is most likely the best game I have played in at least 10 years.

It looks great, has fantastic facial animations, great voice acting, a compelling story, an excellent soundtrack, and very good classic turn-based JRPG-style combat.

My only minor gripe is that the menus can be a bit cumbersome to navigate later in the game, when you have tons of stuff to manage.

The fact that such a small studio was able to create a game of this scope and quality feels like it should have been impossible.",True,1,5086
"WOULD I RECCOMEND THE GAME!?!?!
THAT answer fully depends on the basis of what you value most out of your gaming experience.

GAMEPLAY: i thought this was an amazing and wonderfully interactive experience and take on turn based combat. FOR the first like %75 of the game then the last %25 is a total slog and loses its charm real quick.

Sound track: ABSOLUTELY WONDERFUL i cannot firmly praise the soundtrack enough

Graphics: absolutely banging and the level of world detail and visual story telling and cinematic gameplay is fantastic. 

Story: HERE is where the game severely falls short. As a friend of mine put it the story was very Maudlin. The story and its Emotional hold for the first id say 7-10hrs i say is fantastic and you want to know more!! THEN after the first critical plot death happens and now you're pissed off and hating the new storyline. THEN IT GETS WORSE in the last id say 8-10hrs of the game where you feel the story is now pointless and ragged out. the plot felt like it was in the end now a waste of my time. first 7-10hrs you're hooked!!! then you are a bit soured then you are just ANGRY!!

From a creative standpoint i am okay with some forms of literature and media having bad/negative endings but the loopholes in storyline logic cannot be forgiven when the solution is simple in the end and can be changed by the characters who matter. i may perhaps be bitter and may have missed the so called ""point"" of the ending but the loopholes you can poke at how to alter the ending after beating the game just soils the whole game for me. 

the characters do not in a believable manner handle trauma in a believable manner right from the get go. even in a theatrical sense do not either. I do not mean physical trauma either. from grief to rage and even the needless sensual scene of tension the characters do not act in a sense that's remotely believable.  

NOW would i still recommend the game.

YES if you only value gameplay, graphics, and music.

NO if story means anything to you.",False,0,1821
"Great game overall from the gameplay, music, story, voice actors, and off course the art.",True,1,3528
awawaw,True,1,5435
"buy it, or dont. ur loss",True,1,5150
10/10 peak cinema,True,1,2450
Story is interesting. Combat is so fun.,True,1,337
enjoying myself so far.,True,0,460
qualityslop game can't find a single thing to suck at,True,0,4440
GOATED,True,0,2126
I rate this a 33/10. Absolute cinema. Best story centric JRPG I've played.,True,0,5041
One of the best games I've played in a while im addicted,True,0,1343
"a beautiful first game for Sandfall Interactive, I was originally a bit skeptical going into act 1, but the game really picked itself up after the first section. Stick with the game and it will be super rewarding by the finish line!",True,1,1442
"Godly Game, one of the best games I have played, and finished to the end. Easily made the top 10 in my book, and maybe a top 5.

If you like fantasy, art, depression, JRPG, Rhythm Games, and amazing story telling.

Do yourself a favor and buy this game. 10/10",True,1,4483
"This is probably the best First Game I’ve ever seen. While lacking in polish in several respects, the story is absolutely carried by the writing and the voice actors who absolutely nail it. And the core combat, build potential, kit of the Pictos, and kit of the characters is fantastic… though hampered by an endlessly frustrating interface, HUD, and general UX issues. Still a massive recommend from me.

Link To Full Review: https://lorerunner.com/blind-3#E33",True,1,3219
Good.,True,1,2506
"It took me awhile to finish the game, starting and stopping many times, because of some serious struggles with how the writing portrays certain themes. The game is beautiful, the story is easy to invest in, and the game mechanics are fun and innovative.

But I don’t think I could ever recommend this game now that I have completed it. I could nitpick many things, but I really don’t like how disability and self-worth are portrayed in this game and the choices pitted with and against those ideas.

I think I will still play it every now and then, but I wouldn’t recommend the game to someone unless I knew them really well. I wouldn’t want someone to think that I condone or agree with the writer’s choices on portraying disability, self-worth, and creating an unethical trolley problem regarding it.",False,0,2036
Great unique rpg,True,1,79694
"Just play it, trust.",True,1,2231
Awesome,True,1,6697
WHEEEEEEEEE!!!!!!!!,True,1,2066
Yeah it's pretty good!,True,1,2592
stendhal is so broken thanks matty!!,True,1,2674
Owowow,True,1,2073
"The art direction, music, world, and characters are all incredible, but the combat is what really surprised me. I didn’t expect to enjoy the parry/dodge mechanics as much as I did, and there’s something so satisfying about finally getting the timing down. Definitely one of those games that sticks with you after you put it down",True,1,6407
"i don't usually play turn-based strategy games like this, but this one kept the combat engaging and had a good story too.

tres bien!!!",True,1,3957
Fabulous game,True,1,2678
Best Je-RPG i've played,True,1,6324
Love it. Peak.,True,1,150
Cool story. Entertaining. Great characters.,True,1,239
"hard to believe this game was made by french people considering their general lack of creativity, beautiful game. first french product that doesn't suck.",True,1,204
Steve buy this,True,2,1398
"Honestly this game is amazing, the story so far is just incredible and the bond you have with the characters after just a short time makes it hit so much closer to home. The music feels like your watching a movie and also the visuals are just amazing. Combat is engaging and feels new even tho it is similar to other turn based games. Truly an artpiece.",True,1,1859
"The gameplay in this game is definitely its weakest point, the story won't be everyone's cup of tea. 

Personally, i think the game is a bit overrated, yet still, it's an adventure worth taking. 70-ish hours of compelling experience that every RPG fan should at least give a whirl.",True,1,3901
this is beautiful,True,1,2066
"The most mind blowing game I have ever played. Jaw dropped plenty of times, the end of each act never disappoints.",True,1,1839
Very Whee but also very Whoo,True,3,3924
"Combat is the real hook, though. It's turn-based, but nobody's sitting there watching numbers tick down, you're dodging and parrying enemy attacks in real time, Sekiro-style, while still managing a full JRPG skill list underneath it. Miss a parry, and you eat a beating. Nail one, and you feel like a genius. It shouldn't work as well as it does, mixing ""menu-based RPG"" with ""reflexes matter,"" but it's genuinely one of the best combat systems I've played in years.

Visually it's stunning too. Painterly, melancholic, Belle Époque France but crumbling apart. The music hits way harder than it has any right to. The story gets properly heavy in the back half, in a way I won't spoil.

If I'm nitpicking: the game front-loads a LOT of systems on you early (Pictos, Lumina points, stances, elemental stuff), and it can feel like drinking from a firehose for the first few hours. Exploration also leans more ""figure it out yourself"" than ""follow the minimap,"" which won't be for everyone.

Bottom line: a debut game that plays like a masterpiece. If you like Persona, Final Fantasy, or Sekiro and want to see what happens when someone smashes all three together, this is a must-play.",True,1,4569
"My personal top three games: story, gameplay and art direction wise. I think it'll stay on the list for a very long time.",True,1,5043
"wont spoil it, the game is phenomenal and it even has an end-game poststory things to do and grind out and ng+ if you want to go that route all the characters are overpowered in their own way which is great so aslong as you enjoy atleast one of them and create a build that atleast makes sense that complements how you are playing, you'll likely enjoy the entire game.",True,1,2501
For those after who come to help those who came before for those coming after,True,1,278
Awesome game,True,1,2439
"10/10. Play it, you'll love it.",True,1,3607
CINEMA,True,1,6386
"Absolute... cinema

This game... it's so tight",True,1,6600
"I cried multiple times, well-deserved GOTY and a must play game, definitely recommend 11/10 :)",True,1,4526
"Insanely beautifull aesthetic, gameplay and story argument. 5 Stars all across the board",True,1,2422
"I went into Clair Obscur: Expedition 33 having basically never played a turn-based RPG before, and always assumed turn-based combat wouldn’t be my thing. I thought I’d get bored waiting for turns, overthinking stats, and scrolling through menus. Instead, this game completely changed my opinion of the genre. The combat feels stylish, satisfying, and surprisingly intense—especially once you start understanding the mechanics and pulling off perfect dodges and parries.

But the real reason I can’t stop thinking about this game is the storytelling. 10/10. No question.

The characters, the emotions, the mystery, the dialogue, the way the world slowly reveals itself… I was completely invested. There were moments where I genuinely just sat there staring at the screen trying to process what had happened. It’s the kind of story that makes you care deeply about the characters and then refuses to leave your head even after you stop playing.

And visually? Absolutely insane.

The art direction is breathtaking. Every environment feels like a painting brought to life, the character designs are gorgeous, and there were so many moments where I stopped progressing just to look around. This is easily one of the most beautiful games I’ve played.

As someone experiencing a proper turn-based RPG for the first time, Clair Obscur: Expedition 33 couldn’t have been a better introduction. I came for the visuals, stayed for the story, fell in love with the characters, and somehow became addicted to turn-based combat along the way.

Story: 10/10
Graphics & Art Direction: 10/10
Combat: 10/10
Emotional damage: 100/10

Absolute masterpiece. 🎨⚔️",True,1,6016
"I miss you. 

I don’t have the right to miss you, but I do. 
I wish I could talk to you. 
Tell you…

♥♥♥♥, I don’t know what I would tell you.


Just… ask that you forgive me. 
Julie… 
Forgive me… 
I’m not… 

I’m not a traitor. 

I’m NOT. 

I’m trying to save– I’m trying to save us all.

But you’re right. 

I am a coward. 

I’m a ♥♥♥♥♥♥♥ coward. 
You deserved to know why. 
But I couldn’t… 
I couldn’t face you properly… 
Not and still do what had to be done.


Papa believes you’re Clea’s creation. 
And even if you’re not, we can no longer trust you. 

But I think you just wanted answers.

Why? WHY couldn’t you just let it go… 
Why did you convince them to abduct me? Interrogate me? I–

No, ♥♥♥♥– I shouldn’t say that. 

You thought I was a traitor, you were doing what you thought was right. 

Just like we are.

I swear to you, I’m doing what’s right.

I should have known when you started questioning things, that you wouldn’t be fooled. 
But how could I even explain. 
You’d have thought I’d gone mad. 
Doppelgangers, canvas worlds…

Merde.

But Papa’s right, we can’t take the risk, too much is at stake.

It had to be done. 

It had to. 

Clea already took our sister… 

If we want to save our family, our world, our people… We can’t take any chances.

And once we free Maman, she… she’ll bring you back… It won’t be forever. 

I promise.

I promise…

We deserve to live. All of us. We deserve to exist.",True,2,1350
Life's full of cruel choices,True,1,4730
"well, surelly i dont expect that,,, just to add on my collection , becuase  heard good things, but us all yuou kknow (most of you) us toy get older everythign change especially with yor free time, even your core game you play , even change becuase of not time enough.. 
Vell after , o dont remember, but more thqat 2-3 years had the felling , you know, thing all day long to finsh work, finish every thing ready. to play the game,
i can say much of it, but the story , the mousic the sound, even the gameply a p little that i hav try look nice,,,, But the first time i went to the harbor, i was socked by the story , to good ...
and on steam Deck!! even better the controls..",True,1,339
hello ben,True,1,1366
"The game introduces you to a world with many unknowns. As the characters converse with each other, you begin to form questions. As you progress your journey with the characters, you learn more about this unfamiliar world, but at the same time you become more confused. That is, until the climax. The characters are written well enough that you can sympathize with them, allowing them to be more than just NPCs. The worldbuilding in this game is phenomenal, both in terms of exposition and the physical world itself. No area is the same, each is beautiful, atmospheric, and unique in their own way. The music is otherworldly, it immerses you into the landscape and helps bring the world to life. In terms of gameplay, the turn-based combat is straightforward but there is a high variety of builds that allows you to experiment with many playstyles. The progression system is set up such that you can try out different synergies without getting bored. My only regret is that I did not play this game sooner.",True,1,3922
Excellent Game,True,1,772
"Hace mucho no disfruto tanto un juego... muchisima esencia tiene este juego. Entretenido, diseño impecable, personajes agradables. Todo lo tiene",True,2,2052
"I am a 45 yo father, probably one of the oldest people playing this game. I am a single father to my Son, who is 14 now. My son got this game for Christmas in 2021 from his uncle, so we installed it on his computer and he started playing. By the end of the week he had 24 hours on this game. This was horrible for me, as it was already hard for me to find ways to spend time with my son, as he is always out with his friends or just watching YouTube. So i decided to make a Steam account and get this game to see if I could maybe play alongside him. I loaded into the game, picked my character and world and started playing but I was stuck on what you where supposed to do. I asked my Son for help and he hosted a game for me to join. I loved it as it was the best time I had spent with my Son since my wife had died. This game has ever since brought me and my son closer again and now we actually spend time together outside the house together as well. This game reminded me that there's fun to be had in everything, and it has brought both me and my Son many happy memories.",True,1,293
"**NO SPOILERS.
 PLEASE TRY TO NOT LOOK AT THE STORY BEFORE EXPERIENCING IT YOURSELF. 
I USUALLY DON'T CARE ABOUT SPOILERS AND SOMETIMES I PREFER THEM SO I CAN INVEST MYSELF ON THE ART AND WORLD-BUILDING INSTEAD, BUT THIS TIME YOU SHOULD DEFINITELY TRY TO NOT SPOIL YOURSELF FROM THIS AMAZING EXPERIENCE.

What more can it be said about this game? Everything they say about it it's true, a must play. I tried playing it more than a year ago and it didn't click that much with me back then with the lack of spare time to play a long game.
This year, me being completely changed by my mother's passing due to a diagnosed cancer 20 days before she died, It greatly helped me with the mourning process of accepting that I did everything I could to be with her while she faded away. First 2 hours of the game? That prologue's gommage, I suddenly started crying while talking to npcs there for the others that were to gommage. The acceptance you have to muster to deal with the unavoidable departure of the people you love, and the push forward to live through the pain even though you feel like crumbling.
I got VERY strong feeling of déjà vécu of that month sleeping under my mother's hospital bed to assist her everytime she needed something, as she did when I was a baby. 
I instantly knew that I had to push forward, even though I felt the sorrow of losing my mother. I knew that I had to face the feeling of mourning of loss of the person that loved me the most my whole life.
I was in this world for half her life, but those 35 yars were for me also my whole life.
I couldn't stop thinking about those images in the game and what I've been through in my life, seeing somebody you love so much fading away into the nothingness we return in your very own arms. 
I pushed forward, Then the 2nd act came. And the 3rd. And the end. And then watched some youtube videos about interpretations of how the game approaches those feelings I got (NO SPOILERS) when playing that prologue and the rest of the game. 
Last friday it clicked me after work. It did hit me like a train after seeing another video about the story and mourning and the loss. I suddenly started crying. What a piece of art. It deeply moved me. My very first two tattoo's ever, one in each arm.
""Demain viendra... on continue.""
""Pour ceux qui suivront""",True,1,6616
"good game, parry feel good, mhhm yup",True,1,1522
Such a fresh breath of air. Takes any gaming experience to the next level. Extremely well written characters and so many ways to play.,True,1,1532
good,True,2,1025
"I was skeptical at first, but was immediately captivated by this gem. Clair Obscur: Expedition 33 has to be one of the most solid titles I've played in years. From character development, combat, art design, music and more, this is definitely worth your time. 100%d on Xbox and jumped at the opportunity to adventure again for another 100%. 10/10 would play again.",True,2,3038
"It’s been a long time since a game’s story pulled me in this much. With Clair Obscur, I constantly wanted to play just a little more just to see what happens next. And the best part is, it never really loses that momentum, even near the end.

There are a lot of unexpected twists, and some moments genuinely made me sit there thinking, “What the hell just happened?” A few times the game completely changed the way I looked at certain characters and even the story itself.

I don’t want to spoil anything, because this is definitely one of those games that’s better if you go in knowing as little as possible. I’ll just say the story alone makes it worth playing. I was still thinking about the ending long after I finished it.

One of the few games I’ve played recently that I was actually sad to finish.",True,2,6244
"For an indie developer, this is insane",True,2,21256
Absolute Cinema,True,2,231
"Easily best RPG of the decade!
+ great soundtrack
+ great combat
+ great world building
+ cool story
+ great pacing
+ challenging",True,2,6375
Play it.,True,2,1917
"the fight against Sirene was just bad, hated it",True,1,2455
This game was a masterpiece. Definitely recommend it.,True,1,6690
This is my favorite piece of art which I have consumed. Please play this game.,True,1,2848
I like this game.,True,1,880
"Gameplay 9,5/10
Story 10/10
Voice Acting 11/10
Art Design 11/10
Soundtrack 11/10",True,1,3171
"Clair Obscur: Expedition 33 is an absolute masterpiece. One of the best games I've ever played. Incredible story, a captivating world, stunning visuals, fantastic well written characters and amazing voice acting. The story was so gripping, I couldn't wait to find out more as I played. The combat is very fun and discovering the synergies is incredibly rewarding. The music in this game is perfect, it plays in so well with the emotions of the story and adds so much to the game. I would highly recommend this game, it's going to be one that will stick with me forever.",True,1,1508
Masterpiece <3,True,1,2175
"The game has great visuals, music and an easy-to-learn combat system. The focus is mostly on combat and exploration, with a slow-moving story. Companion interactions are few during exploration and only about halfway through the reputation system is introduced and finally interaction with companions become more meaningful. I play RPGs for the story and character development, and I felt mostly bored throughout the whole playthrough. I also experienced the game breaking about 3 times in random instances, but overall it loads fast and the controls are very responsive. Another point I disliked was the lack of an area map, forcing me to memorise the parts I had explored instead. If you like combat and exploration in a beautiful environments, this is the game for you.",True,1,3142
I like parrying,True,1,1909
"I don't understand the hype surrounding this game, its really a mystery to me. The game its not that bad, I can understand people liking it, but so far its a 7 at best, yet it won multiple prizes and was selected game of the year by many. I just don´t get it.

The battle system its a fun one for sure, at least at the beginning where you´re figuring it out, after a while I do think it gets repetitive because it is all there is, and there is simply not enough of anything else in this game to balance out the battles.

The story its interesting by force, everything´s a mystery basically, and it is interesting in terms of world building, but itis let down by its tone, which doesn't know what it wants to be, it jumps from some humor attempts to cute things to the most corny melodrama you can get (It gets so corny) And all of it gets emphasize even more by the art decisions: it is an unreal engine game that goes for the generic unreal realism, and when you go that detailed its really hard to combine all those tones, Because the image its telling you that its a gritty world while the corny supposedly cute story its telling you the opposite. The whole time I play this game I just couldn't shake the constant feeling of uncanny valley, it never went away, so I could never really just be in the game. The characters are a constant miss they are depressed and negative in main story moments but then they are not taking anything seriously and behaving like teenagers... This game´s incredibly confusing in all the wrong ways.

Although there are many designs that are really interesting, overall it feel really noisy. Several times I had to stop playing a bit because how excessive it is at times, it gets visually overwhelming in a bad way, to much of everything and definitely too much oversaturated colors. For moments it feel like a random asset flip composition, random things placed in the environment for no reason. Granted I haven't finish the game and I wont so maybe the random nature of the game makes sense in the story context. But it is badly executed in term of composition, everything merges with each other visually, every details its constantly screaming for attention.

Lastly the level design and overall rythm of gameplay its constant copy paste of the same corridor traversal with some rocks and color changed grass. Over and over again, no variation. You see how in a final fantasy for example it keeps changing to show a new situation to build the characters or a new gameplay situation or set piece, there´s non of that here, its repetitive. (Walk a corridor find some items, fight generic monster, fight boss, cutscene) again and again.",False,8,1340
Great game,True,1,3227
"Verso va déchiré canva
Maelle tristesse dura
Noa mourra
Alicia va déchiré canvas
Renoir brisa",True,1,6591
My new obsession,True,1,1103
"This might truly be the greatest game ever made. I was skeptical when it won Game of the Year, but I tend to play the winner at some point to see what the hype is about. A friend got me to play it earlier than I was originally going to, and I have never had an experience quite like this game. Games with turn based combat are very hit or miss for me, but this game’s combat is the most engaging and satisfying in the entire genre for me. Every parry, counter, and skill you hit feels so incredibly satisfying, and I never got bored with the combat like I have with other turn based systems. There wasn’t a single boss that I disliked, and they are all distinctly unique, so it never felt like I was fighting someone or something similar to the last. There are so many options for build crafting with pictos, lumina, skills, and weapon passives that there is an infinite number of ways you can play, break the combat system (in a good way), and hit like a freight train.

The story is absolutely the game’s best part for me, and I’m so glad I went in completely blind and avoided spoilers for this long. From the first hour of the game, the story already had me very intrigued about who the Paintress was and what the deal was with the “White Haired Man.” After the first act ended, I was completely hooked. It genuinely baffles me how little time you can spend with a character and still have something hit as hard as the ending of Act I. The game is very sparing when it comes to giving you information about what is truly going on unless you’re multilingual and can understand some of the lyrics in the OST. So, by the time you’re at the end of the game, you’re being overwhelmed with information that’s still vague, and then it all just “clicks.” The endings of the game are incredible and heartbreaking, and my face was drenched in tears by the time the credits were rolling.

The music is unbelievable. The fact that Lorien Testard went from composing music on SoundCloud to composing the 10/10 soundtrack for this game is something I can’t get my mind around. Every single track is so, so good, and the variety in instruments and style is phenomenal. The first time I was in Lumière, listening to the choir and acoustic guitar, and then the music switched to an upbeat song led by an accordion once I got in a battle, it made me stop and just listen. That same thing happened with nearly all of the battle music. I would take a minute or two to stop fighting and just listen to the music. There’s so much emotion and scale to all of the music that even a battle with a fat wooden merchant can feel like a world ending fight.

Overall, the game is absolutely a “must play” and deserves every ounce of praise and every award it won at The Game Awards. The fact that it’s not even last generation’s full priced $60 is embarrassing for other games that want to charge $70 for the same ball and gun slop every year. Paying $50 for this kind of experience made me think back to Elden Ring being $60 for the kind of enjoyment and quality that no one can seem to match. These games will make everything else you pay full price for feel like a ripoff. This game is a contender for Game of the Decade, not just Game of the Year.

*Note. I played the first ~20 hours on the Game Pass version of the game before buying the deluxe edition on Steam, which is why my hours are low.",True,1,773
"I subbed to GeforceNOW a few months after this game released. Because my PC couldn't handle it at the time. The FPS was too low and had ugly textures even on low settings.

When I came back to play shortly before writing this review I was surprised that it plays well and almost comparable to Geforcenow. I had to adjust my settings to maintain 60FPS during battle and without the raytracing.

Good work, Sandfall team. I haven't finished it but I shall await for your next game with great anticipation. I hope it gets same love and passion you poured in to this.

For thos who come after.",True,0,2693
Masterpiece,True,0,2116
"Clair Obscur: Expedition 33 — 9/10

From the first hour I knew this game was different. The atmosphere is sad on a poetic level. It didn't feel like playing a game so much as reading something, or watching fine art performed on a stage.

The combat is unlike anything I'm used to, and it takes a while to click — but once you understand its core, it's genuinely rewarding. I'll be honest: I finished the game knowing maybe 60–80% of what the system could do, and it still worked for me.

The world is beautiful. Moving through it feels like walking from one painting into another.

The story is where this game truly shines. It's heavy, deep, tragic, wonderful, and somehow still fun. The voice actors nailed it — every one of them.

Exploration is fun and different, but I didn't enjoy it as much as I expected. Part of that is the story being such a heavy subject that I kept wanting to push forward instead of wandering. The other part is the optional mini-bosses. Some of those fights felt long and brutal, and again, I'm sure that's on me for playing casually without mastering the mechanics. More than once I saw a boss with a hostile design and just sprinted past it because I didn't want to commit to a fifteen-minute war. Not all of them — just certain ones.

The music is orchestral, heart-touching, eye-wetting stuff. A rollercoaster of emotion, to say the least.

All in all, a touching, heartwarming experience. 9/10.",True,0,2903
waste of time. watch it on youtube,False,2,2431
Very enjoyable and gorgeous art,True,0,291
beautiful,True,1,2873
"I hate turn-based games. But this probably doesn't come as a surprise that this game did impact me and was a fantastic experience. The visuals and the music speak for themselves. One of the greatest audio-visual experiences gaming has to offer. 

Gameplay leaves a lot to be desired as a non turn based fan. Gameplay does not leave too much for the player to think about. I have personal gripes with the focus on parries being quite dull and that taking away from most other mechanics in the game creating a somewhat repetitive experience, but you sort of gloss over that because dealing damage and parrying feels so damn good. Once again looping back to the fact that this game just looks and sounds brilliant. Some of the boss designs leave a little to be desired, but that also loops back to the focus on the one-note parrying mechanic. I might change my opinion of this on a secondary playthrough, but it is not a game I personally feel I want to replay anytime soon. (not a bad thing)

Now the story is actually pretty interesting, nothing that is going to blow your socks, but definitely one of the highlights of the game. Works great with the music and visuals. (There it is again)

I think it deserves game of the year as I do not have a problem with ""games"" being good ""games."" Rather whatever the hell digital experiences. And this is coming from somebody who hates turn based games.",True,0,1475
One of the best games of the decade,True,1,4180
"The game lives up to the hype. Fun game play,  stunning visuals, and great story telling",True,0,1736
"This game is a masterpiece.  Story, Characters, combat mechanics, level design.  All very good.  The only thing missing is an area map.",True,0,3666
gg,True,1,296
Masterpiece,True,1,4794
I don't like it,False,0,179
"Played this game after the endless ""game of the century talk"" , the least I can say is that we have to give this game the game of the year award next year just because it deserves more. Everything is peak, the story, the music even the combat, something I was prepared to be annoyed with because it's turn-based but man I was wrong, it makes you feel very badass with all the numbers, vibrations and effects, 10 / 10 and I never gave a game such ranking.",True,1,2973
Genuinely the greatest game I've ever played 10/10,True,1,4310
"This game is simply a work of art and deserves a long review.

I knew Expedition 33 was a great game, but I didn't expect it to be so much better than I thought. It's definitely one of the best games I've played in my entire gaming career.

1. The combat system is incredibly engaging. It's turn-based, but includes active parries, dodges, and rhythm game elements. You don't just stare at menus or passively wait for your turn. Each battle requires constant concentration and attention.

2. The world and visuals are magnificent. The French-inspired art style looks stunning, and the overall atmosphere is deep, stylish, and unique.

3. The story is fantastic. At the beginning of the game, you don't realize how deep this world and story will be. The entire game brings tears to my eyes.

4. A standing ovation for the soundtrack composer. The music perfectly suits every scene, boss battle, and character. Thanks to Lorien Testard for the soul-stirring soundtrack.

This game is a must-play, even for those not particularly fond of this genre. This game is definitely worth the money and time. Masterpiece!",True,22,2238
perfect,True,1,4648
Better than Honkai: Star Rail,True,1,1555
joa schon gut iwie nh i guess,True,1,8947
"Gameplay is top tier, even for a turn based game. The music is on another level. I cannot believe these guys have only started getting into game development. They're world class artists! 
Cannot wait for the DCL.. 10/10 game for sure",True,2,3344
"This is the first story-driven game I’ve ever finished. I went in with high expectations knowing its Game of the Year reputation, and it did not disappoint.

I had never played a turn-based game before, but the combat is incredibly fun and engaging. As a complete beginner to the genre, I appreciated that Story Mode made it accessible while keeping the combat deeply satisfying. I loved the character variety, unique skill trees, and customizable playstyles.  

The narrative is rich, original, and mind-blowing in its creativity. What elevates it even further is the soundtrack and sound design. Even two months after finishing the game, I still find myself humming the tracks. It’s an unforgettable emotional journey that gets you deeply attached to the characters.  

10/10 - Highly recommended. I wish I could experience it for the first time all over again.",True,1,2144
"10/10, no notes, absolute perfection",True,1,5553
"O jogo é realmente muito lindo, uma história que mexe com você desde o começo até o final.  Achei curioso que muitas coisas me pareceram ainda sem respostas, o que me deixa esperançoso de que voltaremos a visitar este mundo novamente.",True,1,3031
"Yeah it's great. 
Story, Artstyle, Gameplay.
It's not overrated.",True,1,660
"A great RPG, unique battle keeps you active while the story keeps you guessing. If this is the developers first production I can't wait to see the second!",True,0,1901
10/10,True,1,1160
"Really excellent experience, the music is incredible and the combat is really fun, for the people that haven't tried a turn based game this is a great way to try it, it doesn't get repetitive and with the parry and dodge system it gets really tense to get the timing right. Absolutely recommended.",True,0,353
Mon Amie,True,0,3313
it's gud,True,0,187
"I really liked the game itself. It left me with a lot of emotions. The music is a 10/10, the atmosphere is a 10/10, the story is a 9/10, and the characters are an 8/10.

However, the technical state of the game is terrible. The constant technical issues made it incredibly frustrating and, at times, almost unplayable. Unfortunately, they had a significant impact on my overall experience.

I loved so much about this game, but I wouldn’t want to play it again—not because of the game itself, but because of its terrible technical condition.",False,2,2438
.,True,1,5504
#1,True,1,3595
Input bug is still here after 1 year plus.,False,1,1910
good,True,1,2011
What an incredible story,True,1,6363
虽然故事很悲情，但是好玩，大力推荐,True,1,2227
y,True,1,3147
"Not recommended. The story is interesting, world is pretty, and acting is good, but the gameplay is incredibly shallow and repetitive in the ~15h I've played. The quicktime parry/dodge mechanic renders all strategy more or less useless. Combat consists of learning enemy attack timings, not composing or equipping your team properly. You can gain some advantage by strategy but it's rendered completely pointless by the quicktime system. If you know and hit the timings you win, combat is the same every time. Levels have no interactivity at all, there is nothing to explore.

I guess I see what they were going for, trying to blend JRPG with soulslike timing mechanics, but it doesn't really work. It gets in the way of the story, the world, and removes all of the strategy.

At least IMO this game boils down to a very pretty and interesting on-rails linear story with a lot of frustrating and time wasting button tap minigame  interrupting it constantly.",False,9,804
10/10 game,True,1,5325
"apos jogar perdi meu ódio a peugeots e franceses, pena que durou 10 segundos, dito isso jogo muito bom 10/10.",True,1,74
"A really refreshing take on turn-based RPGs. 
Unique gameplay with a great mix of turn-based combat and real-time mechanics. Combined with the incredible soundtrack, and beautiful world. Expedition 33 feels like something genuinely different.
Definitely worth trying.",True,1,628
"this is my first turn based rpg so i guess you can take my review with a grain of salt . .  IT'S A 10/10 A COMPLETE MASTERPIECE OF A PRODUCT.!!! i have always had an aversion for turn-based games but this game has taken the blind fold off of my eyes and widely opened them to the appeal of these types of games. i first discovered this game upon viewing the 2025 game awards, and i know that i'm late to the party but for the last few years i fell out of love with gaming. it wasn't from being tired of gaming just from growing up and adulting my time and money had to be spent elsewhere. as a matter of fact i actually acquired the pc a year ago but i just got the graphics card for it enabling me to actually play games back in January. but enough about me this game is absolutely fantastic the soundtrack the combat the characters the voice acting the dialogue the environments it all immerses you into this wonderful environment  the devs behind this masterpiece built.",True,1,4381
"Deep and engaging systems. Memorable and deeply touching story. Some of the most interesting characters kits in all RPGs. Easy recommend

Some annoying things like terrible platforming and an off-center camera to the character are drawbacks",True,1,2678
if i lost my memories this is the first game i would like to play again,True,1,8234
I had no idea what I was missing. B E A Utiful. I want all games to be like this. I can't stop thinking about the game. Only 5 hours in and I already know it's a fckin banger.,True,1,334
It is essentially an RPG that blends Persona with Dark Souls. This game deserved every award it has got. An absolute classic that does not waste your time.,True,1,2206
peak,True,1,3712
"I love this game. Epic sauce booyah gamers. I'm the gamiest gamer there is, I know good ♥♥♥♥ yaboii.",True,1,3290
gud,True,1,1595
"This game inspired me to go to Paris, study French, and cosplay as Alicia/Maelle at local cosplay cons. Do you still have questions about why you should buy this game?
Et souvenez-vous : il vaut mieux avoir une pierre et la perdre que de ne jamais l'avoir eue.",True,1,7917
love this game im suicidal,True,1,4915
"This game is beautiful and has a haunting, unique story that will stay with you.  It's amazing it was made by a smaller studio. The characters are well developed. 

My only criticism is that the combat and battles are very repetitive after a while. You encounter lots of enemies as you walk and the exact same party and dodge combat sequences happen over and over - sometimes you just have to last longer or move faster but it does get repetitive.",True,1,9113
"I have been playing video games since I was a child in the 80's. This ranks up there with Final Fantasy 7 when it comes to story and gameplay. Bravo! best $$$ I have spent on a game in a very long time. They don't make them like they used to, this is the exception.",True,2,3028
"This game is nothing else but magnifique, amazing music, great jrpg combat, and parrying. I like making my characters builds to get higher and higher numbers and then finding the next limit break, playing super risky with the parrying mechanic and having no health for more damage. Its just Wheeee!

The only whoooo I can think of is not having a retry battle button straight on demand rather than having to click through text or cutscenes again.

Definitly recommend this to anyone who likes jrpgs or sekiro lol.",True,1,4680
"Don't really understand the high ratings.

I think whenever redditors hear music in a video game they'll call it an ""artistic masterpiece""

Games kind of boring.",False,3,252
One of the best games ever made! BEST soundtrack in all fiction and one of the best stories,True,1,1181
"If leonardo da vinci would have made a game, this is it. I have no words for this, the build up, atmosphere, cinematic and the story is one of best in this decade. Particularly, I never liked turn-based games, as it lacks the flare in combat and its repeatitiveness, but this is different, it follow the same basis mechnics but it some how feel more engaging and alive; and for the story and atmosphere there is no amount of word that could describe it. The emotional ride this game provide is something else. 

A solid 10/10
This is ""for those who comes after""",True,2,4697
"Amazing music, great story, and challenging gameplay.  Not much more to ask from a game.",True,1,1231
"I love this game so much I traveled to France and got irreversible damage to my legs.

33/10 worth it tho, would do it again. Lmao.",True,1,6982
A masterpiece.,True,1,5181
Worth it.,True,1,2315
"The Louvre Museum on steroids, but the paintings can parry.",True,1,1982
"Worth the hype for its immersive storytelling, excellent voice acting, and the fresh take on turn-based combat, mixed with some responsive action.",True,1,245
best thing ever made,True,1,3926
Incredible,True,1,4320
good,True,1,6578
REALMENTE LO MEJOR QUE JUGUÉ EN MUCHO TIEMPO NO NECESITO MÁS HORAS PARA OPINAR OTRA COSA TE AMO E33 NO PARO DE LLORAR Y SOLO LLEVO 6 HORAS DE GAMEPLAY,True,12,342
I never thought i would see games this good ever again,True,1,949
"Jaw dropping, and gut wrenching. Probably one of the best written stories in games for me in a while",True,1,2371
One of the greatest achievements in gaming history.,True,1,3709
"Absolute masterpiece. Was a little hesitant going into it- I love turn based but was concerned about the real-time defense mechanic as reaction time is NOT one of my strong suits. Imagine my surprise when I was able to switch from easy mode to 'normal' mode because it was easy to get the hang of!

If you are debating getting this game based on the parry/dodge mechanics like I was-- take this as your sign to GET THE GAME. This game has taken the spot for my personal favorite due to the story, characters, lessons, MUSIC (!!!!), combat, and art.",True,1,3425
Who those who come after.,True,1,2792
"Just wow! The story, the sound track, the game play, the story!!",True,2,2000
One of the greatest piece of media I had the pleasure of experiencing. Well worth it if you are a fan rpgs and long narratives.,True,0,3008
"Great game. An art object, for sure.",True,1,1019
Amazing. I am usually not a fan of turn based combat but it is engaging because you have to dodge and parry and so it doesnt feel boring.,True,0,1401
"Absolute gem of a game. This is my second playthrough of it and it got so, so much better. From the combat to the music to the story this game is an absolute must try for everyone, even if you dont like turn based combat. 10/10",True,1,1862
"oddly satisfying, pretty addicting",True,1,2339
Everything,True,1,16947
"Best Game i ever Played, Period.
Story 10/10
Writing (especially the Characters) 10/10
Artstyle 10/10
Gameplay 10/10
Music 12/10

Recommendation for everyone to Player this Masterpiece.",True,2,3384
"Probably everything has been said already in the comments, but this is a masterpiece.
The thing that stood out the most to me was how real the characters felt - both on their facial expressions and acting, they really looked genuine.

The only possible not-so-good thing about the game is balancing at the end of the game, if you do all the optional content. But honestly, didn't matter that much, it was nice to see my combos getting more powerful.",True,1,7333
verso.... 🤤,True,1,1955
Amazing game.,True,1,630
Masterpiece,True,1,274
For those who come after: 33/10.,True,1,4949
"The perry system is outright horrible. Between the extreme variability of a predictable window, the fake telegraphy, and the fact that it's designed for low frame rate console + controller latency(and punishes me on a low latency PC); It completely dismantles everything else that's there. It is specifically designed to kill you with every other new move of every battle and make you replay it, or make you dodge to learn and restart it. Which makes the turn based aspect more sterile than always doing perfect strategy like Persona 5. I enjoy all the other added depth and features compared to all Persona/SMT/Metaphor counterparts and would enjoy this game without the perry system entirely. The entire point of dodging contradicts itself, they want you to use it when you're uncertain and to learn but you are punished for not parrying and/or forced to restart the battle and parry most of the time anyways. It's just a poorly executed gimmick and it forces you to utilize the quick reload that is now conveniently there until you achieve perfection, and it reminds me of the rewind button in forza being super weird, unfulfilling, unimmersive, and simply a bad game design decision. I am very good at it, but I simply can't be nearly perfect since it's not designed that way(despite hard requiring it), and it forces me to fight it, gamble, or brute force through. It parallels Halo 2 in unnecessary, unfulfilling, untested difficulty. Exasperated by difficulty modifier by a factor of 10x, of which it simply should not be in any capacity since the human limit of reaction time literally requires frame perfect guessing for even top 1% of people. Requiring the player to hit twice as many perries on a battle(double health), with originally half the window to do it, and at an overall even more ridiculous consistency is laughable and shows it simply wasn't playtested on hard. I'm not going to play a snoozefest and dump the difficulty when one out of dozens of features is what ruins the experience, and I am forced to choose between a bad game, and a bad game. They since reverted the timing window aspect of it, but you still have to perry significantly more at a ridiculous consistency with all the other factors.

Overall, the game is held together by mods. It's egregious how rough and unpolished this game is. Almost everything is literally default UE stuff that's gone entirely untouched and requires about 20 mods to patch it back together into the bare minimum for the modern industry. The literal most basic and trivial game design pitfalls, traps, and systems are jarring and scattered everywhere. It also runs generally pretty poorly and requires a LOT of graphics tweaking, with no way to get the ultimate experience. I outright recognized several free assets that I have used myself down in the core roots of the game. All of this however is fixable and only takes about an hour, but most people still experience it without all this polish.

The game almost forces you to use a controller because the perry window was clearly input freehanded on a bluetooth controller from 15 years ago. And the PC controls are outright nonsensical anyways, and completely unplayable without another dozen mods. Overall the frame times, consistency, and overall input latency is like actually 70-80ms click to photon with nvidia reflex on so mouse movement is just completely unfeasible anyways. That's at like 100-120fps btw. I think the Batman Arkham games did better in all these areas at launch.

Unfortunately, it's also missing literally all the meat. The dungeons cannot be stitched together with just cutscenes. It tries to be Elden Ring in between them but replaces the satisfyingly brutal combat with high risk low reward gambling. And Elden Ring is not a narrative. This type of dungeon design hasn't been acceptable since the PS2 era and implodes without the map that's supposed to come with it. For me specifically, it gives me completionist paralysis. The narrative outright faceplants after the ship launch in the intro, and proceeds to lead you through a level design tech demo instead of continuing the story in a meaningful way, and I presume it's back heavy. Overall, huge industry plant, and not indie in any way. I could have fun if I turned my brain off, downloaded some mods to fix all these things, dumped the difficulty, and basically speedran it. But that's work, and I'm unmotivated to do that and unmotivated to play in general. Imagine how much more boring this would be then too.",False,2,513
"Engaging storyline, fantastic graphics",True,1,1251
beautiful game. probably game of the decade,True,1,1104
10/10 holy hell,True,1,1401
رائعه وجميييله جدا,True,1,2054
Si,True,1,1712
"good game. i almost never review, but good game",True,1,4308
"Absolutely everything I this game i loved. The sound track, the characters,  and of course the story! Incredible",True,1,5673
"I liked it, not my favorite thing of all time but I understand why it won a million awards and why people love it so much.  Some of the songs are outright bangers.  I love Esquie and would kill for him",True,0,2638
"A true work of art - figuratively, and literally in more ways than one. I was skeptical to purchase at first but took a chance based on recommendations from friends and immediately became consumed by the story and gameplay. This isn't just a game that entertains you, it's an experience that inspires you and in some ways makes you question and appreciate your own existence.",True,1,2470
ultra-rare france W,True,1,590
MEH. overrated,False,3,818
"Amazing game, lowkey would wake up and not even brush my teeth just to play this game",True,1,1647
Yes,True,1,2274
"incredible story and character development, challenging fighting mechanics. excellent.",True,3,1824
"It was an incredible game loved the characters, story and gameplay! Reminded me of legend of dragoon a little bit.  Highly reccomend to go down this journey",True,2,1636
genuine masterpiece,True,1,4022
yea,True,1,1875
Story captures you. Gameplay and fights are satisfying.,True,2,492
"wow, amazing so far!  It's as good as everyone says!",True,1,343
S tier game.,True,1,1996
"Masterpiece! One of the best rpg of all!

For those who come after.",True,1,3326
"beautiful soundtrack and graphics, breathtaking areas, interesting main story but the absolute LAZINES of how the end of act 1 was handles is beyond comprehension. Someone truly braindead must have stepped  in to make that decision and you are expected to just roll with it. I don't want to get into spoilers but it is SO LAZY and serves literally no purpose but to erase how you planned your party to work and what strategies you had so you now have to just bin them because the main writer decided - oh this will make em feel drama. ♥♥♥♥ off. Just for that even if id gotten the game for free i'd still ask for a refund.

P.S. - Just checked all the endings and it just gets worse, everything you do is just meaningless.",False,1,814
"The aesthetic is absolutely gorgeous, but what truly sets this game apart is the combat. Even when you are down to your last point of health, you are never truly out of the fight.  If you can reasonably master the real-time dodge and parry-riposte mechanics, you can completely negate enemy damage or turn their own strikes right back at them.  It makes every encounter feel thrilling and (at least fairly) in my control.  Highly recommended!",True,0,2183
"bro just parry it gustave, wtf skill issue
10/10",True,1,4088
"""This game is so tight""
""STOP QUOTING PAPA""",True,0,4422
"I think that YMMV significantly depending on the type of RPG you're hoping to play, but if you like a timing oriented turn based console feeling RPG then this is your game. The game is pretty linear, though it opens up a lot of pathways for extra content at the end. I think the linearity of this game is a good thing, as it's way too easy to lose yourself in endless open world stuff these days. A focused experience with a memorable story. Good stuff!",True,1,2112
"The ending to this game ruins the whole vibe of the game. Could've been a masterpiece but fell off extremely fast at the end, goes from a deeply emotional melancholic story, to a teenagers identity crisis.",False,1,2052
i never play a game this good in my life,True,1,1576
LIves up to all the hype and the end game is laborious (if you dont one shot) but very satisfying if you love a challenge.,True,1,4495
Fun.,True,0,2047
good game,True,1,5751
"Everyone says this game is incredible so even though im not the biggest fan of turned base games I gave it a proper shot. Imo theres 2 types of games, ones like sekiro where your hyper focused with heavy importance towards precision gameplay and others like batman arkham knight which u can play laid back in your chair and enjoy the story. Exp33 is the worst of both worlds cuz u cant play the game laid back and enjoy the story cuz the bosses are just hard enough that you have to pay attention and the boss fights imo werent even too hard (beaten most bosses in like 2-3 tries max). Also wasnt a big fan of the exploration and how the map plays out.

Since everyone keeps saying the story in incredible I just dropped the game after giving it a very fair chance and watched a 2hr lore video and I understand why people talk about the story, it is incredible but the gameplay was never for me.",False,1,719
"Great optimalization with graphics and performance, story 10/10, would recommend any time",True,1,1729
"This game... is one for the ages. Easily in my top 3 all time. The world, the characters, the mystery. I was completely hooked from the beginning. I could tell this one wasn't going to pull any punches, and I was right. Although I hated the combat (which turned out to be probably 25% turnbased and 75% quicktime events, and I HATE quicktime events...) the story made it worth trudging through every enemy encounter.

The game doesn't spoonfeed you anything, they don't even so much as give you a minimap within each zone. You feel like an actual expeditioner stumbling through an unknown continent, getting lost and discovering new creatures and uncovering the journals of the previous failed expeditions, before continuing on your mission.

And you'll spend most of that mission in the dark, wondering how and why about everything. But when you do finally find out, you almost wish you hadn't. The plot twists, the characters' motivations, the truth behind the fracture. Once all those pieces start to connect, it hits you like a truck.

Not much else can be said, except that the devs poured their heart and soul into this one, and I can't wait to see what they cook up next, as the bar has now been set VERY high...",True,2,1669
"Overall: amazing.

+ Really good turn based tactics, engaging story and plot twists, and simply beautiful world.

- I dislike the grinding, almost requiring learning attack patterns and completely info-less world map (what's there, have I visited or completed it or not, etc.)",True,1,2874
"I haven't played a game that completely captivated me and took me into its world for a long time and didn't leave me indifferent. Kudos to the developers of this game. The game reminds me of Final Fantasy gameplay (good old ones) and gives the game a new level of depth. The game threw me through a rollercoaster of emotions and confused me a lot, but in a good way, until everything fell into place in the end. The gameplay is great, the soundtrack is excellent, the story is great and the characters are good. I wish there were more good games like this. 10/10...completed the entire game, except for the endless tower mode (last 3 bosses), which are really hard and I didn't feel like spending a few extra days on them. Whoever didn't buy this game and loves turn based combat and story driven games---that's it.",True,1,9118
peak PEAK,True,1,1419
"I have several health issues that prevent me from going on bouts of long gaming. My body just starts to break down. I also don't have the time I used to have anymore. But I felt in my bones this was one of those games, without even looking up anything about it. Absolutely worth it. It's a beautiful story wrapped up in extremely engaging mechanics. It's more than a game: it's an experience.",True,1,2955
"Beautiful game, great soundtrack; love the world building.",True,1,321
"Just finished the game. Even though it frustrated me because it crashed almost 10 times, I’m still give a Positive. I’ve been wondering for a long time whether this game really deserved GOTY and all other awards, and now I can say that it absolutely does. The visuals, music, gameplay, everything is practically perfect. The storytelling is the best, 
emotional buildup is some of the best I’ve ever experienced in a game. I’m genuinely glad that a game this incredible will be remembered in gaming history.",True,2,3508
Overwhelmingly positive. I cannot say enough good about this game.,True,1,3707
good story!,True,1,2044
I'm 32 hours in and Clair hasn't show up yet so I'm feeling a little ripped off. Otherwise it's a very good Mario party sequel.,True,1,1876
"There's no two ways about it. It's, possibly, the best RPG ever made. If you can, buy it, it's worth it, so worth it. It changed my life (in terms of gaming). Thank you for your time. This game has no flaws, purchase it.",True,1,8595
1000/10 game,True,0,7593
"This game is perfect for me <3
There's no other way to say this. I have the problem that most newly released games just bore me after playing them for some time but this game had me focused until the very end.
Everything is incredible about this game: Graphics, story, soundtrack and even the gameplay.
I was very skeptical about the last-mentioned. However, it turns out I also enjoy this type of gameplay in the way Clair Obscur reinvents it.",True,1,3698
amazing game,True,1,2621
A fantastic game,True,1,3728
this game is absolute cinema. play it,True,1,1257
"No spoilers review:
What an absolute emotional rollercoaster. Pure enjoyment with equal parts sadness. Not many games leave me feeling emotionally effected like this so it's hard to put into words... the best praise I can give is that it deserved every damn award it won and the developers clearly put so much love into this. 


Zero bugs, high fps, beautiful soundtrack and graphics. The in game world was amazing.  

Clair Obscur had me sitting at the games end just feeling lost. I know I made the right decision. didn't I? we will never know. Finish this masterpiece and you'll understand.",True,1,2988
one of those hidden gems,True,1,4257
"amazing story, 10/10 game",True,1,3802
"One of the best games of all time honestly, and a well-deserved GOTY.
 
The story is incredible. The music is incredible. It's bold. It's fresh. It's amazing. 
I have done all of it and I'm sad to have nothing more to do. It's quite a rare feeling these days. Now I'm just listening to the OST on repeat.
I highly recommend the game obviously, and I recommend to go in blind.",True,1,3466
"This game got me back into gaming. Compelling plot, challenging but not frustrating combat mechanics, and stunning visuals and music. The semi-linear narrative was refreshing to me as someone who can get lost in open worlds. 

The section just before the final boss has wonky pacing---if you do the side quests you'll be overleveled, but I still recommend doing them before the final boss because it really enriches the narrative experience.

Last, it will hit you hard emotionally. If you've just lost a loved one, wait a while before playing.",True,1,16377
"My favorite game of all time, with, in my opinion, one of the best stories, combat systems, worlds, and MUSIC in gaming.

I love JRPGs, and before this game was released, I had played games like Persona 3, Persona 5, and FF7. So, when I first saw this game's trailer, I immediately rushed to wishlist it on my PS5. Seeing it sweep at the Game Awards back in December was an incredible experience, and I was so happy for the dev team.

Having come back to the game, this time on PC, I had an absolute blast. This game is truly special to me and I hope something in the future surpasses it. 

Love this game.

For those who come after!",True,1,3575
it's a very weee game,True,1,5202
I think we are all alive to make beautiful things and enjoy ourselves. This game is singular among all others in that it is a rendition of a canvas and simultaneously a masterpiece. I wholeheartedly recommend it and I challenge you to understand for yourself why it won game of the year.,True,1,4365
so cool,True,1,4536
"great music, beautiful world. story was pretty good. battle was alittle annoying until i got used to dodging. I spent too much time trying to parry. while dodging is necessary, parrying is not. but after i adapted pretty fun. One of the better games ive played in awhile 8/10",True,1,4119
Incredible game with interesting story. Slow burn but def worth it.,True,1,6863
"Not a big fan of the QTE, even though I enjoy other games where blocking/parrying is critical (sekiro), it never seems consistent. Played on easy to effectively ignore it an progress the story",True,0,345
"amazing game, just play it.",True,0,2340
What has been said about this game that hasn't been said about Michelangelo's Sistine Chapel painting? A true work of art.,True,1,1645
"This game is centered on grief. Without spoiling anything, nearly every part of its world is shaped by loss, whether through the fear of it, the anticipation of it, or the different ways people try to cope with it. The story understands that grief is not a single emotion following a convenient path toward healing, but a multifaceted experience with no easy route to a simple resolution. The game explores this complexity through its characters and their attempts to cope through hope, love, hatred, and recklessness, sometimes all within the same person.

The beautiful art direction, phenomenal score, and deeply satisfying combat would already make this an excellent RPG. What makes it unforgettable, however, is the story’s emotional honesty. It is heartbreaking without feeling manipulative and hopeful without pretending that every wrong can be made right.

Few games have so powerfully captured the essence of loss and the hopeful determination to press on in the face of a seemingly insurmountable task. This game does, and its philosophical insight will stay with me for a very long time.",True,0,8705
Incredible! emotionally altering even,True,0,2733
One of the best RPG experiences I've ever had.,True,0,2897
Easy 10,True,0,7314
"this is the best piece of media i have ever consumed in my entire life no wonder this game is GOTY 2025 and is the highest awarded game of all time beating elden ring, the last of us, and baldur's gate. AND its developed by indie developers? count me in 100000/10 best game of all time",True,1,1714
One of the best games ever made.,True,0,7190
"As a diehard Hollow Knight fan, I was pissed that this game stole every award from Silksong at the 2025 Game Awards. This game, without a doubt, deserved every award it was given.

The best, most impactful work of art I have ever been lucky enough to see.",True,0,3783
"Everyone is going be ok. P.S this is way better then gay sex, i would know. P.S.S No one is going be ok. P.S.S.S This is one the best games ever made ever. Easy top 5",True,1,1884
Great game if you like RPGs.,True,0,2239
Best story experience I've ever had. The soundtrack is the amazing glue that bonds together gameplay and the story. 10/10 would recommend.,True,0,2816
"Story: 10/10 Left me in tears.
Characters: 10/10 Very memorable.
Gameplay: 10/10 Unique and engaging.
Art Style and Graphics: 10/10 Many different vibes and atmospheres and not too demanding.
Exploration: 10/10 Rewarding.
Soundtrack: 10/10 Never got bored of it.

Overall: 33/10 I ran out of words trying to describe this game but it's a must play trust me it will be unlike anything you ever played.",True,2,1988
10/10,True,1,4608
"This game has already been talked to death, so there's not much I can add other than.. yeah, for once all of the awards were extremely deserved, this truly was an easy GotY.  While the initial story isn't original and has been done before, everything else about the game is simply brilliant.  The characters, the dialogues, the Final Fantasy Xesque turn-based combat with Soulslike dodge/parry mechanics and gear-based learnable skills system similar to FFIX.. the game looks absolutely beautiful no matter where you look, and the soundtrack is just banger after banger after (just a wee bit spoilery if you can understand French opera) banger

Really the only downside I can think of is that the game is aggressively French, to the point where I have no idea how non-French people can pronounce anything in this game, even in the English version.  Other'n that though, it's a masterpiece",True,3,5206
11/10 absolute cinema!,True,1,2785
"Amazing game, amazing story, amazing everything. Seriously amazing work, definitely deserves its high praise.",True,1,1339
"Great story and emotional buildup, just be wary of spoilers",True,1,3127
Incredible Game,True,1,2999
gud,True,2,3533
Amazing,True,2,1833
awsome,True,1,3005
must play,True,2,4623
"One of these BEST games I have played in years. Love the story and love the gameplay! So much to explore and so much to see! Worth the buy and worth the time. 
Check this one out 😁",True,1,3700
AAA,True,1,2623
PEAK 33,True,1,7433
peak,True,1,342
"more like clair obscur EXPOSITION 33. this is insufferable. the maps are tiny, the cinematics are eternal, the dialogue is pure exposition. there's no time to build up for a cinematic, they give you a box of a map with 3 enemies and maybe you'll want to level up for a boss fight (you don't need to if you can parry). it's so pretentious, so dramatic, i dont know how it got any attention. it's a narrative nightmare and i barely started",False,2,251
For those who come after,True,1,2999
"Absolute Cinema :)

What an amazing ride it was, from art design, music to combat everything was top notch, not to mention that combat was unique in it's way (turn base with actual dodging mechanic).

The story progression was so smooth and connected, every question was answered while you play the game, the design of the world was great. It's mostly linear with some additional branches but that's what makes it so smooth in terms of exploring and understanding the story. Having too many branches will create gaps and you may loose interest.

The music, that's a beast on it's own, every soundtrack was awesome that gave so many different feelings, you could listen to them countless hours.

Bosses were challenging, Simon was I think the hardest boss from all of them including the last boss. It taught me how to properly select the correct pictos and learn it's moves.

The only complains that I found kind of annoying were:
- some bosses after you fail forces you to re-watch the cutscene (I know you can skip them) while some other fights you could directly restart and be in the fight without any cutscenes.
- the optimization or more like no optimization, in my playthrough I had to deal with pixelated hair and blurred texture because I had to use all the available tools to make the game run around 30 FPS

It's an awesome game that must be played even if you don't like turn base gameplay as it keeps you engaged until the end.",True,1,8162
"One of the best games I've played so far in my life. The story, the visuals and the soundtrack are pure art. The characters are complex and you end up feeling close to them. The combat system is fun and there are many different options for builds. A real gem and something to be proud of as European.",True,1,5814
Peak,True,2,3678
"Great game! Writing, music, visuals, world-building and of course, the parkours. The parry and dodge mechanics are satisfying when you get it right. Plenty of side-contents to do post-ending. You can play in either French and English dubs (personally I went with French to fit the theme more), they are both great either way. 

Highly recommended, looking forward to their next game.",True,1,4636
"Ok so i won this game from a giveaway, i have heard lots of praise about this game before purchasing it, but i didnt expect it to be this good.

The graphics in this game is amazing, i run this with high setting at dlss 4.0 performance, and it still looks amazing, its ue5 game so obviously its got some performance issues, like some of the pre rendered cutscenes lag like hell. But other than that everything works fine.

The story is very good too, and gameplay and combat too, honestly for a turn based gane i usually set difficulty setting to lowest cos i really dont find turn based combat fun, but this one is different, i set the combat difficulty for this cos i am actually enjoying its combat.
Overall its 7/10 for me, if performance was bit better, it would be 10/10",True,2,577
33/33,True,1,3782
very fun game. I love the sound track.,True,1,2047
"Expedition 33 is an amazing game. One of the best I have ever played. 

Gameplay, music, graphics,  history. Everything is excellent. I don't usually play games for the history,  but this one is amazing.",True,1,7114
peak,True,1,6320
It's a masterpiece in storytelling. It's themes made me reevaluate how I was personally dealing with my grandfathers death. If you have any kind of grief that you are struggling to process this is a game that may help you. 10/10,True,1,2727
10/10,True,1,4024
For those who Parry after.,True,1,1599
"One of the best games I've ever played, and I've played a lot of games.",True,1,4983
"9/10. Great game, Amazing story. 9 because Simon sucks.",True,1,7235
The best couple weeks ive had recently have been playing the game. The story is heart wrenching and kept me driving to figure out the next thing.,True,1,3333
"This is by far the best game I have ever played the narative, the gameplay mecanics, the graphics, the color sckemes used to convay different emvironements and emotions, up to the complete game soundstrack. The entiarty of this game is cheff's kiss. I would go as far as to say this isn't just ""a good game"" it's a piece of art, that should be cheried by anyone who has had the opportunity to completly play the story in its totally! You can tell this game was made with love and with the complecated nature of the human soul and heart in mind. Its themes of navigating threw grief, parents who would do anything for their children and a complecated family that is overall filled with love says it all about this game, and it is so relatible on such a human level. I can assured you, that if you get this game you won't regret it! (Extra) For my Christian friends, as Christian my self, I have found that this game overall transmits a lot of Christian truths and many beautiful lessons and morals that can be and that are very much tied to our faith! I hope this has help any of you who were on the fence for getting this game, trust me you won't regret it!",True,2,3463
Absolutely deserved GOTY,True,1,1158
"This game is a masterpiece in storytelling and turn-based combat. Nothing else needs to be said. Just buy the dang thing and play it knowing you won't regret your decision. Oh, the world is incredibly beautiful as well. If Windows started using wallpapers from this world, Apple would go bankrupt.

10 out of 10.",True,1,1454
its good,True,1,563
Best JRPG Game I have played,True,1,2200
goated,True,1,4729
"I really only recommend this game for the gameplay, not for the story, which I'll get into later. I will avoid spoilers entirely, only abbreviating or loosely referencing elements.

It's admittedly short for an narrative JRPG-styled game, with my first playthrough clocking in around 30 hours, and I think that boils down to the fact that it's fairly (not fully) linear until late in. Side quests, more towns and NPC stories, and even something as simple as inventory management would have added a lot of time and enjoyment into my camp, personally.

The combat is stellar. The mix of souls-like and traditional turn-based RPG are very refreshing. Exploring areas feels good, and finding secrets is fairly rewarding. The sheer expansiveness of the skill system is to be applauded, you can do a LOT with builds, despite the limited cast. Some characters are callbacks to classic RPG with a new twist, such as the ""blue mage"" with the rotating combat wheel.

I look forward to this team's next project with a bit more time and budget behind them. Having something like a bestiary, side quests, and overall more information about the world as we discover more of it would be a masterwork, I think.

The negatives of the gameplay are fairly simple: ""S"" is a fight with a fairly nonsensical bit of artificial difficulty strapped on that's really just a party check that kind of ruins the fun of their parry mechanics, taking a cool and satisfying to fight super-boss and turning it into one of my least favorite fights. The platforming should not exist in a game with an auto-roll and floaty baby-jumps. Falling through random rocks and getting stuck because the designers decided not to go through the areas and smooth out the terrain can also be frustrating at times. That's really about it.
(Edited note: I must say that my negatives from a gameplay perspective are all optional content and will not impact how you enjoy the game unless you choose to let them impact you.)

The story: 

TLDR: Maelle's narrative is lovely. The male leads are incredibly shallow and ruin the story for me.

Extended: It's not by any means the second-coming of RPG Jesus that everyone led me to believe. This is why hype kills narrative games: It's all subjective. In my eyes, Expedition 33 is very much a - and I hate to say the word - Mary-Sue focused narrative about a bunch of men who suspiciously look like the CEO; The man who is also the writer and creative lead of the project. 

A huge sour point for me is how they pull the trigger on what could be a very intense moment far too early, and instantly fill the void with more of the same. That's about as much as I can say about that without spoiling anything. Maelle's story is lovely, and I enjoyed that aspect greatly, but every moment spent there was a reminder of the personality black-holes that are the male leads.

I also feel that the camp scenes should have been more frequent, and less cut off. It felt like the moment a scene was getting interesting, it faded to black and told me what cool things were happening between the characters, rather than letting me hear the dialog and be a part of the character bonding; Letting me get attached to these lovingly crafted characters.

That all said, Esquie is a treasure and I would protect them forever, and I still fully recommend the game to anyone who wants a linear narrative experience with great gameplay.",True,1,5568
First time I had genuine fun playing a video game in the last year.,True,1,215
Good game,True,1,226
"Literally left the game to give it a prompt thumbs down simply for the dumbest mini game ever created in gaming...the beach volleyball RIP

EDIT: 2 Hard crashes already as well...

Edit 3 After completion:
Staying thumbs down - I'm not sure what all the hype was about this one. Objectively, not a terrible game but just not for me. Turn-based is blah mechanic and is a big nope

Some parts of the game looked pretty cool and had some cool cutscenes. Way too many cutscenes towards the end imo...Game forgot it was a game for a while there

It was also quite annoying how what was though to be the 'end sequence' (talking end of Act 2) dragged onnnnn and onnnnnn and onnnnn...then the threw in like 4 more epilogues and a third act. I wasn't into the game enough for that not to be annoying. Do you think the third act dragged on?? You bet it did!

You also get Esquire's final abilities way too late in the game",False,0,2600
"I've waited 25 years for another game to hit me like FFX and it was worth the wait, this game is perfection. Amazing story, gorgeous scenes, beautiful music, this game lacks nothing. I like button smashing as much as the next American, but this turn based style still keeps you on your toes and provides a challenge. I hope this studio puts out more amazing stories in the future.",True,1,1465
"I can easily say this is the BEST GAME that i ever played! Its not the game - its the art itself!
 - Sounds and Music   10/10
 - Story 10/10
 - Gameplay 10/10
- Visuals and Esthetics 10/10
 - UE5 optimization 9.5/10 for PC ( only because consoles limited it, but at the time of launch it was most 
 - optimized UE5 game)",True,1,2098
Great game so far. Absolutely beautiful. Fun combat.,True,1,516
"Very solid game, joined the hype late but enjoyed it very much,

I would say calling it an RPG is a bit of a stretch. But great story, solid characters, great art, and solid combat/exploration.",True,1,645
didint think it whjould be good as i dont really like indepth story and turn based fighting. BUT this ♥♥♥♥ fire engaging ass story and actaully good fighting mechanics make it one of the best games i played EVER,True,1,2306
"This game is a masterpiece. There's absolutely nothing I will change about it. It has amazing and beautiful graphics, a gut-wrenching story with one of the best intros to a game I've ever played. The music, the music for me is what really makes the game aside from the story. With such a variety of instruments & vocals, you're constantly getting goosebumps in every scene, fight, moment in the game. You would think that the turn-based combat would get boring or repetitive after some time, however, they executed the combat in this game so well. The many different attack patterns, animations, combos, and parry/block/jump defense makes the combat so addicting. Not to mention the damage scaling. Every character in this game has meaning, has a story, has a purpose. You will be invested in the story, you will cry, and you will have post-game depression. (In the best way possible) The hype is well deserved and if you've been interested/ curious, please give it a try!",True,1,2267
What a game! Super story and world building. Engaging combat and I really love tinkering and coming up with synergies and combos to make. Awesome!,True,1,1025
"2 hours in and so far its not too bad.  What can I say, when I paly games while talking to my good pal Doug everything feels so much better :)",True,1,138
"I had no expectations when I saw this title pop up in reviews, awards, 'before you buy', instagram shorts of streamers who became emotional in some parts of the story. So it piqued my interest. But after going midway through the story, I can finally say I have had enough and I do not recommend it. So dear devs and fellow players, buckle up and check out this point of view:

There are a lot of good remarks to be made, some given the fact that this was a game made by a small studio and others because the devs really tried to push the boundaries of what's acceptable in a modern title and what would the players enjoy. But any positive thing I will list below is getting crushed by the horrible mix of gameplay elements, making the gameplay itself the least favorable element of the game, and also the reason why I don't even want to finish the story anymore.

On the pros:
-Outstanding art direction, vibrant colors and lush environments fill the screen at any moment
-Memorable characters with natural development through their interactions with one another and the world
-No words needed for the music, soundtracks are made with passion and each convey a feeling
-Interesting enemy art and unique creatures
-A plus for every playable character as they have a unique style and abilities to choose from
-It runs buttery smooth on Epic with RT on and all, but this is subjective as I made my PC to run the UE5 editor heavy projects

Now for the cons:
-The topmost issue with the game, the gameplay. It starts with challenge and mystery, then you get to unlock abilities, you learn how to heal, defend your party etc etc. So the difficulty curve is well designed. But then, the parry mechanic comes into place. First it seems optional but later on, every fight becomes a parry-race. You learn more parrying techniques. Then how to chain parries or parry counter attacks on top of your attacks. Then, skills, abilities, strategy, are all thrown to the bin because you have to parry every single encounter and attack. There is also the option to dodge, but doesn't give anything back, so you don't have AP to play.
-Platforming. There are weirdly placed platforming sections, some of them unbalanced even that don't match the rest of the game.
-QTEs. A modern game of 2026, that requires hundreds of QTEs per fight in order to execute your abilities 'the best way'.
-Lumina/Pictos. I had to play 10 hours before understanding how they work and they are still confusing, I have spent more time in menus, sharing them between party members than playing.
-Weapon leveling. It's simply obsolete. You spend your chroma and crystals upgrading weapons, then you fight a random giant and boom you have an OP weapon upgrade that surpasses everything else.
-Lack of items to use during combat

Wrapping up the review, I had a bad time with the real time mechanics (parries, QTEs, dodges) as this is still a turn based game. If I wanted to play an action rpg, I would go to one of my favorites, Sekiro, Dark Souls, Devil May Cry, Soul Calibur even as it had the same mechanics. Now if I want to play a turn based game that challenges my ability to perform strategies, I will go to Final Fantasy or any other traditional turn based game, but never again to Expedition 33. You simply can't mash up mechanics of different origins and make a fun experience out of it.",False,2,1347
超级好玩,True,1,306
gud,True,1,1859
"This game is amazing on many fronts - graphics, gameplay, characters. But its the way it portrays grieving after losing someone you love that will stay with me for years, or even decades.

It truly has one of the most gut-wrenching portrayals of it I've seen in media. I can't remember the last time I've cried so much over a story, but it truly resonated with me, as someone who lost many loved ones. It really gets how you start noticing death in everything and everywhere, to the point where you can't escape it.",True,1,5106
Game so good made me contract a UTI from not stopping to pee,True,1,2838
I don't think it's possible to get better than this.,True,1,7834
"I give this game a rank A (80-90%)
GREAT game - play this if you can
See my profile for more details about my reviews.

[b]Full review[/b] available on [b][url=https://www.youtube.com/watch?v=sBiV7hllTz0&t=678]video here[/url][/b]
[b]Hem & Watch[/b] is on [b][url=https://www.twitch.tv/hemandwatch]Twitch[/url][/b] and [b][url=https://www.youtube.com/@hemandwatch]YouTube[/url][/b]",True,2,3657
"Everything about this game just works. The art is beautiful, the soundtrack is incredible, the world feels so unique, and the combat is one of the most satisfying systems I've played in a long time. I came in expecting a great game and left with one of my favorite gaming experiences ever. This is a fckin masterpiece. 10/10.",True,5,3743
Fun Game,True,1,449
"Have been fully almost 100% badge this game I'd say the game deserve the game reward

-The music of the games are and the bosses mechanic are complicated along with the parry system. you could say this game great for people who like Sekuro and HSR combine along with Steven Universe. i like the comedy and all the interaction on what happened to the last expedition too lol

-THe story gave a very realistic emotion on what happened and what you would do anything to do in that state, There are no happy ending nor bad ending just a choice you have to do",True,1,3160
For those who come after. This game is tight.,True,1,8378
"Combat mechanics: Quite interesting; every enemy fights differently. I only started to get a bit tired of it toward the very end specifically, right before the final boss (though actually, it was during a different boss fight).
Music: It’s a work of art in its own right; you could enjoy the music even without the game. It fits the game perfectly.
Story: Incredible. It’s like a 10/10 movie, except you played through it and made the decisions yourself. I really liked how, after major plot twists that make you go ""Wow, how did that happen?"", the game guides you to the conclusion and answers all your questions.
I liked the ending there are two of them. I believe I chose the right one (the second). I checked online and confirmed I’d made the correct choice.
Voice acting: I kept the original French audio it’s a solid 10/10. I listened to the English version online; it’s good, but I’d rate it an 8. So, if you're looking for the best voice acting, go with the French version  you can just use subtitles if you don't speak the language.
Progression: It felt like you could end up over-leveled in some areas and under-leveled in others if you wanted to explore everything. However, if you do want to see everything, you’ll inevitably end up over-leveled by the end of the game—unless you set the difficulty to maximum to keep things balanced.
I recommend this game, it’s a great experience, though personally, I’d only play it once. I’m not the type of person to grind for max level and so on. I finished the game at level 62 on standard difficulty—I never changed the difficulty setting.",True,1,3384
There's a reason this game was the GOTY of 2025,True,1,1534
"Finished the game, and I loved every minute of it. Amazing soundtrack, memorable story, beautiful world, and challenging boss fights. One of my favorite RPGs. Highly recommended! 👍",True,1,2533
Absolute artistic cinema ✋️🧔✋️,True,0,2269
"very good story, act 2 damage on expert is ridiculous tho had to reduce difficulty, because of parry timings, I would recommend downloading a mod which increases parry times. 

Expedition parry timings are same as expert, and the only difference is damage, on story difficulty they increase parry time by another 0.1 however the enemy daamge is so low that its essentially impossible to lose.

A mode with expedition damage and story parry timings would be good if its added

Overall would recommend playing",True,0,1647
"If you can tolerate how French this game is, it is a true work of art.

The soundtrack, art style, gameplay, world design, characters, and most of all, the story were incredibly ambitious, creative, and beautiful.",True,0,1828
peak\,True,0,1661
pretty french chic,True,0,3649
"Combat fun, story was not.  I wanted a cool fantasy RPG. I got Inception the video game. Meh",False,1,2107
Outstanding.,True,0,2596
Amazing.,True,1,613
"A well-deserved GOTY! What a game, my friends... this game is simply amazing from start to finish. I wasn't expecting much at first because before buying it, I found out that battles were turn-based, but I was surprised by how fun and addictive the combat actually is! Plus, you can build specific setups for each fight.

The soundtrack that plays during battles and while exploring the environment is surrealy good (so much that I listen to it even when doing other stuff). The story is wonderful with an incredible plot twist, and the side quests are great with awesome boss fights. I got wrecked trying to beat certain bosses because I was leveling up my characters all wrong kkkkk.

Overall, it was an awesome game from beginning to end! The character expressions in the cutscenes were perfect, and map exploration is simple yet really good. Truly an amazing game, a very well-deserved GOTY",True,130,4077
GOTY!!!!,True,1,4932
French Souls,True,1,2988
oui,True,1,2814
good music,True,1,611
this game has peak graphics and i am actually enjoying this turn based combat suprisingly,True,1,190
play it,True,1,3608
what if we made a game and everything about it was just peak,True,2,3657
"mon ami, you must play this game. 
The music, the visuals, the strange story its all amazing.
it may be difficult for some at first to get used to the unique game mechanics (especially for certain bosses) but once engrained it will almost be like a dance between you and the enemy. BEAUTIFULY DONE the game was art.",True,1,5018
Really fun to play. I got  beat up at first. Im totally new to this style of game and trying to figure out what weapons and gear to use is challenging for me,True,1,15914
"greatest game ive ever played. great graphics,actions,literally everything. but the first game is just too short and the seconde is too hard so i stopped after the first game.overall its eccellent.",True,1,1143
"Introduction: 10/10
Protagonist: 9/10
Deuteragonist: 10/10
Side Cast: 9/10
Antagonist: 9/10
Consistency: 8.5/10
Highest Peak: 10/10
Peaks: 9.5/10
Pacing: 8.5/10
Emotion: 10/10
Parallels: 9/10
Themes: 10/10
Messages: 10/10
Dialogues: 8/10
Monologues: 10/10
Symbolism: 9.5/10
Plot Twists: 10/10
Depth: 9/10
Complexity: 9.5/10
Plot: 10/10
Story: 10/10
Build Up: 9/10
Personal Impact: 10/10
Development: 10/10
Pay Off: 10/10
Internal Conflicts: 10/10
External Conflicts: 9.5/10
Conclusion: 10/10

A near perfect game",True,1,6647
I am glad its over,True,1,859
"...You ""talk about your feelings"" to ""increase your relationship level"" to unlock special moves. Master Chief was a husk, a ghost in the shell. What is this My Little Pony?",False,1,4696
Best game ive played in 5+ years,True,1,1851
Best game I have ever played honestly,True,2,1566
"Parry and dodge are broken. Probably for keyboard, don't know about controller (and can't care less about it). Zero problems with keyboard & mouse with all Dark Souls series and many souls-like, so there is no justification for this broken state - especially after all this time since release. Can't recommend.",False,2,1326
"If are feeling WHOOO then you should play this game, then you will feel WHEEEEEE",True,3,4491
"Really pretty game, with tremendous graphics, soundtrack and cutscenes, but the combat system is just atrociously awful.

I can't play this game anymore. It's infuriating that the combat system is based on 1 button with pixel perfect precision.

This is absolutely unacceptable for a game that was acclaimed as it was, and won the awards that it won.

The game can have the best story in the world, but if it's not fun to play, why even bother to play it?",False,1,786
"Amazing Graphics, Amazing Story & Great Sound Tracks. Beautiful Linear open world game. I Enjoyed everything except boss fights. The 2nd & 3rd one was fun but after that the rest got extremely difficult even on easy mode. Mid game & end makes sense obviously but very early in the game, it just got not fun to do. Fights were cool though. Played with a controller & felt more natural. No Bugs, No Crashes but very few visual glitches. I'd recommend this game. 9/10.",True,1,853
"I was hesitant to try it as I am not into Turn based games, but this Turn based combat system with parry is so much fun.

Star of the show is Story and music, I never felt more invested in any story ever before in a video game.",True,1,468
"Clair Obscur: Expedition 33 Is a Masterpiece That Redefines What Games Can Be

Every once in a generation, a game comes along that reminds us why we fell in love with gaming in the first place. Clair Obscur: Expedition 33 is that game.

Calling it ""excellent"" feels inadequate. Calling it a ""masterpiece"" somehow undersells what Sandfall Interactive has achieved. This isn't just one of the best RPGs of recent years it's the kind of experience that makes you question whether other games have been trying hard enough.

From the moment the first notes of the soundtrack begin to play, Clair Obscur: Expedition 33 grabs hold of your soul and refuses to let go. Its world is breathtakingly beautiful, blending dark fantasy, surrealism, and Belle Époque inspired artistry into something that feels completely unique. Every environment looks like a painting that somehow came to life. Every scene could be framed and hung in a museum.

Then there's the story.

Most games tell a story. Clair Obscur: Expedition 33 delivers an emotional assault. It doesn't simply entertain—it devastates, inspires, and lingers in your mind long after the credits roll. The characters aren't just companions; they become people you genuinely care about. Their struggles, hopes, and sacrifices hit with a force rarely seen in any medium, let alone video games.

And the combat? Somehow, it manages to take the best elements of classic turn-based RPGs and inject them with enough adrenaline to make your heart race. Every battle feels meaningful. Every dodge, parry, and perfectly timed counterattack transforms encounters into a thrilling dance between strategy and skill. It's as if someone took the tactical brilliance of the greatest JRPGs ever made and fused it with the intensity of an action game.

The soundtrack deserves its own standing ovation. It doesn't accompany the experience—it elevates it. Every track feels handcrafted to maximize emotion, whether you're exploring a mysterious landscape, facing impossible odds, or witnessing a heartbreaking story moment. There are songs here that deserve to be remembered among the greatest pieces of music ever written for a video game.

What's most astonishing is that this comes from a relatively new studio. Many AAA developers with budgets ten times larger would struggle to create something with even half the creativity, passion, and artistic vision on display here. Clair Obscur: Expedition 33 feels like a game created by people who genuinely love the medium and wanted to prove that video games can still surprise us.

This is not merely a Game of the Year contender. It's a once-in-a-decade RPG. It's the kind of title people will reference years from now when discussing the greatest games of its era. It's the reason people buy gaming hardware. It's the game you'll recommend to friends, strangers, family members, and probably your mail carrier.

If you have even the slightest appreciation for storytelling, music, world-building, art direction, or RPG combat, you owe it to yourself to experience Clair Obscur: Expedition 33.

A perfect score doesn't feel high enough.

Rating: 12/10

Not because mathematics failed, but because Clair Obscur: Expedition 33 broke the scale.",True,1,1852
Beautiful game,True,1,809
me gusta mucho,True,1,262
"Абсолютное кино
Никогда так не хотелось поставить сюжету 10/10
С геймплейной стороны однако может зайти не всем
В остальном пик...",True,1,1452
"i pirated this game, then i decided to buy it despite beating it already.

this is an art piece",True,1,528
pure,True,1,2314
"[h2]An Unexpected Turn-Based Masterpiece :D[/h2]

Finally should have done this long back, but yep, I loved it! At first, I was like, ""Turn-based RPG?"" because the only turn-based games I'd played were that one Yakuza game and a little bit of Persona. But later on, I got so invested in the game, haha! 

The story is really good :3, filled with great plot twists, and the music is just great. I definitely didn't expect the way Act 1 ends, lol. Also, there are 2 endings to see, so good luck! 

[i]Definitely worth a play, you should definitely try it! :D[/i]",True,3,3479
incredible game,True,1,4570
A must play game. Im not even into turn based games but this one is a masterpiece. Absolute cinema ending !,True,1,2122
10/10 No doubt. Good story. Good gameplay. Fair difficulty.,True,1,3039
Loved it.,True,1,2725
"I went in as a hater,   left as a lover. This game was ♥♥♥♥♥♥♥ awesome lmao",True,1,3370
Just amazing,True,2,8483
A must play for any turn based fan or any fan of video games. Beautifully crafted story with characters that make you feel like you are part of the world.,True,1,365
.,True,1,2586
"I haven’t beaten the game yet and am currently at lvl 25, but I still wanted to write a review. Story-rich doesn’t even begin to describe how deep the lore goes. The graphics are amazing. The combat mechanics are fun and rewarding. I haven’t played an RPG this good in a long time.",True,1,2089
"50 hours in and I’m completely hooked. The story pulls you right in, the gameplay loop is super satisfying, and the world design is absolutely stunning. Also the optimization really good! ez a 10/10 recommendation",True,3,3130
I goon to the sound track.,True,2,4543
My first and probably only turned based game I actually like. Music is phenomenal as well.,True,1,275
Believe the hype this thing slaps,True,1,1158
gud gaem,True,1,213
"If you ignore how obnoxiously french the whole thing is, it's a pretty strong contender for game of the decade",True,1,7449
"This is possibly one of the best games to come out in the last 10 years.

That’s quite a bold statement, but for me, this game deserves all the praise it’s getting.

The story is simply superb. You get hooked within the first 10–15 minutes. The writing is amazing, and the world-building is coherent, detailed, and incredibly rich.

Gameplay is classic JRPG-style turn-based combat with some nice twists that keep you engaged at all times. Even on the hardest difficulty, it’s quite manageable for most of the game, but towards the end, you really need to master the build system and all the battle mechanics to be able to defeat the extra final bosses.

And the graphics… this game is absolutely gorgeous. It’s a game you really want to experience in the highest quality possible.

The soundtrack is also something special that I still find myself listening to in my day-to-day life. Sound effects are on point.

Even after getting all the achievements, I still wanted to 100% it and check out all the extra fights, items, lore, and cutscenes. That’s how much the game kept me engaged.

Regarding negative points, there are a few, but they are mostly nitpicks. Some cutscene animations, particularly eye positioning, can feel slightly off and take away a bit of immersion. I also notice some reused running animations between characters (for example, a male character using the same running animation as a female one).

Nevertheless, it was a privilege to experience this game :)",True,1,5393
"I finished my first playthrough recently, and honestly, I didn’t expect to get this invested in the game. I knew it was good, but I didn’t expect to become this immersed in the world and characters, especially considering that I normally don’t care much about turn-based games. The combat completely won me over, mainly because of the parry and dodge mechanics. They make it much more interactive than a traditional turn-based system, and as someone who really likes Sekiro and Souls-like games, it clicked with me immediately. You’re not just sitting there waiting for your turn, you actually have to pay attention and react to what the enemy is doing. The build system is also really fun once you understand how everything works, and by the end I was having a great time experimenting with different builds. I played on Expert and found the difficulty pretty well balanced. At first I expected it to be much harder, but eventually I actually started feeling overpowered once I figured out the systems.

The story is probably my favorite part. It hooked me almost immediately and made me genuinely care about what would happen to the characters. Maelle, Verso, Renoir and Simon were probably my favorites, with Renoir being the one I liked the most story-wise. The game is also insanely cinematic. Some of the cutscenes genuinely felt like I was watching a movie, and the presentation is just fantastic overall. I went with [spoiler] Verso’s [/spoiler] ending on my first playthrough and really liked it. I also checked out the other ending afterwards, but personally I think [spoiler] Verso’s [/spoiler] is better and feels more mature. The visuals are another huge highlight. I’m normally not someone who takes many screenshots, but I couldn’t stop myself here. And somehow, despite how good everything looks, the game is also really well optimized. I played for around 120 hours and didn’t encounter a single bug. Considering that this was made by a relatively small team and is essentially their first game of this scale, that’s honestly crazy. Winning GOTY 2025 feels completely deserved to me.

Of course, it’s not perfect. Some bosses were just not my thing. Chromatic Lampmaster has way too much HP and I absolutely hated the lamp mechanic, while Osquio had the Barbapapa mechanic and took me around 20 minutes to kill. Maybe I was underleveled, so I’m not completely sure about the HP, but that was way too long for me. I’m also not a fan of bosses that spend most of the fight summoning other enemies, which is why Clea and Clea Unleashed didn’t really click with me either, although I liked those fights much more from a lore perspective. I also think the semi-open-world approach was a bit of a mistake. There aren’t that many meaningful optional locations, and some places basically exist just to give you a music record. The flying ability comes pretty late too, despite making travelling around the world much more convenient. Personally, I think the game would have been better as a more linear experience with larger and more interconnected areas, something closer to DS3 or BB.

The 9,999 damage cap before [spoiler] killing the Paintress [/spoiler] is another thing I really disliked. I understand why they needed some way to stop players from becoming ridiculously strong too early, but I think there were better solutions. They could have spread the strongest Pictos throughout the later parts of the game or simply made the cap much higher and balanced boss HP around it. Reaching 9,999 damage is actually pretty easy once you understand the build system, so the cap ends up limiting build variety more than I think it should. The side quests are also pretty forgettable, but honestly, that didn’t bother me too much because the main story and characters are much more important to me.

Despite all of that, I had an amazing time with it. It managed to make me enjoy a genre I normally have almost no interest in, and that alone says a lot. The combat feels great, the story kept me invested, the characters are memorable, the soundtrack and visuals are fantastic, and the whole thing has an atmosphere that really pulled me in. Seeing what such a relatively small team managed to accomplish with essentially their first game of this scale makes it even more impressive. There are definitely things I’d like to see them improve in their next game, especially the world design, some boss mechanics and the damage progression, but the foundation is already incredibly strong.

For me, it’s a solid 9/10.",True,2,7644
"I won't repeat what everyone already knows—that it's a wonderful game with great graphics, story, music, and so on. To be completely honest, I absolutely loved this game, but I also get why some people might not. At the end of the day, it all comes down to personal opinion.

If you're wondering whether Clair Obscur: Expedition 33 is worth playing, my advice is to buy it, play for about 1 hour and 20 minutes, and use that time to decide if you want to keep going or ask for a refund (just remember that Steam's refund limit is 2 hours of playtime). I personally adored this game, but if you don't want to deal with spending money, risking not liking it, and leaving it sitting in your Steam library, watching a video about it is definitely your best bet.

Most importantly: keep in mind that this game isn't for everyone. However, the majority of people who played it—including me—loved it. As for my final verdict, I'm pretty sure you already know what I'm going to say 😉👍",True,0,5693
"Oui, un jeu absolument génial!",True,2,2912
Refreshing turn based system. Great story and amazing music.,True,1,2117
"Wow. Just wow. An incredible game. The quality and calibre of what feels like every detail is just astounding. I didn't think the combat would hook me but it was actually quite good, but I most liked the story. Play it, but know when it's time to stop painting.",True,1,4223
"For those who come after :
Music, story, cinematics, gameplay, decors, this game nailed everything. 

One of the games you have to play once in your life.",True,1,7654
"Already top-notch game 20 hours in, great voice acting and very very strong story and incredibly well produced and impactful music. Already hooked, fun gameplay, awesome styling and battle dynamics for a western JRPG",True,1,1332
for those who come after,True,1,1221
"If you like baldur's gate, skyrim and witcher, even persona 5 don't get it. It's nothing like these games. It's not a sandbox and the turn-based combat has live action qte sequences, which makes it not really a fight focused on strategy, more you reflexes and your keyboard not lagging even a second. It was supposed to be story-rich but the story is being fed to us in very small portions. There is no lore content, no books, notes, interactions with the world. It's like they are leading you on a string from one fight to another. It's boring really.",False,5,467
The best game I have ever played and my favorite game of all time. I haven't been able to stop thinking about it since I beat it.,True,1,6767
"I installed windows specifically for this game so i could at least run it on 50-60 fps in combat on low. The gameplay and story are like perfect, but sadly it's on unfinished engine 5 so it gets negative points for that. 8/10 for the atrocious optimization. If it was on some normal engine, it would easily be 10/10",True,1,4995
"I dislike controllers, and was pretty shocked at how well the game runs on keyboard and mouse. Very smooth and easy to understand. Hand friendly :)",True,1,45
"Best RPG in years, One of my all time favorites in the genre,",True,2,5845
I'm not crying you're crying,True,1,4163
The greatest game I've ever played for the last 5-10 years.,True,1,2321
"I hadn't really played the JRPG-style turn-based combat before but usually enjoy other turn-based like Baldur's Gate, and so I thought this would be a great way to see if its a genre I want to check out further; unfortunately I think especially when combined with everything that comes with the ""souls-like"" label I found the core gameplay to be deeply enjoyable. Hitting your combos and timing is still very satisfying, so I see the appeal for others, its just definitely not for me.

Not liking the combat caused me to avoid exploration, which often drew you into additional fights, and I feel like that likely left me more confused and disengaged from the story than I otherwise would have been.",False,0,686
I've play this game on Xbox for way more that my 5 hours on Steam. So I can say this deserves game of the year. For those who come after!,True,1,343
"One word... The GOAT!!! and no one can tell me otherwise. Everything was perfect, gameplay, stories, especially soundtracks and visual, they are stunning. I give the game 100/10, god's creation for humanity. 
 I was reluctant at first since I played RPG games like Dragon Age Inquisition and AC series, I have some expectations. But once I started playing this AMAZING Piece of IMMACULATENESS, I realized my bar for satisfaction is so low. I was crying in awe as I've never played the game that is so perfect.",True,1,1828
"A great mix between FF15 and Elden Ring, with an amazing story and worldbuilding I haven't seen in a long time in games.",True,2,1185
"I couldn't warm up to the combat mechanics and really dislike how it revolves around parrying. I was also really surprised how bad the Game ran on my relatively good system, forcing me to put the Graphics down to Medium with FSR enabled to reach 60-70fps, which still felt really choppy, especially in the open world. DLSS Felt even worse.",False,3,107
"32 hours played edit.

I actually like the fighting and so. I'm still terrible with it, especially parrying (barely surviving on ""Expeditioner"" = ""Normal"" difficulty).  I'm still enjoying the game, even on NG+1 with full knowledge of the story.  This game is just masterpiece.

-----------

TL;DR: 
It is not the best game ever made, gameplay (fights, interactions) is it's weakest part, but it excels surely in what it does mainly. You don't play this game for XPs, weapons or fights, but for the people - characters, the story, art-like world or the depth. If story or characters did not impress you, the game overall won't either. Although not impressing you will be really hard.

If you know games like GTA: San Andreas, Minecraft, Portal or Baldur's Gate 3 - iconic, some artistic, unique. This one belongs here too.

---------------------------------------

Strongly recommended to at least try the game! I never played JRPGs before and my only RPGs played ever before this game are Baldur's Gate 3 and Kingdom Come: Deliverance II, so my opinion might be based on the lack of comparison.

 <<< No spoilers here and kinda long text, sorry :) >>>

At first, not impressed. Yeah the music was nice, but I didn't pay attention much, the surroundings were fine, kind of realistic a bit, well it's another 2025 game. Moving the character and gameplay overall felt clunky and cheap, guess I'm spoiled from KCD2 or GTA games? I've played until after some annual event at harbour happened, which is not much (20-30 mins playthrough). Then I just left the game for a week or two, until I got some mood to try it again and then ... BANG!

The OST is incredible, the story ..... you must see it for yourself. It might not impress you immediately, but they do act well ... perfectly. You start to have feelings for the characters gradually, they all have some identity, it's not just another ""healer, tank, archer"", but ""[mysetrious name], [mysetrious name 2], [mysetrious name 3]"". And you will remember them. And then Act I ends and you end up with your jaw on the floor. And then ... you can't just stop playing till the end. Every Act ending will devastate you, as well as the last choice you will ever make, and then the ending. My jaw is not on the floor, but drilled it's way into Earth's core.

Graphics is stunning and many times you might just stop and take screenshot, because it's just pure art. Although there are reserves, such as some effects (e.g. waterfalls) looking pretty ""cheap"" and not really realistic at all, but hey, I don't care about that, since the rest is just pure art. Clair-Obscur isn't just some random game name, it's an art-style and the game is made by that. And that's fascinating, because nowadays, nobody does this, they just make the best grahpics possible and done. And here, they've done art. So even though it's not most realistic and top-tier grahpics of all time, I still love it. Then there are some inner jokes and memes.

It's not the best game ever made. Gameplay felt clunky at first and basically till the end. I kinda disliked how you move your character, how there are ""invisible walls"" in the world and you just can't jump past something. But it is not tragedy, I mean nothing is perfect. Overworld surprised me, I thought the camera broke being so far away and it's some bug but ... it's another in-depth thing you will realize in time (tribute to older JRPG games). Then there are fights, which with exploring (walking) is basically most of the thing you do in the game (I'm not ommiting story, NPC interactions, collecting weapons, ...!). Turn based combat is fine, however I hated parry/dodge at first and I'm not fond of it even now. It seems obvious to me that dodging enemy's attack's is basically the core of how to win a fight, not much other options.

Starting fights seems funny too, you go to the ONE enemy, start a fight, and somehow you fight with TWO or THREE. Also you randomly appear somewhere else. Or you get close to the enemy but do not start the fight, then they will be just blindly following you until you get too far from then. And then, even after the fight, if you get too far from the place you fighted, the enemy respawns like nothing happened. Also if you just shoot your enemy (out of fight), nothing happens. And then, I'm travelling with some number of expeditioners, but I can fight with only three? And the rest does what, watches them with popcorn? What happened to logic? Ofc it all might be just another ""intended"" things and features, but it still makes a little sense to me here.

As I told you before, I don't care about these flaws, like I don't care about car blowing up every time it's upside down in GTA games. It is just like that, mostly because someone had a decision to make - invest more time to story and game art, or more realistic battles? They made the first choice.

And they made it very very very very right. It's like someone had vision and just done 330% effort into making it true. You don't play for XPs and best gameplay mechanics, but for the art, for [name], [name] or [name].",True,2,1977
"The game story was interesting, and I liked the twist. However, this game helped me discover that turn-based soulslike combat is absolutely not for me, and by the time I got to act three is just wanted it to be over. 

Act 1: Extremely compelling
Act 2: Somewhat mid. Could have ended here and been a short but compelling story. 
Act 3: End me now. For masochists only.  I am sure I missed a ton of content because I was tired of mashing buttons.",False,2,3569
Top,True,1,3554
