review,recommended,helpful_or_not,playtime_at_review
This game makes you wants to  jump off a bridge come back and jump off again like poor skill base matchmaking all these character needs to get rebalanced and these mfs on here don't make the game fun no more like if these MFS ever rebalance these character ill reconsider but as of now ♥♥♥♥ this game all the way to the deep part of hell,False,0,5295
Lucio,True,0,102456
this game pushes you to the edge a little too far for comfort,True,0,59820
Junker Queen,True,0,334
"The game is fine but forced camera angles and the disconnect system are unacceptable

The game is just fine but it suffers from frustrating design choices and technical issues that ruin the experience.

First of all the spectator system and character designs force unwanted content on players. The moment you die the camera automatically forces you to spectate teammates. What is infuriating is that the system blatantly prioritizes female characters like Mercy or Kiriko with overly sexualized designs while almost never switching to male heroes.

Maybe the majority of players enjoy looking at these models but there is a minority of us who just want to play with friends without being forced to see this content. To make matters worse there is zero customization in the settings to disable auto spectating or hide these sexualized character models.

Second is the major technical flaw in the disconnection and penalty system. If your internet stutters for just a single second the game immediately kicks you out completely. Reconnecting takes so much time that you end up getting slapped with an unfair match ban.

Why is the system so unforgiving? In other games like CSGO a brief internet drop does not throw you out of the game entirely. You stay in the match and resume playing immediately once the connection stabilizes within seconds. Why is there such a massive punishing difference in Overwatch 2?

These issues need immediate attention and developers must add proper settings and toggles that respect players time and preferences.
I think no one cares about my opinion, and that's completely normal as long as I'm in the right.",False,0,103484
gay,False,2,21003
i like this game but not the community,True,0,15204
"Haven't played ranked yet, so this game is fun!!!!",True,0,2486
It's Overwatch,True,0,235
fun,True,0,139
BUFF GENJI,True,1,6452
ggs ez,True,0,3457
its sweet and sour at the same time,True,0,15512
people only use the same two damn tanks,False,1,2465
k/;',False,1,12385
NO,False,0,15918
those europeans are annyoing,False,0,11559
Worst game ever made by the worst gaming company ever,False,0,402
This game is extremely fun,True,0,195
is godd but gooner game lowk,True,0,294
Trying too hard to make the game snowflake friendly.,False,0,606
very goonable,True,0,6772
"Good PVP game. Good abilities, interesting lore for the most part. Awful servers. You can and will get suspended or even banned for the game D/Cing you when you have perfect internet. The only reason the game is doing well is because Marvel Rivals challenged their top spot so they actually had to put in effort. I have met a lot of friends and will continue to play this ♥♥♥♥ ass game but if you're considering getting into it, don't.
Owned by Blizzard who is owned by Microsoft. Microsoft has cut significant funding to them which has caused them to have to fire a lot of their staff.",False,0,56719
"This game is not free, every match, every death, every ult, and every hero will cost you pieces of your sanity until you have nothing left.",False,0,6825
"my fav fps game, i love u overwatch <3",False,0,5669
melhor do que ficar scrollando rede social,True,0,1804
"theres a cat now, so thats really cool",True,0,38822
Feels like a full game unlike a lot of free things out there.,True,0,979
Team bad,False,0,2396
its doesnt run because my phone number is prepaid (my country only has prepaid numbers) now i hate the game and the whole company behind it,False,0,57
its good,True,0,1523
Ta bueno,True,3,12965
ahhhhhhhh,False,0,639
"Overwatch is still one of the smoothest and most enjoyable competitive games I’ve played.

The optimization is excellent. The game runs incredibly smoothly even on lower-end hardware, while still looking great. The gameplay is fast-paced, matches usually don’t take too long, and there’s very little downtime, so it’s very easy to jump in for a few games without committing an entire evening.

Competitive mode is intense and genuinely competitive. The ranking system does a pretty good job of creating close and challenging matches, and climbing the ranks can be extremely satisfying.

Quick Play is surprisingly fun as well. A lot of players still take it seriously, so it sometimes feels like Competitive mode for people who just want to escape Competitive for a while.

The character skins are also excellent. Blizzard does a great job keeping the designs consistent with each hero’s personality and overall theme instead of simply throwing random cosmetics into the game.

Gameplay mechanics are generally well balanced considering how many heroes, abilities, counters, maps, and team compositions exist. Obviously, perfect balance is impossible in a game like this, but overall it feels surprisingly well managed.

Blizzard’s punishment system is also pretty strict when it comes to players who break the rules, leave games, or behave badly. Personally, I think that helps keep the experience healthier.

The community is actually pretty good too, especially compared with many other competitive online games. Of course there are toxic players occasionally, but overall my experience with the player base has been very positive.

And somehow, after all this time, I still haven’t encountered an obvious hacker. That alone deserves some credit.

Another big reason the game stays fresh is the constant introduction of new heroes. New characters, abilities, and team compositions keep changing how the game plays, so it rarely feels boring. This year in particular has been great in that regard.

Although Blizzard... maybe give Support players a little more love next time? Haha.

There are still a few things I don’t like.

The biggest problem is that there are simply too many game modes. Arcade especially feels overcrowded with different modes, which spreads the player base too thin instead of concentrating players into a few strong playlists.

The other issue is that the game still seems unable to fully decide whether it wants to be 5v5 or 6v6. Supporting both formats sounds good in theory, but in practice it divides the matchmaking population even further. When the player base is already smaller than it used to be, splitting players between two major formats can make matchmaking feel unnecessarily fragmented.

Overall, though, Overwatch remains incredibly fun, polished, competitive, and easy to keep coming back to. Very few games manage to combine fast gameplay, strong hero design, good optimization, competitive depth, and this much variety as well as Overwatch does.",True,1,22588
"I miss you, Overwatch 1.",False,0,5472
awful matchmaking get ready to have 2 and 12 dps in diamond rank,False,0,93570
"Really good game at its base, but developers try their best to make it worse at every turn.

The good:
1. Perfect sound design and soundmaster.
Never ever have I found a PvP game that gets this as good as OW; I get about 50% of my info through sound. Especially compared to Marvel rivals, it's night and day

2. Beautiful character and map design.
The characters have unique visuals and stories, the same with the maps. It does this while keeping competitive integrity. 

3. Hero designs are fun but are still mostly fair to play against.

The bad:

1. 5v5: As an OG, 5v5 is a clear downgrade in team play, and while you have the option to play 6v6, it gets held back by all the global systems still in place for the 5v5 mode.

2. Monetization: Horrendously overpriced skins and a price structure that does not make sense at all: A 10€ Battle Pass gets you like 8 skins and a mythic skin (80€ on its own). At the same time, they want to sell you worse mythics or ultra skins for 40€. Luckily, if you don't care about skins, all the other actual content is free. The saving grace here is the free loot boxes that can give you skins from last year for free.

3. Ranked: Ranked is actually really good at making balanced matches and putting you in the right elo. But there is no reward for actually being good. All the reward is just for playtime. Even the top 500 leaderboard is just the list of players that play the most, not the ones that are the highest ranked.

Comparison to Marvel rivals:
If you are looking for a competitive game, Overwatch is the clear winner; the ranked mode is far more balanced and closer to a balanced Elo system, is way more readable and has better net code.  For a more casual game, OW is more readable, but Rivals offers more content in the same timeframe, so you can pick what you like more. If you like more story in games, I think Rivals is way better since they have all the comics.
In terms of monetization, I think it's about the same since rivals force you to gamble for some skins, which is always going to be scummy. Overwatch also runs about twice as well on my overkill PC and runs a lot better on older machines.

Overall, I recommend Overwatch. Even if it gets held back by most of the stuff they introduced in OW2. But just because it's worse than the original game does not mean it's bad, its still good. Don't let the mixed reviews fool you, it's mostly people rightfully wishing back the old times.",True,0,67071
"It is not yet perfect, but I wish this game will grow once again! Matchmaking in Casual thou is too unbalance",True,0,1013
good game,True,0,3118
gold people will stay ♥♥♥♥♥♥♥ forever.,True,0,10579
"the game is full of a bunch of pizza faced monkey creatures that think they are god-tier mechanical freaks who possess the intellectual prowess of ♥♥♥♥♥♥♥ socrates, and in reality they are running it down mid; if you want to ♥♥♥, this will make you want to hurt someone else instead",False,0,6691
worst hero shooter ever. every ranked game is like shoving a needle with aids (and herpes) in your body and then having to get multiple females to kiss you,False,0,3266
zenyatta,True,0,14106
no,False,0,40804
vance diddynucci sucks at genji,True,0,2496
i like playing with my friends,True,0,278
zbeeeeeeeeeeeeeeeeeeeeeeeeeeeeeeeeeeeeeeeeeeeeeeeee,True,0,1158
game pisses me off but its very good,True,0,1305
this game ruined my life i have over 1000 hours on it,False,0,61023
♥♥♥♥ matchmaking,False,0,8139
LITERAL BRAIN ROT ADDICTION,False,0,79393
"I love this game. ♥♥♥♥♥♥♥ ♥♥♥♥♥♥♥ players every game. Dps, tank, and healers are just god awful and never touched a kbm in their life. I hope the devs die. I switched from marvel rivals back to overwatch after 2 years and i came back to a bunch of ♥♥♥♥♥♥♥ egirls every game. And nerf genji.",False,0,28269
good,True,0,1083
Pretty Solid,True,0,761
I love game,True,0,2863
vomit,False,0,464
This game wants me to rip my eyeballs out of my head.  I hate this game so much I would rather go to aushwitz then play this game everyday.   I get the worst teammates every game worst matchmaking ever ♥♥♥♥ this ♥♥♥♥♥♥♥ game.  If you see ricerolls review he is completely lying this game is ♥♥♥♥♥♥♥.,False,0,5798
this game makes me wanna gouge my eye balls out,False,0,300
great game to play with friends that has consistent updates (just don't play competitive),True,0,217
my head,True,0,1293
Yes,True,0,214
I never seen a game foster such a toxic community.,False,0,18404
I like that one emote,True,0,7561
no,False,0,3081
"I started playing overwatch during 2016, and truly it was an amazing game with the power balancing and how little there was to have to comprehend without all the different voicelines and AOE attack; but now it seems as I've come back to Overwatch none of those skills matter anymore.

Now, I understand wanting to add onto your game and add characters. That's completely fine and some of these new characters I actually enjoy. I.E. I enjoyed playing Doctrine during his beta stage and got some of my best plays lately with him, I'm not hating on that. As a write, however, it upsets me knowing that Overwatch is turning into a cash grab with all these bikini skins and other oversexualized and complete character changing skins (widowmaker, anran, juno, kirko, vendetta) instead of writing more of their lore. Personally I find this to be 'Gooner-Material.' If you listen to Mcree voicelines, Domina voicelines, and Rammatra voicelines you definitely hear how some of these can be labled 'gooner-material', but that's just an opinion.

All in all, I don't reccomend this game for someone with slow processing, maybe I would have back in 2016-2017 but now? I can hardly comprehend anything, and it makes my game lag so much I have to play Moira and Mercy because I cannot aim with this ping I get. My computer isn't even that bad.",False,0,12409
"Im new gen, so all the history of overwatch has been something I had to learn recently. I cant really express bad feeling about it because my first 24 hours in the game have felt pretty enjoyable. So good on overwatch, dont do more awful mistakes!",True,0,1492
i do,True,0,11855
imbouttocum,True,0,4029
"Removed DPS Doomfist, added insane amount of cash grab, insert random OC from a developer without any proper character building, makes her solo the most feared man of the World who yields the strongest weapon in a minute. Seems about right.",False,0,9851
better than Racist rivals,True,0,1306
This game is still as fun as ever even after all of these years,True,0,6882
"The ranked the experience is abysmal. Match making is terrible, the community is Unbearable,",False,0,37781
"Absolutely horrid, my husband hates it.",False,0,5323
no go outside,False,1,66652
ur better off doing anything else w/ ur ime,False,1,378
♥♥♥♥ sierra,True,0,8680
this game has ♥♥♥♥♥♥ my chud life... it even made me get a job,False,1,549
DO NOT PLAY THIS GAME,False,0,56660
"I mean it is really fun, super excited that the game is available on linux. I imagine this is what a MOBA feels like, I have never played one. It is a very clever idea to make this game",True,1,3428
LMFAOOOOOOOOOOOOOOOOOOOOOOOOOOOOOOOOOOOOOOOOOOOOOOOOOOOOOOOOOOOOOOOOOOOOOOOOOOOOOOOOOOOOOOOOOOOOO,False,0,289
yup,True,1,333
you can actually die in this game unlike marvel rivals,True,1,1357
Best game to play for fun,True,1,4657
BAD,False,0,30519
"It's very clear that this is different from the old Overwatch, but there are some good game modes to mix things up with the semi-classic roster. The events and skins aren't so great, and the PvE missions are paywalled, but the main premise of the game was to be a hero shooter and it excels at that.

Stadium mode is like normal mode, except there are multiple rounds and you have a limited roster. You can pick augments/loadouts that change how your character plays and rewards you for playing them well.

Overwatch is entertaining to play and is a decent time waster.",True,0,5182
I LOVE OVERWATCH!!!!!!!!!!!!!!!!!!!!!!!!!!!,True,1,33972
Game is fun at time's.,True,0,98480
"I hate this game get it off steam please, its so bad once you install it you will have this virus till you die, do not install it for your own sanity",True,0,24
I liked it. I'm new to pc and this helped me learn more thru multiplayer.,True,0,661
remove hazard,False,0,18004
very fun [raging] lots of sweats,True,0,596
very slay game. that is until MY ENTIRE ♥♥♥♥♥♥♥ TEAM DECIDES ITS A HREAT IDEA TO RUN STRAIGHT INTO THEIR TEAM ONE AT A ♥♥♥♥♥♥♥ TIME.,True,0,11241
this game makes me not feel good,True,1,4487
bad,False,0,9892
this game has shortened my lifespan,False,2,30858
Great game always played this game since it came out but recently put it in steam they only need to delete sombra tho to op,True,0,958
dont do it,False,1,281
Requires you to make a battle.net account which requires a phone number and then proceeds to not accept my phone number. Also maxes out CPU when on Linux.,False,1,39
It's uh.... a game. It really is. Fun! Fun sometimes. Good character design. But it just... some bad updates. yeah.,True,0,37255
nice,True,0,2031
decent game its pretty addictive so watch out,True,0,8301
its good,True,0,6665
Great game when i play sigma i here voices in my head and when i play ramatra EVERY ONE SUFFERS AS I HAVE.,True,0,8552
"had one bad match

never wanna play again",False,1,1828
This game is well optimized but jesus christ is it extremely unfun,False,1,12
worst game ive ever played wont ever be playing again,False,1,7375
fun,True,0,1353
Very bad quality of life and skins that are all worse than the default models because of zero colour coordination with the effects despite being their only monetisation strategy and already somewhat overpriced they cannot be asked to just change a few colour values to make them not actively ugly unless you pay like 40 dollars for some pretty neon slop.,False,1,20245
Only masochists play this ♥♥♥♥♥♥♥ game do not install thsi if you value ur sanity,True,0,3319
Dont play this game,False,1,3885
its ♥♥♥♥ game tbh,True,0,7154
"I'm actually impressed of how this game has survied throughout the years.
It's still worthy to play it nowadays.",True,0,5835
retarded teammates,False,0,6574
good game,True,0,1918
i found my fighting for life in this game was what ive been missing,True,0,1003
E,True,0,282
Holy Ass,False,0,10145
nerf genji,True,0,16072
i can never tell what's going on because of all the effects covering my screen and i have yet to have fun but at least i have a way to consistently spend time with my friends,False,1,20859
Not Good enough,True,0,11362
bro i need a job,True,0,1403
Would rather get 5 different STDs :),False,1,2095
ass game,True,0,1785
decent,True,0,352
good,True,0,4699
Is geil.,True,0,24396
dont play this game,True,0,14994
I play this game so much i hate it,True,0,6693
hi,True,0,15155
just slop gets worse every year ever since ow2 started,False,0,8158
No,False,0,29409
"Played for over 2k hours from 2016-2021. Came back and, it might not be what was promised to us. But what we got now aint half bad either.",True,0,5637
cheese,True,0,13251
No not really!!!!!!!!!,False,0,791
♥♥♥♥♥♥♥ it sucks,False,0,1161
le voy a mandar el gato ese a los de peta,False,0,3415
yes,True,0,15011
yes if you want to end up in a ditch crying after 50 hours of gameplay,True,1,3326
just stay away from anna she bites,True,0,24053
get 240 fps low settings medium quality overall its good except the occasional bad teamates,True,0,3406
fun,True,0,122114
Excellent game,True,0,9433
The finals is better,False,0,11373
Good game able to play with family,True,0,414
fun,True,0,1846
the game is class unless u solo queue,True,0,11383
"Great game, I've played many action shooters, this is different because most games require really good aim because that's all it takes. This game requires you to understand how to play as a team including as a tank and support characters. The characters are well designed for people to pick up and have so much fun.",True,0,6448
"Dont even bother to download this Dogshi*

why on green earth you would ask sms verification just to login seriously? not old account its new account creation.
to make matters worse the sms verification doesnt work at all or its regional for whatever reason

so simply i cant play the game after downloading 70gb, lol",False,0,64
Better then that marvel game!,True,0,8956
expensive,False,1,717
Marvel Rivals Is Better,False,1,1377
this game give me a raging boner i hate im gay and want a refund.,False,1,356
i like,True,0,33258
"Played the original Overwatch on console back in the day and hopped into OW2 on release. Honestly, going back to the roots and focusing on what made the game great in the first place did wonders for it.

A few things that stand out:

[b]Performance is insane:[/b] It runs buttery smooth. Honestly runs better than almost any other shooter out there right now.

[b]The gameplay feels super clean:[/b] The movement and shooting just click right away.

[b]Huge variety:[/b] Almost every hero feels completely different to play, so no matter your playstyle, you’ll definitely find someone that suits you.

It had its rough patches, but right now it’s just genuinely fun again. Definitely worth playing.",True,0,308
very good,True,0,5314
"Just shut this game down; don't release it. I was in the middle of a match when I suddenly lost the server connection, and then—out of nowhere—I got suspended. What a stupid game.",False,2,850
Heals,False,0,18282
GG no heals,False,0,12908
Deadgame in sea,False,0,1936
"Only in overwatch can you be hyper focused down because you clicked on the character everyone in the community has deemed scummy and then get ♥♥♥♥ talked by your own team for not playing well all in the comfort of a casual quick play game. Then when your done be asked to pay over $200 for skins that are ""on sale"" from $1000. Everyone should play this game if not simply to run up server costs.",True,0,14936
"Actually, I have over 250+ hours, but I play on console, and I can say that ranked before Plat is basically a playground so only play ranked once you’ve actually learned how to play if you don’t want to lose your mind with genjis who blame only on the supports, then ult into the entire enemy team the next round like it’s going to make them immortal, and quit because they died. (True story, told by my Silver friends.)",True,0,1715
"Nice game, you just need to have good team mates",True,0,11717
"The best-ever multiplayer game is back and better than ever!

No, I'm not talking about Overwatch 2--I'm talking about the legendary [i]Heroes of the Storm[/i].
The community for that game has persisted through so much, the iconic 6.5/10 IGN review, constant shade from the more established MOBA fanbases, and nearly 6 years of only getting minor bugfixes and small balance patches. When Blizzard announced Esports were cancelled and that HotS was going into maintainance mode just as it seemed the game was really popping off, I was gutted. Thousands of hours of awesome collaboration and competition with my friends, and Blizzard seemed to just abandon the game. How often do you see someone with thousands of hours in a MOBA singing its praises? It's mostly just doomposting from those communities. Anyways, I continued to play the game every once in a while, and it was always a good time, but it doesn't mean it didn't hurt to see Blizzard's gigantic franchises like WoW and Overwatch get all the attention, when HotS, despite its success, just didn't seem to be big enough for Blizzard.

Even before maintainance mode, I always sort of had the feeling that a lot of the heart and soul of Blizzard had been dwindling, but HotS was the sparkle of hope in my mind--the updates always felt so full of passion and love for the rich history and iconic experiences that Blizzard is known for. When they seemingly abandoned the game, I thought all hope was lost. The company I once knew and loved was gone, replaced with a soulless husk that delivers nothing but more mediocre-at-best expansions for WoW, the mostly maligned-by-the-community Overwatch 2, and scandals about the frat-bro SA culture at the company. I put Blizzard behind me, thinking all was lost. 

But come Blizzcon 2026, I could tell something was different. I don't know what it was, but I decided to tune in for the first time in many, many years. I didn't have high hopes for Heroes of the Storm content, but I guess I just decided to watch anyways, at the very least for the other announcements. And boy I'm glad I did. Blizzard, for some unknown reason, decided to START THE SHOW WITH A NEW HERO ANNOUNCEMENT FOR HOTS. Somehow, despite the odds, the man the community dubbed ""The Janitor"" had managed to assemble a team to bring some real honest-to-god new content to the game after all this time. James Yen, as he turned out to be, seems pretty optimistic about HotS being sustainable in the future too, so we'll probably be getting more content in the near future.

On top of some other exciting announcements for WoW, Diablo, and Starcraft, this new announcement rekindled my hope for the company--if Blizzard saw value in reviving this ""dead game"", then anything was possible. I'm cautiously optimistic for the time being, but it feels like Blizzard is finally back on a good track again after having their reputation dragged through the mud. The result of all this is that I ended up purchasing a few things from Blizzard, something I haven't done in years, and I also downloaded and tried Overwatch, having not played since around when Doomfist was released. Honestly--this game is in a wayyyyy better state than it used to be in. The skins are way overpriced, but whatever. The game is fun. I've been having a good time so far.

If you're a fan of Overwatch, but feeling like you've played too much of this game, or just wanna branch out, I encourage you to get the Battle.net launcher and play some Heroes of the Storm. MOBAs can be a pretty intimidating genre, but Heroes of the Storm is by far the best for newcomers--no item shop, short-and-sweet 20-minute matches, and a hero pool which is much easier to familiarize yourself with due to most of them being characters from existing Blizzard properties. It's a great time, and lots of new players are starting now due to the hype, so there hasn't been a better time to start your journey in a long while. 

I hope you have fun, and I'll see you in the Nexus :)",True,1,1863
"It's a money grab, the balancing is so hot garbage, the company is garbage, the community just gets more toxic everyday. The matchmaking my god it's more fun to have teeth pulled. I play because my friends like it but if you don't have people to play with don't even bother touching this trash",False,0,23698
"Overwatch is the greatest game out there, combining fast-paced action, incredible character design, strategic teamwork, and endless replayability into one unforgettable experience. Every hero brings something completely different to the battlefield, making every match feel unique and giving players countless ways to play. From perfectly timed ultimates to insane clutch plays, Overwatch constantly creates those moments that make you want to keep coming back. The game’s amazing visuals, satisfying mechanics, competitive intensity, and huge variety of heroes make it more than just a game—it’s an experience that has earned its place as the greatest game ever made.",True,0,273
YES,True,0,272
there is no better place on earth to meet israeli furries!,True,0,744
good,True,0,195
giood,True,0,577
fun team game.,True,0,3088
"THIS GAME IS GARBAGE! There's a void in me where Paladins was and this game just isn't good enough to fill it. Or rather, it sucks too much to fill it.",False,0,459
addicted,True,0,2805
"woke slop. game was ok for a bit till they started pushing characters like Venture in. but then they made stadium. 1st ruining the character roster for virtue signaling then making a game mode for absolute casuals. the only reason they like that game mode is because people get to auto lock their characters so when it comes time to swap because they are being hard countered or just simply don't operate well with the team comp they cant swap off and cant be held accountable if they drag the whole team down. granted i know its not just one character and i have had that issue myself but i would rather swap than throw the game which stadium doesn't allow. its for total noobs and wouldn't be so bad as one game mode if they didn't have challenges that required that mode. they may have changed it by now but still i just fail to understand why they do things against the players interest, they still never finished campaign, they teased with bringing back 6v6 just to drop it again and its just all around annoying to deal with the changes and having to worry about the next update when they keep flopping this bad on each one",False,0,19725
steam coming out of ears 24/7 in a way that could generate power,False,0,34231
No bueno,False,0,1819
IT CHANGED MY LIFE AND NOT FOR THE BETTER,True,0,1210
Terrible game,False,0,2306
Fun but competitive,True,0,3236
"Fking trash, can’t complain for a free game",False,0,743
no,False,0,276
cancer,False,0,2907
I HATE THIS GAME SO ♥♥♥♥♥♥♥ MUCH,False,0,2979
"I thought it was a trainwreck when OW2 came out; it's even worse now - and the diet Valorant characters are hilarious. 

I cannot believe you people still play this and give Blizz money, wow.",False,0,122
gg fking ez,True,0,677
lol,True,0,889
just dont,False,0,2397
hell,True,0,707
"Very fun game, especially with friends.",True,0,25624
"It's been many years since I last played Overwatch.
I don't know what happened, but something about returning to D.Va and Rein just felt... right.
I missed those guys...",True,0,186
absolutely ♥♥♥♥♥♥♥ dreadful,False,0,60055
Runs like crap,False,0,1113
"Still the same miserable game it was since launch, and they spent the past 3 years catering to the girls and gays. It seems a little better now though with some of the recent heroes and content, now that they have serious competition (Marvel Rivals).",False,0,2114
play it it is fun,True,0,2361
This is going to drive me to substance abuse.,True,0,26792
I hate this game,False,2,10519
"microtransactions of course really suck, but it does have venture so thats pretty awesome",True,0,17370
Piece of sh**,False,1,20334
Servers are ass cant stay connected,False,0,4466
a classic,True,0,736
don't.,False,0,22608
"ive had a more fun experience being boiled and torn limb from limb than i have playing this game for bums, made by bums",False,1,32046
"i cant even play the game, fix your Please enter a post-paid phone number bug, and btw f u guys",False,0,18
Good with friends and the chat firmly off,True,0,3686
Sweatiest game I have ever played. Seriously why are people tryharding in qp constantly.,False,3,10217
"This game is absolutely FULL of woke and gay ♥♥♥♥♥♥♥♥. Like the hairstyles, the colours, the models, the outfits, the aestetics, etc. Overall this is arguably what really puts it past that negative review for me. I just cant get around it, its far to prevelant. That being said lets get to the issues i have with gameplay. 

First of all, some characters have been heavily nerfed and just dont really compete well to the point their ""Enjoyability factor"" gets sucked out of them based on their lack of damage. Tracer is one of the characters that instantly comes to mind, yes you can survive and tag kills, but you are basicly love tapping everything to death, and there is no real kill power in their dps. Its like you are constnatly just tickling the enemy to death. I dont really understand why they did that.

Secondly, the matchmaking system is done by an AI and its extremely obvious that it is, and is done very poorly in a couple of ways. Firstly, lets talk about my journey to get 50 wins for competitive in this game. Out of the 43 wins i got out of 50, atleast 37 of those wins i severely carried HARD. I mean i literally got 35 kills, busting my balls to try to get those wins, while my team was lucky to get 14. The AI matches you based on what it THINKS your performance is in previous games, but how it determines that seems to be souly based on win rate, not any actual skill level or effort you put into each match. I could severely outplay both teams, but because im matched with 4 different crayon eaters, i get forced to continuously get matched with similar people next game because i lost by a hair-length. 

I literally tried to record myself playing these matches for content, and i legitamately noticed the entire time i was just stone faced holding my breath needing to lock in and try my absolute hardest just to compete for those ""wins"" to get to competitive. I literally was trying so hard that sometimes, i would outperform my team by like 90% in all areas, even switching to healer last minute sometimes to get the final push. If you think this is me just exadurating, look at the countless other reviews that say they experienced the same thing.

I never reached the 50 wins to get to compettitive because in all honesty, the game isnt even that great to justify putting in all this effort, i gave up at around 46 wins. I literally just cant stand it anymore. A lot of the other players in this game are also very ego driven, and just want to be the ""star of the show"" and dont actually do objectives or assist their team generally. All they want to do is try to get the most kills. Its a compelte and utter waste of time to try to play competitively in this game.

The after game match screen is rediculously based on trivial and non important factors, besides the kill cam of the game, the rest of it intrisicly holds no value other than voting biasly for people you like. I could literally out perform my teamates in every way, be polite and respectful in chat, and the entire thing, and 90% of the time i dont even make it on the voting screen. Most kills, most DPS, and in some case most healing, and im not even on there lol. Then the times i am, someone votes for a guy who literally does nothing useful the entire match. I can only assume its friends voting for eachother for feels goods. Im not even sure being voted for does anything other than stroke ones ego tbh.

The Skins are atrociously woke and ugly. I found maybe 3 skins in the entire game i looked from half of them that were actually cool looking, and they would have cost me like 60$ to buy if i didnt want to ""hope to get lucky"" in the ""free loot boxes."" The free system is really not that good. The quests are not even able to efficiently or clearly state what the objectives are, where to complete them, or what they actually mean. As a new player i literally found myself googling what they were, and how to navigate myself to that match type in order to complete them. I really dont understand why they dont simply have a click option on these quests that brings you to the game type you need to play. Would that really have been so hard? The loot in the lootboxes themselves are.. well generally there filled with spray paints, and voiceliens i literally never used once in my entire 27.8 hours of playing the game. In other words the boxers are 99% filler, and 1% something that might be cool.

The prices for gambling on this game are abysmal. They are like gatcha levels of bad. I really dont know why anyone in their right mind would pay the price of a new graphics card for ugly unlocks in this game. I cant even feel sorry for anyone that tried. Yes I am clearly very salty about cosmetics, since arguable what other chase item is there in this game. No one gives a F if your good or have a good rating. So what else is there?

Overall the gamplay would actually be fine, but the queing system, the ranking system, the aestetic choice, a lot of the cosmetic design, and the AI that decides your place in the game are all very flawed. The gay aestetic was really such a huge turn off for me.. seriously cant reccomend this game to anybody.",False,0,1667
"Its terrible, either you get teams who have no idea how to actually play the game or cheaters. there is no in between",False,0,489
its good and worth it,True,0,237
"the balancing in this game has got to be some of the worst ♥♥♥♥ ever. they keep adding heroes that are either way to op or are made for absolute babies to play. the dev team is doing absolutely nothing to fix any of it and i hate them,",False,0,9300
"only play with friends, just don't get into this game",False,0,6246
this game will have you addicted to the gameplay at first it has a wide variety of characters and play styles but but but eventually after just 2 games you'll want to uninstall in minecraft,True,0,135
"Everything is way too flashy there is next to no visual clarity when in fights, Even turning down effects to low/medium I genuinely cannot see what is going on 90% of the time. Most tanks seem to double as better DPS's. I remember hearing about the OG overwatch a lot and that it was a decent game, hop on overwatch 2 and it just be incredibly disappointing and a time waste. I wouldn't recommend playing this game unless you have a genuine vested interest in the genre or overwatch itself.",False,0,127
gotta be the worst game ive ever played :D,False,1,1100
this game is totally very the best,True,0,22797
i HATE this game,True,1,1497
this game is ♥♥♥♥♥♥♥,True,0,18573
no,False,1,39992
Teammates so bad that it makes me wish i was playing Concord instead.,True,0,32951
Winton,True,1,8768
Fun hero shooter game,True,0,874
do not play this game.,True,0,63506
peak,True,0,247
game sucks,False,0,317
"♥♥♥♥♥♥♥ hate this game but its fun when you have friends to play it with, but most of the people who play this game are friendless losers so i understand why everyone who plays it is miserable",False,0,335
if you play moira or jetpack cat consider ending your life,True,0,2352
Love-hate relatoinship,True,0,1334
gen worst game ever made please save yourself,False,1,18755
beautiful  games,True,0,502
"doesnt matter what role i play in once you load intoa ranked game there will be atleast 1 ""person"" there which i wouldnt even consider a person but an actual monkey with an IQ less than 50 not to make it even worse but if you call out that theyre playin horrid and terrible there must be always this one person defending them like their life depends on it and honestly 50% of the people that are trolls in this game have a Israel flag as their Icon or Banner whatever and those are actually worse than lil Timmy who just received his first ever PC and plays this gamefor the first time i honestly think Semen of Stephen Hawking would do better in this game than all those Egirls and Eboys and Trolls",False,1,34818
Lowkey not good.......,False,0,37240
"man i love paying $60 for a new skin with the T&C being that blizzard gets to break my femur after every game i get matched in a decent team instead i was supposed to be matched with the most tilting, toxic, crayon eating team online at the given time but dont worry they will give me the tilting team for the next ten games. 

will still play every day for the next 10 years thx blizzard you the GOAT",True,1,40107
"Bought this game thinking I was going to have fun.

Big mistake.

I played one match and immediately understood why I have a desktop instead of a therapist.

The matchmaking feels like it personally hates me, my teammates have apparently never seen the objective, and the enemy team plays like they have 14 monitors.

“Okay, one more game.”

Worst decision of my life.

0/10. Would not recommend unless you enjoy losing, suffering, and questioning every life decision that led you here.",False,3,212
im the #1 ashe main,True,0,6940
if ur gay,True,0,1750
Zawg game,False,2,2076
best game ever best game ever best game ever,True,1,1957
No game mode is great. Mystery heroes needs to be mystery heroes and reworked so if someone has been alive for 2 minutes they become a new character not I have a good character and just survive the whole round. Would rather focus on meaningless events like world cup skins and play games to get lootboxes than balance characters and improve game modes and fix problems,False,0,9192
One of the only games where you can blame your team when you lose,True,0,7600
its pretty good,True,0,20380
"every single comp game is the exact some you got a duo on support and dps or support and tank and they are just sucking each other off, people are beyond brain dead in this ♥♥♥♥ as game",False,0,1700
game not fair for solo play,False,0,4825
Yes still fun get game its free and you never have to spend a dime for anything,True,0,449
this game is fun,True,1,3969
"too many heroes being added. I LOVED THE GAME IN 2020, it's still good... but now im not sure what's happening when i return to the game. I keep thinking ""Is this a cool new skin for a hero, or a new character"" right before getting attacked by some nyann cat bullets, and ultimates that i've never seen. 

you do you. play the game, enjoy yourself, but this is not for me.",False,1,967
game runs at 30fps with stutters on steam for absolute no reason at all,False,0,70
sms verification system is bugged i.e doesnt work,False,0,43
Fun times legally with friends or strangers,True,0,663
YLEOBA,False,0,25
worst game eva,False,0,3683
okay ig,True,0,13211
im not paying 45 for skin,True,0,1351
กูเป็นคน ไม่ใช่บอท มึงจะให้กูยืนยันตัวตนทุกครั้งที่กดคลิกเลยรึไง,False,0,13
"TERRBIEL TRASH UGLY & PUZZLE NEEDED
EVEN TEAM FORTRESS TWO IS BETTER.
EITHER ADD GUEST ACCOUNTS OR DELETE THE PUZZLES.",False,0,21
wow,True,0,4916
trash talk is illegal,False,2,49383
always reconnecting the game server \,False,0,3643
I goon to it,True,1,10586
"Still have not been able to log in and play the game because I and none of my friends don't have a 'post paid number'...retarded, I guess blizzard hates money?",False,0,474
"mauga, jetpack cat, moira.",False,0,15473
gdm,False,0,141
"I spent way too much time playing this game, unfortunately it became a total goonslop and cash grab",False,1,13
"Terrible support bad servers that disconnect you then ban you and support says they cant do anything and mark ticket as resolved to get rid of you, yes im talking about you rainmithwen fck u",False,0,37030
fun,True,0,556
"I can goon to cassidy, big W",True,1,5500
.,False,0,3977
"I'll keep playing it but holy this game is balenced horribly, i'd rather go tear my own flesh off than to say this game is good, it is not at all good. DO NOT PLAY",False,1,3342
"♥♥♥♥♥♥♥♥♥ fps matchmaking game I have played, the community in rank might be  retarded as my university assignment brief which was truly useless as hell. Btw, the hero design was slowly starting to be great (ft. shion)",False,0,25102
ruinous balance and greedy monetization killed the game,False,0,84
[u]Years Past[/u],True,61,68
"*AHEM* ""no.""",True,0,89260
seems to be mostly back to the way it used to be good work,True,0,2933
i wonder why,True,0,76903
hell no,False,0,165
D o g G a m e,True,0,12764
.,False,1,242
worst matchmaking of any game that i have ever played,False,0,141424
this game sucks remove it from steam,False,2,347
poop with  side of fart,False,0,577
"Worst online game ive played in this era. Tank role only in all role queue. 24/25 games is tank. DPS is not allowed in all role queue. 

90% games is decided by support role. Support character's healing is poor but Damage is unbalanced at least in 2026.
If your dps and tank is dying before the fight, go dive with them. 
If dps and tank is good just go full heal and safe mode, you win 70% of the game.
If you are not support, just pray they are a good support.

And dmon is still broken after the september nerf, i go 30 0 every game. Very good nerf, why dont just stop wasting time, and add a link to click for claiming the win instant.

You get banned not because of Cheating or Swearing. Devs basically banned you for how many people have reported you accross multiple games not what you did in game.  

If u cheat and no one report you, you will not get banned. If u dont cheat and someone report you, you get banned.
If u swear and no one report you, you will not get banned. If u dont swear at all and someone report you, you get banned.

This game has toxic community that cannot take toxicity from each other. Basically CS player but with 1 hp.

You have god player in this game, you also have the people who are still playing on Windows 3 in this game.",True,0,6579
nerf moira,True,0,58573
games aids,False,1,191
te odio hamster,True,1,466
I'm not even gonna do it for this one turn back while you still can,True,0,2130
Nice when it destroyed my mental sanity and made me realize I'm a lesbian. ♥,True,1,16554
I like. Nuff said,True,0,337
battle net kis amek kis abook kis khaltic ♥♥♥♥ ur name ♥♥♥♥ ur game,True,0,19
I HAT E THIS GAME,False,0,33526
Overwatch is Overwatch.,True,0,318
oh my ♥♥♥♥♥♥♥ god this game is so ass,True,0,3423
i hate playing support,True,0,4186
"It's fun lmao, new heroes are cool",True,0,1388
Best to ever do it,True,0,53900
GOOD,True,0,3316
NICE,True,0,5634
#noanticheatatall,False,0,21557
Fun,True,0,1480
THIS GAME IS ASS,False,1,3647
♥♥♥♥,False,0,29782
If you want to got through each layer of hell play this game,False,0,303
dog ass game dont touch,False,0,512
good everyone except the men r really hot,True,0,2363
"Worst matchmaking imaginable, new characters are reskins of the same asian woman, and Rein hasnt been good since launch of OW2. It's comparable to heroin, and should be abandoned for the better of everyone.",False,0,8723
Winton,True,0,8206
its awesome,True,0,9981
"its just booty overall, not worth playing only good for the widowmaker skins",False,0,1125
i hate my life,True,1,2967
its mad fun if ur getting boosted,True,1,1546
j,True,0,760
o man... its not perfect but lemme just play this game for over 300 hours [u]FOR FREE[/u] AND LEAVE A BAD REVIEW LOLLLLLLLLLLL man u musta not had any fun at all for that time right???,True,1,21427
Unbalanced matchmaking overpowered characters nuff said,False,0,255
Big Yahu approves,False,0,14398
YES,False,0,31106
good game,True,0,51534
♥♥♥♥♥♥♥ love this game,True,0,5444
peak,True,0,669
.,True,0,1955
game server errors and canceling match at the very end of it in 2026 is crazy,False,1,18748
I genuinely hate this game but I've been playing for the past 10 years. I can't drop it.,True,0,22869
Peak Game,True,0,38
Its alright,True,0,45888
Game had it's ups and downs over the decade. Honestly there's no shooter hero that can compete.,True,0,16108
67 67 67 67 67 67 67 67 67 67,True,0,4036
"its only fun if the other team doesnt have 
D.MON
D.VA
DoomFist
Hazard
RoadHog
Domina
Sigma
ReinHardt
Ramattra
Winston
Wrecking Ball
Zarya
Reaper
hanzo
Shion
Sierra
soldier 76
Sojourn
Bastion
Anran
emre
cassidy
echo
tracer
Freja
genji
Mei
Junkrat
Phara
sombra 
Symmetra
Torbjurn
Vendetta
Venture
Widowmaker
Mercy
Juno
Lifeweaver
Baptiste
Lucio
Bridgette
Ana
Illari
Jetpack cat
Kiriko
mizuki
Moira
Wuyang
or zenyatta",True,0,5422
this game is overwatch.,False,0,2070
"good game, figured out I was good at reaper and now I can only play reaper",True,0,296
fun with friends :),True,0,7613
SOMBRA REWORK GONNA GO CRAZY,True,0,1719
Winston,True,0,340
one of the worst games i've ever played,False,1,110
Game become better,True,0,4240
It’s so unsatisfying it’s like chewing cardboard in video game form,False,1,167
only good with friends,False,0,288
"has le sserafim collabs
10/10",True,0,1770
"if you like the feeling of trying to herd around a group of window-licking idiots, play this game on open queue.",True,1,767
meh.,False,0,140
yes,True,0,1280
this game is the most disliked game on steam anyways its pretty fun i get the hate and i get why people like it,True,1,1396
ranked is too bad even in high rank getting down new player no fun at all :(,False,0,15915
FK Phone  Number And FK you  take your game and play it yourself FK you FK you FK you,False,1,6
"This review is for myself:

You hate this game. You never have fun playing it. You will be bad and your teammates will be bad. Do not download.",False,1,1537
"♥♥♥♥ this stupid BattleNet ♥♥♥♥♥♥♥♥. Valid South African cell numbers cannot be added and the game refuses to start without this.

Impossible to create an account and start the game",False,0,14
"Impossible to create an account unless you donate your money to Israel, gg blizzard.",False,0,14
"EVERY BIG SKIN UPDATE YOUR SERVER IS PROBLEMATIC! WHERE IS YOUR EARS FOR YOUR COMMUNITY? NOW IM BANNED FOR A SEASON? BECAUSE YOUR PATHETIC ASIA SERVER? NOT WORTH YOUR TIME GUYS, GO PLAY RIVALS, THE FINALS, AND MANY OTHER SHOOTERS.",False,0,5742
it's like crack u can't stop coming back for it ;),True,0,1280
decent,True,0,897
overwatch,False,3,7900
holy fucj my eyes,False,0,117
Extra stress to my life. Just a another way to feel despair and remorse for your teammates which have no braincells to process the logic and reasoning behind any team work.,False,1,7803
its ok,True,0,1160
"you spend so much time in lobbies with retarded cattle that you begin questioning if the face in the mirror is the true blob of purposeless mass, another reason to nerf genji. 

ps - make moira suck hit across the map, its too weak rn.",False,0,24796
Unbalanced brainded retor did game who came out with this shi,False,0,129
you need to put a phone number in even when it says it is optional,True,0,22
fun game but sadly im still bad,True,1,62387
picking up this game again was the worst decision i have ever made. screw you september 2025 me im trapped here now,True,0,21157
awful,False,0,17258
"Game keeps disconnecting me from server despite a smooth internet, low ping. Got disconnected and had to rejoin 4 times plus sometimes it wont even let you reconnect and have to try several times, if didnt connect in time have to wait out a 15 min suspension. Though when its not my end that dc, teammates would even get kicked out of the server and the game is lost.",False,1,31416
baaaaaaaaaaaaaaaaaaaaaaaaaaaaaaaddddddddd,False,0,58101
too many skins for kiriko nerf genji,False,1,34936
"I hate you, Blizzard. First you rigged Hearthstone so I wouldn't win, and now you're doing the same thing in Overwatch putting newbies on my team while the opposing team gets world champions.",False,3,5426
eep,True,0,525
Lost Connection to Game Server,False,2,12925
...,False,1,21
tuff gAme better than marvel rivals,True,0,1794
67 67 67 67 67,False,1,4068
ANDY SAY!!!,True,0,35324
"its a good family game, wholesome",True,0,12422
"love hate abusive relationship w this game. blizzard is money hungry (no one asked for ultra skins or 50 different recolours of the same skin), my teammates have 1 collective brain cell most of the time, and ramattra still doesn't have a mythic. other than that i hate it",True,0,102202
我可能是过的太舒心了,False,0,339
ranked is a social experiment that tortures you mentally,False,0,4512
Game keeps crashing,False,0,39954
fucikng bunch of pricky players on tyyhis stuopid game hope it gets terminated from steam,False,1,6829
"Good if you have friends with positive attitude to group up. Keep your credit card far away, and you might have some fun. Graphics are beautiful, and the game is well optimized and can run fine even on lower specs systems",True,0,2946
"Thanks to quickplay penalties I don't have to play this game due to brief internet connection disconnects. Bring Jeff back and fix Overwatch by giving Aaron Keller the pear of anguish alongside with the brazen bull, and livestream it on all the official Overwatch accounts as a sign that peak Overwatch will return.",False,0,1870
great game...i guess,True,0,4150
here for d.va feet #wifedat,True,0,1052
its good,True,0,2176
"full woke, jewish game",False,1,2757
6v6 overwatch was NOT peak. but it's good now + it's fun with friends!,True,1,3684
overwatch :(,False,0,49292
"it's like a horrible drug, you just keep coming back",False,1,6515
not worth,True,0,5216
chill game,True,0,8965
Very good game imo. Just think it takes awhile to find the right characters to play.,True,0,822
retarded and made by the literal anti christ,False,1,4398
"Bad Server, you'll get constantly disconnected for no reason",False,0,9923
I hate overwatch. Good game tho,False,0,6659
yes,True,0,628
high quality dog****,True,1,16627
fun to play,True,0,2771
.,False,0,3747
f,True,0,688
"Terrible game, mouse died and got kicked in less than a minute while connecting charger.",False,1,2026
the most soul sucking game ever just bend over backwords this game is made my satan and kaabal,False,1,2108
.,False,0,1815
i feel like this game is putting me with sped kids that are blin and deaf and blame me for every little thing i do,False,0,17385
just play rivals,False,0,19
"yup, just as bad as I remember it.",False,0,52
If you want to be happy do not play this game.,False,0,43130
winton,True,0,208
It's hard. A lot goes on at once. It's a challenge.... I like that.,True,0,786
remains one of my favourite multiplayer games due to how fun it is compared to any others i've played but this game runs so dookie on steam its embarassing please use battle net instead,True,0,18009
BAD GAME,False,0,732
its terrible,False,0,8
banned for no reason,False,0,832
Everytime i play this game I feel physically sick 10/10,True,0,2748
sucks,False,0,39142
The game is great but some players simply do not understand teamwork and play solo rather than as a team resulting in throwing the match and causing the team and opposing team to insult each other,True,0,3518
"Great game, really enjoy playing with my friends, especially my friend sozin who carries me :3    100/10",True,0,3231
pretty nice game,False,1,31843
nbljuhhbjykhbjy,True,0,185
♥♥♥♥ no,False,0,3983
"Classic overwatch was better, TF2 IS better even in current year. Monetization model is biblical levels of greed, hope you like $60 FOMO skin bundles. PvE is still abandonware, 5v5 sucks, new heroes are all bland Pixaresque designs for maximum marketing potential. If you're stupid enough to buy the overpriced skins, the design and selection is based around the fact that the average juno or mercy main could probably pay off the US national debt. Overall just a cursed shell of what used to be a mad decent hero shooter back in 2016. 

I live for the day my friend group moves on to something else, ♥♥♥♥ Blizzard for what they did to Overwatch",False,1,2929
they didnt let me play monkey,False,0,6340
"The game has grown stale over the years, what used to be a fun competitor to games like TF2 has become a micro-transaction heavy game. While they have brought back things people liked such as lootboxes (Which fortunately can no longer be purchased) as well as removing the unnecessary ""2"" from the title, I still feel like the game has insanely overpriced cosmetics. (For example, $40 for a single weapon skin)

Now if people are willing to pay, that's perfectly fine, but I won't recommend the game personally because of it.",False,1,980
I can't fathom why anybody would play this piece of trash.,False,2,64471
"cant chat, feels bad",False,0,367
I got a back to back ban for 2hours because overwatch servers love disconcerting me everytime I have the littlest bit of fun in quick match...,False,0,8864
I liked the casualness of it compared to other realistic FPS like 'Rainbow Six Siege' or 'Ready or Not'.,True,0,2725
"open box, get legen dary skin fo widowmakler :drool: - eagle",True,0,26762
Ew,False,0,3151
on and off like a light switch,True,0,3049
DPS diff,False,0,7405
The huge amount of cheaters and smurfs makes playing ranked a horrible experience.,False,1,3745
BEST GAME,True,0,2847
Fun!!!!!,True,0,14107
meh,False,1,7247
better than rivals,True,1,1185
"Fun gameplay, much slower paced than Rivals, if you've played Marvel rivals before. Stat averages are usually lower than Rivals' too, so don't be upset with 8k healing in a game, that's actually not terrible. I've been playing the game for years and personally love it so much to this day. I totally recommend for people looking for a new hero shooter!",True,0,11386
genuinely the only game on earth where skillbased matchmaking does nothing except pair you up with chimps who are handed keyboards and hit random ♥♥♥♥ until they somehow queue into a game instead of putting you into a game where people know how to play it,False,2,6485
obviously don't play this game and get an addiction and ruin ur life.,False,2,6058
Comp is rigged swear on everything bro it is so insane.,False,2,7428
"Its too fun, don't play it...",True,0,20262
"Kill me, End me, End the endless suffering of despair. This game was made by lucifer himself. When you open the game he will come out of the screen and drag you into his dungeon down into the deepest layer of hell. He will then proceed to strip you out of everything you have. Your dignity, your morals all your hope and dreams just to satisfy his sick twisted desire to watch you play this hell spawn of a game, ranked mode for the rest of eternity, your goal being to reach the top of the top and if you lost. Lucifer will personally come out and punish you himself in the worst inhumane ways possible that are not even humanly comprehensible. But it doesnt end there. As even lucifer himself has decided to spike this game for his own amusement and we shall these servants of lucifer ""juno players"". juno players you see are one of the most loyal servants lucifer has, the most highest ranking in the higherarchy that will do anything to pleas their master like the dirty beings they are, whether that is making sure they do anything in their power to be the most insufferable allies you will ever have the pleasure meeting just so they can get that sweet succulent reward lucifer has prepared for his most trustworthy dear servants. that will leave their legs weak for the next month, while also simultaneously torturing you in the most inhuman ways imaginable, making you wish you would play aba ranked 1's against a naruto shippuden

but even knowing lucifer, this isnt where he stops in his cruel and twisted ways, as everyday and night he waits again and again for another unfortunate soul to touch this hopless game so he can add another toy to his collection... All to fuel his demented desire to take over all of humanity with the use of overwatch the ultimate hellspawn that is truly lucifer himself in disguise.",False,1,9138
Quitaron a Ozuna,False,0,23476
DONT PLAY THIS GAME WORST DECISION OF YOUR LIFE YOU WILL GET THE WATERLOO ENGINEERING DEGREE EFFECT IN 2 MATCHES GAMER GIRLS ARE ALL THAILAND SPECIAL,False,0,208
THIS GAME HAS THE BEST COMEBACK,True,0,11519
amazing game don't recommend,False,0,316
"Match making is horrible, came back to the game after not playing in years and playing the same rank...which doesnt go down as we lose, just harder fights everytime",False,0,216
Best state the game has been in for a long time,True,0,81045
"Sometimes the teams are not balanced, but this game is actually good. It had a bad moment, but now it is great again - heroes are cool, events are nice too, and it's really fun to play. Glad I came back to it.",True,0,12434
slop,False,2,201
"Playing this game feels like being waterboarded, knowing that the only thing that could help you is the sweet release of death",False,1,9381
The only game I know where the developers would create a skin that's a full blown post-apocalyptic military grade combat armour with exo skeleton and CBRN protection gear just to show of the characters toes in an inconspicuous way.,True,2,31496
"my addiction is bad, so is the game",False,2,3848
fun stuff,True,1,2101
"First of all, I wanna say that i really hate this Game but im addicted.

On the start of Overwatch 2 the game was in a really bad State (No PvE mode as Promised, Bugs, etc.) But nowdays its pretty well Balanced and Solid. I prefer it way over Marvel Rivals (both are pretty Good but Overwatch js got me.)

I got back on the Game some Days ago and was Suprised that this game is in a really good State right now (like Dmon got nerfed really fast bc she was too OP. Faster than the nerfs back then when they changed Overwatch to Overwatch 2.)

I was really suprised in my recent lobbies, that you can still find Nice and Sweet lobbies where Peopole arent Toxic (I didnt even know that was possible nowdays.)

Honestly I can just say Its a Bad Game I Hate it, but thats also why I love it and come back to it. Its not a Game for everyone but for some Peopole It is

RIP to Blizzard for the Overwatch Review Bombing back then tho GGs",True,1,11424
this game ruined my life,False,2,2798
its cool,True,1,576
most of the charecters are lesbian nad gay but very good gameplay,True,0,2986
this game dont work,False,1,20
w,False,0,13259
No,False,1,7262
Bigger is better.,True,0,18947
fun,True,0,1305
"All the good changes the devs have introduced in the last 3 years are straight up copied from paladins (5v5, character perks, the stadium gamemode). Awful balance patches, the same 4 heroes have been meta for idk how long just bc they sell the most skins. The new hero releases keep repeating the same cycle of being completely broken at first, getting expensive skins and getting nerfed to the ground a month later; i would expect that from a bad phone game, not what aspires to be a top competitive game. However they won't even fix known bugs if it doesn't benefit them directly, I need to load game assets on a custom map every time I open the game so it won't crash in game, that on a 
 500€ AMD graphics card. There's your reasons why the biggest ow content creators have been moving to Rivals or Val. That's without mentioning how ♥♥♥♥♥♥ of a company blizzard is: misogynistic culture , crunch, abusers, bullying, sx offenders...",False,0,16422
"this game is an addiction that i can't get rid of.
i keep saying i'll stop, but then i return to this hellscape.
save me.",False,0,20849
"While Overwatch has been all over the place since its initial launch in 2016, and left in an especially desolate place from 2020-2024, for the last 2 years, Team 4 has been showing how much they care about this game. 

So long as they continue to support it with as much care as they have, I’ll be more than happy to continue logging hours.",True,0,50934
It's like. Really bad. What the ♥♥♥♥ is going on,False,1,2574
"Unplayable on older hardware due to the horrible shader compilation or whatever while you are playing

And even if you can play it, it's probably not worth it. The gameplay, the maps and the heroes are all quite good, and the game overall is quite addictive, but there is no joy. You'll go from match to match without any feeling of joy or happiness, regardless of win or loss.",False,1,5977
"Fun game, aside from the toxic players any game has.",True,0,1826
moz,True,0,5601
"There is very little diffrence between this game and hell. the only notable diffrence is that hell does not have bed teammates. Its horrible. Id rather have m,y grandma and grandfatehr die again than play more solo que ranked. I really hate no i dispise this game more than AM dispises humans so ima add the speach:
HATE? HATE? LET ME TELL YOU HOW MUCH I'VE COME TO HATE YOU SINCE I BEGAN TO LIVE.
THERE ARE 387.44 MILLION MILES OF PRINTED CIRCUITS IN WAFER THIN LAYERS THAT FILL
MY COMPLEX. IF THE WORD HATE WAS ENGRAVED ON EACH NANOANGSTROM OF THOSE
HUNDREDS OF MILLIONS OF MILES IT WOULD NOT EQUAL ONE ONE-BILLIONTH OF THE HATE I
FEEL FOR HUMANS AT THIS MICRO-INSTANT FOR YOU. HATE. HATE!
HAHHAHAHAHAHHAAAAAAA…..
but tbh i still play this game casue its cool i guess but it makes my day worse.
and to add on top if scienentis taught a monkey top play this game he would hang himself after a day",True,0,6474
"After watching a friend play this a bunch I thought it would be fun to play with them despite the negative reviews and history of this company/game. After sitting through the 70 GB download I launched it and was forced to make a blizzard account. Annoying but I'm fine giving some random email to them. After I made said account and attempted to get past the title screen it tried forcing me to also add a phone number to my account to be able to play the game. No, I think I'm fine not doing that. 

If people wanted to cheat or smurf on your game they're going to find a way, making this many hoops to jump through does nothing but block regular people trying to play it. Oh, and doing more research into it they wouldn't have even accepted my phone number anyways.",False,0,16
"one of my favourite games
not approved by seura",False,1,18979
server sucked,False,1,3039
"THIS GAME WONT LET ME USE MY F-ING PHONE NUMBER BECAUSE IT'S A PRE PAY AND I NEED A POST PAID ONE
FUXK BATTLENET",False,1,43
no it makes me feel like im playing one of those overstimulating mobile games made for 10 year olds who lack the mental capacity to entertain themselves for longer than 10 minutes.,False,0,62
good game,True,0,601
"Forces you to make an account to play the game (I have a steam account, why cant it just use that??)

Then when you make an account it forces you to add a phone number, which literally doesn't work, tells me to add a ""post-paid phone number"" (whatever that means).

Literally never had any issue with phone number verification. I'm sick of these stupid ass companies forcing you to go through 50 steps and give them all your information just to play their ♥♥♥♥♥♥ game",False,0,21
"The game is good and fun genuinely just becomes unplayable because of how weird the people you're playing with are. If you have a life and a job and a sense of humor i recommend staying away, this community will make you question your existence.",False,0,11907
"Playing comp makes me want to take a 12 gauge to the face, am I still going to play it? yes I'm an addict",True,0,14513
que malo es el gut loco,False,0,2004
gaming,True,1,170679
2016 overwatch was peak. overwatch now is just slop.,False,11,156
winton,True,0,20714
Twomad The game,True,0,2651
id rather kill myself then play  a second of overwatch ranked,False,1,193
chud devs catering to even chudder audience,False,0,32027
"Good game. I recommend trying it.

* WARNING FOR LINUX GAMERS *

Requires tinkering with launch options to get it running smooth. On NVIDIA cards it's barely playable, constant crashes and significant performance issues.",True,0,4640
Best Shooter out there,True,0,84396
.,True,0,7106
Disconnection problem is very trouble and painful to play for this month,False,0,27863
"Horrid game, and an even more horrid playerbase.",False,0,385
matchmaking sucks ass,False,0,14378
"I have over 400 hours on battlenet. So, just stopping by to say hi.",True,0,59
im sexually atracted to ramanttra,True,1,9278
ass game,False,0,10543
"Constantly disconnecting in comp games but hey, you get to spend your hard earned money on new skins every week.",False,0,31971
tuff,True,0,1028
"Great game with fast-paced action, fun heroes and a lot of variety. Matches can be really exciting, especially when the team works together. Easy to get into, but there’s plenty of depth to master. Definitely worth playing!",True,0,419
overwatch,True,0,334
"whoever designed the authentication system for this game needs their hard drives checking, and an IQ test IMMEDIATELY. stuck in the loop of needing a phone number to authenticate, putting my phone number in, only for it to tell me no, and repeat. FOR A FREE GAME. absolute cheeks, play Marvel Rivals instead. (and yes my 26 minutes of ""play time"" was all spent trying to just log in and play)",False,0,26
I'm straight GEEKED off that nanoboost,True,0,202
"Downloaded the game, wanted to play. Asks for phone verification, never gives me the code. Now I saw some people saying it only allows post-paid numbers, in my country (Brazil), it is very common to have pre-paid numbers. I want contract a post-paid number just to play the game. Trash, made me download it for nothing.",False,0,12
I'd rather eat dog food for 2 weeks than playing this ♥♥♥♥♥♥♥ game,False,0,324
"Games keeps disconnecting me even though i have a good ♥♥♥♥♥♥♥ ping its so ♥♥♥♥♥♥♥ annoying going back to play and then just disconnected me ""sorry unable to log you back in"" ""searching for game servers"" on a comp match",False,0,35005
Stupid gay ass game,False,1,3237
fun,True,0,602
Skin prices are outrageous but the game is kinda fun ig.,True,0,495
allright aLLRIGHT THIS GAME IS ACTUALY GOOD AS A FORMER RIVALS PLAYER I THOUGH OVERWATCH SUCKED BUT IT DONT,True,0,1167
Delete Mei and that ♥♥♥♥♥♥♥ cat from existence,True,0,24019
very awsome game but for beginers its really hard,True,1,256
pretty fun,True,0,5809
poop,False,1,183
No.,False,0,6398
Very nice,True,0,24110
gg,True,0,188
garbage matchmaking system,False,3,13658
i think i love it,True,0,8849
Mentally deteriorating game full of mouth breathers and sweaty insufferable neckbeards. I cant stop playing,False,2,62727
Thanks i hate it,True,0,318
server issue teamate issue,False,0,11558
its actually not bad lmao,True,0,1288
good with friends,True,0,60073
Roadhogs hog,True,0,1991
♥♥♥♥ ass game,False,0,19814
♥♥♥♥ game,True,0,1838
this game causes me nothing but dread and misery. what value am i bringing to my life by playing this game?,False,0,5286
Sooooooooo many hackers. Blatant aim hacks and wall hacks. Reports go nowhere.,False,0,36870
"♥♥♥♥ game, game is totally tank dependent. A bad tank can literally cause you to lose game. The match making isn't fair, found 20+ games in a row on ""consolation"" like what is my fault to be placed in low MMR games team if i am the only high ranking player in my team.

Tank role imo does too much damage, i am unsure about the role of dps if there exist tank with one shot potential. Tank should be tanky i get it, but should never have more damage than dps, that's the new ow2 and 5v5 team comp for you.",False,0,5673
"♥♥♥♥ smash sim, if you are a gooner play it you degen, but if youre normal like me, please save your soul from damnation and pray you never see this game again",False,0,4572
Nerf Cassidy. Nerf hog. Nerf sombra. Nerf widowmaker. Nerf vendetta. Nerf freja. Nerf seirra. Nerf Genji. Nerf ashe. Nerf soldier 76. Nerf emre. Nerf D.mon. Nerf everyone until the game is deleted.,False,1,25232
the matchmaking in ranked is god awful. One day u get the easiest games of ur life but right as ur abt to rank up u get 7 impossible wins. There is never ever any close games EVER it's just one side gets slaughtered or the other. I'm so sick of asian slop games holy ♥♥♥♥,False,0,19880
Jeff Kaplan,True,1,1861
fuycj ytou,False,1,5552
"Look, I'm a torb one trick from all the way back to Overwatch 1 who logs in from time to time. By ""torb one trick"" I mean Illari is just heal torb. People who complain never had to do attack torb on volskaya industries when you had to level up turret to level 2. Real nightmare. Since they brought back 6v6 free pick, and hero changes allow me to do the old ""ult from spawn for turret level 3"" strat, and I have all the skins I want anyway, game's good to me. Best torb I'll ever get. Praise the bearded fellow. Never dilvuge Ingrid's apple pie recipe and Haha, Hammer down.",True,0,2863
"Anime this, Anime that, I'm gonna ♥♥♥♥ the devs of this game. Overwatch use to be such a great game; at least back when it was Overwatch before the OW2 reupload, and the OW revert.  The devs are like a bunch of lost children that don't know what planet their on, what their even thinking, and what they want to do. Players give recommendations and list what they want fixed and what they can do better, and the devs acknowledge it.... Until they don't. They release an update that is completely opposite of what the players asked for, and just money grab like a bunch of big noses. 

Okay yes the game has gotten a little better, its still ♥♥♥♥♥♥♥. I would actually rather go to sleep in a bed of roaches injected with STD's than play this game. Everything is still unbalanced; You want to play genji? No... everyone can counter bro because their weapons are just some laser, some mist, or some ♥♥♥♥♥♥♥ emotion coming at you to haunt you and your tank. The e girls and e boys in this game are so much worse than any fandom, (except Valorant), and is actually unbearable. I would prefer digging and ripping out my eardrums and filleting them into a gourmet 5 star dish than hear these cucks and cuckets jerk each other in my ear. 

Although my hours is only listed as 97 hours at the time of writing this... trust me I have a lot more. I played this game from release on the ps4, and then switched to blizzard on my pc when the game was originally Overwatch before OW2 and the revert back to OW. This is just another measly 90 hours of my life wasted on a garbage ass game. The game use to have incentive to grind, instead of this weekly and daily lootbox challenge, you use to obtain a lootbox every time you leveled up and had a specific emblem that matched your level. You could obtain EVERYTHING from lootboxes including the new events just by playing, but now you can obtain basically NOTHING because its all behind a dumb ♥♥♥♥ ♥♥♥♥ of a paywall. 

Game  use to be good, but isn't anymore. The only people that still enjoy it are the diehard OW fans, and people that enjoy a quick dopamine hit just like they like their heroine hits.",False,1,5837
not fun,True,0,479
"be monke, be ready",True,0,12762
REALLY GETTING THERE,True,0,882
overwatch :),True,0,10765
"Whenever you get to play Overwatch, you will feel that this is either the worst thing ever made or the best. There's no in between. But let's see the positive side, even if this game damages your mental health, it's less harmful than fentanyl, alcohol or... I would say gambling but there are loot boxes. If you hate youself, come play this thing and you will hate everyone in a couple of hours.",False,1,488
play this intead of MArvel rivals,True,1,447
game makes wanna off myself and the devs are a f#@king joke,False,0,49911
"worst game ever made

10/10",True,1,8198
this game ruined my life,False,0,35396
♥♥♥♥ game,False,0,71978
lo juego desde 2016,True,0,5298
yeah,True,0,6040
winton ball,True,0,6296
best game ive ever ♥♥♥♥♥♥♥ seen with my own eyes,True,0,7812
this game is very bad i dont like it and i dont like to play it and the heroes are unbalanced and i get bad teamates every games,True,0,1040
its very fun here and there.,True,0,1026
this game sucks ass i got disconnected by the server last minute from a ranked game and suffered a penalty and lost all my ranked points for a game that i wouldve won,False,0,44228
w,True,0,602
Genuinely sucks balls now with all the counter picks,False,0,6744
peak online multiplayer,True,0,87818
kocham overwatch!!!11!!!1!!!1 nie wiem czy kiedys gralam w lepszom gre!!!111!!!!1!!!!!1,True,0,610
bad game,True,0,800
عار,False,0,12
boring stupid game i absoloutely hate it. 10/10 5 stars,True,0,413
Definitely improving after Rivals started competing. I prefer OW over Rivals.,True,0,21011
the skins make this game feel cheap af and its freakin free,False,0,2515
♥♥♥♥,False,0,1093
This game makes me feel a rage that I don't think is humanly possible,False,0,5393
Gamin4Hope,True,0,1556
"I was depressed lately. My parents divorced, my dog went missing and my girlfriend left me. I had no idea what to do. And then I found my light in the tunnel-overwatch. This game had everything I needed to be a happy man. There are so many people I made friends based on our shared love to what this game gave us, and it gave us a lot: ♥♥♥♥ comunity to bully, game we could review-bomb without consequences and hate for ♥♥♥♥ artsyle, gameplay, maps and lore as well as for microtransctions. If not for overwatch my entire life would be sad and miserable.

Okey now in all honesty logging to this game through battle.net is the worst fuc**** expierience of my life. The site itself is very iritating to use as well. The game has nothing special to offer and blizzard works very hard to keep it that way. Almost all charateres stupidly annoying to deal with so it takes the fun away.

In short just play tf2.",False,0,238
Just a fun game all around.,True,0,11171
"i play a game, i want to leave already, its been 12 hours since i started this gaming session!",False,1,29679
love,True,0,4236
I am using a postpaid number yet it for some reason doesnt classify it as one i tried my moms my gfs none work i have unlimited mobile data so and a bill for the internet i use on the phone each month so i guess thats postpaid didnt even know about this term before this game i cant even give an opinion on it just that the security sucks,False,0,36
Peak Winton Overwat,True,0,14
♥♥♥♥ game,False,0,15
Why did the balance team decide that kiriko needs a win button?,False,0,15791
Junkrat,False,0,60026
i need to seek help,True,1,25388
Dread it. Run from it. The Overwatch itch arrives all the same.,True,0,5369
Widowmaker YAMSSS!!! 👅👅👅👅👅👅,True,2,1441
I love this game.,True,0,5071
good but teammates need a brian doctor,True,0,13360
"Just won a rank game as tank and regressed 2% of my rank how am I sanctioned for winning a game, I also get lobotomised team mates on the daily",False,0,19199
"game is not fun at all, the mechanics are horrible, it's not even that exciting, i have no idea why people are so hyped about this, won't try it ever again, you're better off playing a different fps game.",False,0,15
"This is dylan craigazoomba writing this review, crody pee schmeg is asleep with his hand in his pants rn and doesnt know im on his computer. I love overwatch!!!",True,0,35746
its a great game play,True,0,3339
its overwatch guys need i say more,False,0,281
this game is AMAZinh,True,0,5356
best game I wish I never played.,False,0,365
"There are a lot of things I could say about this game but today I shall focus only on one. For the love of God why is Overwatch, a cartoony style game developed a decade ago, using 11 gb of system memory alone? Even the recommended requirements mention just 8gb and open world games much more demanding than this use less. The answer is pretty obvious. There is some sort of serious memory leak that's been going on for months and the incompetent indie devs at Blizzard are too busy sexually harassing their co-workers to bother with such stuff. Maybe someone should inform them that there is a massive memory supply shortage that's only going to get worse and at the very least an unpaid intern should update the recommended specs.",False,0,27059
i got hella play on this game ngl #naturalpuller,True,0,815
pretty goated,True,1,4713
"i just spent $80 on this game for ♥♥♥♥♥♥♥ skins please someone help me ssave me from this addiction i cant do this please this game drains me make it stop make it stop make it stop make it stop make it stop make it stop make it stop make it stop make it stop make it stop make it stop make it stop make it stop make it stop make it stop make it stop make it stop make it stop make it stop make it stop make it stop make it stop make it stop make it stop make it stop make it stop make it stop make it stop make it stop make it stop make it stop make it stop make it stop make it stop make it stop make it stop make it stop make it stop make it stop make it stop make it stop make it stop make it stop make it stop make it stop make it stop make it stop make it stop make it stop make it stop make it stop make it stop make it stop make it stop make it stop make it stop make it stop make it stop make it stop make it stop make it stop make it stop make it stop make it stop make it stop make it stop make it stop make it stop make it stop make it stop make it stop make it stop make it stop make it stop make it stop make it stop make it stop make it stop make it stop make it stop make it stop make it stop make it stop make it stop make it stop make it stop make it stop make it stop make it stop make it stop make it stop make it stop make it stop make it stop make it stop make it stop make it stop make it stop make it stop make it stop make it stop make it stop make it stop make it stop make it stop make it stop make it stop make it stop make it stop make it stop make it stop make it stop make it stop make it stop make it stop make it stop make it stop make it stop make it stop make it stop make it stop make it stop make it stop make it stop make it stop make it stop make it stop make it stop make it stop make it stop make it stop make it stop make it stop make it stop make it stop make it stop make it stop make it stop make it stop make it stop make it stop make it stop make it stop 





love this game :D",True,2,25341
great game rn,True,1,18004
the guy in the funky town video went through less pain than my first 60 minutes in this game,True,1,1266
"I love this game, been playing since 2016. Join now for new characters all the time",True,2,24999
This game sucks.,True,1,22775
"is this mean Overwatch is back?
NO",False,0,1989
"BLIZZARDDDDDD, PLEASE DON'T DO THIS SO SOMBRA",True,0,26447
makes me question my life choices,True,1,18766
El mejor juego de la historia y es gratis.,True,1,65240
bum ass game it's always about hero countering the other team,False,0,16339
All fun and games until a junk rats on the enemy team stays behind a wall and blind shots the point and some how every single bomb crits your entire team,True,0,8375
its overwatch,False,0,1822
♥♥♥♥ game,False,0,403
thank you for fixing the game but the skin prices are too much,True,0,4057
♥♥♥♥,True,1,682
"This game is Dog SHiiiii, TRASH MATCHMAKING, TRASH GAMEPLAY, 2/10",False,1,1588
♥♥♥♥ game lost connection and got banned,False,0,659
tf2s better did you know that dawf guy could upgrade his sentrys?,True,0,223
fix your server,False,0,10164
noob,True,0,7262
"surprisingly fun after so long, the cat is funny asf doe",True,0,371
worst hero shooter oat. Only played it because I'm an OG from console. Just play valorant,False,0,227
winton,True,0,9981
good game,True,0,6688
ye,True,0,14992
mercy,True,0,166744
i like this,True,0,2927
"Pretty decent, but i feel like i want to blow my brains out when the healer doesnt do ♥♥♥♥",True,0,583
this game makes me feel suicidal,True,0,18243
good game ass team,True,0,13084
Will always love this game 👌 Balanced and better than Rivals fs,True,0,16085
ye syes yesyesyeyseysyeyes,True,0,7873
PVP team games are the worst genre of games u can get into. Been playing this game for nearly half my life span and its 1400 hours of some ups but mostly downs and now I think I'm ready to drop this pile of steaming s*** so I can pick something else up that doesn't make me lose faith in humanity and make me want to empty 5 bottle of henny in one night.,False,0,593
"Amazing game. Started late at the OW2 release and although a lot of people have complained about the newer changes, I believe they have made the game a lot more appealing to the average player as well as a handful of the newer characters made the game more enjoyable for me. Players will complain about balancing and Skin sales in every game but OW overall is fun and does give back to their community more then other games I have played before in similar genre's. Although there is a learning curve that's different to other shooters, it has its own appeal.",True,0,16800
Nice game,True,1,3401
good,True,0,24728
"Baited to play this trash of a game. Worst game by far, 150 hours wasted to nothing.",False,0,9829
hmmm.... this game is okay i suppose. my lovely boyfriend is helping me understand this game but so far its not so bad. only when he wants to 1v1 me though and i get ♥♥♥♥ on but other than that pretty gud pretty gud.,True,0,4201
i like wrecking ball.,True,0,10047
"Overwatch is an interesting game, one that makes me feel many different feelings. Whenever I win, I realise the game is perfectly balanced and fair. When I lose, I realise the game is unbalanced and unfair and that the cat with the stupid jetpack needs to be deleted from the game. I hope the exact same fate comes for the stupid moira person. Otherwise, I really enjoy playing Reinhardt, Orisa, Mauga whatever other agents there are that are cool. Overall I would give Overwatch a solid 8/10, need more Juno and Kiriko beach skins to make it a 9 or 10/10. Thanks in advance Blizzard ;)",True,2,2926
this game makes me want to pow pow my brains on the roof,False,1,1004
.,False,1,10839
Rubish game crashes you for no reason,False,1,16976
game is not good,False,1,5260
"hate this game, but i play it. i have my gay boys reaper and soldier 76. so im happy.",True,1,1669
I play Moria because I'm gay,True,0,33586
"Now I see why this game got so many negative reviews. I will keep this review as short as my playtime.
Pros
- Nothing
Cons
- The game does not let you pass attach SMS message. Total ♥♥♥♥♥♥♥♥.",False,1,10
I played a bit. I don’t like it,True,1,68793
Same as it ever was.,True,0,437
ITS VERY FUN IF U HAVE A GROUP THAT LISTENS AND WORKS TOGETHER IF U DONT ITS A MESS,True,0,1196
Touched me without my consent.,False,1,968
i like this game sometimes,True,0,48912
i want to kill myself and die,True,2,830
"As bad as smoking, but every cancer cell that grows on your lungs has a small chance to be legendary",False,0,14382
this game is ass,True,1,9689
why the ♥♥♥♥ would they allow those mech heroes an additional life?,False,0,173
"I would never recommend this game to anyone for any reason ever.

I have played since it came and keep coming back to it, cause I enjoy playing it...however the Overwatch community absolutely ruins the game. It's so toxic, that my first game in months I got told ""to end myself and never play again"" and the true sad part was this was a quick play match not even comp. 

I'll never understand how any game can be so toxic but hey at least it's not LoL toxic.",False,0,6091
This game lowkey needs to fix its freaking matchmaking or something because like why am I hardstuck in a stupid freaking rank with bots when I am not a freaking bot...,False,0,11202
this game is buns,False,0,14621
its better now,True,0,19364
This game sucks big buttt,False,0,334
SOME DDPS CHANGES AND GOOD,True,1,4079
:(,False,1,2564
all the characters are baddd,True,0,6061
"my balls kept getting crushed as zenyatta, pretty good",True,0,1717
its a fun game,True,0,406
this game is living hell. I hate this game its so (*^@*#(&^*(&^#*&^ stupid and has NO consideration for new players. I would rather play for honor than this sh#^. Fu^& overwatch and its fan base and THIS WHOLE GAME IN GENERAL I HATE IT I HATE IT I HATE IT.,False,0,849
"I love to play this game with my friends, it's very fun! We have a grand old time c:",True,0,20179
Trash matchmaking,False,0,1606
"I used to be a married man with a child, but i relapsed into a cocaine addiction after an experience with an FPS i choose not to think about. I thought my life couldn't get anymore rock bottom after that. I got into rehab and started going to therapy. My therapist, a young man named Enzo, recommended to find a hobby. After some consideration i decided to find another ""softer"" and ""more friendly"" FPS for some closure and treatment. I chose this game, the cartoony art style, lack of blood, cheerful and comical character personalities, and overall a less intense looking game.

I was wrong, within my first match i got the map Hollywood, a Genji who was level 477 who's username was 
""H E R S !"", a Mercy who's username was ""H I S !"" i opted to pick tracer to fit the dive playstyle my other dps was going for. The match starts and i immediately die from two randomly thrown Kiri kunai's before i can get my second foot out the door. i respawn and am randomly blown up by 11 junkrat bombs coming from who the ♥♥♥♥ knows where, i watch the killcam and he's looking up praying to Jesus spamming left click, my 6-18 Genji then types ""tracer sell"" but he dare not say anything to his 0-9-24 Mercy E-Kitten who has not taken her nose out of his ass. 

I couldn't stand it any longer, i rapidly messaged my ""friend"" Ricky for some ""Sleeping Meds"". i met up with Ricky and paid him, as i got back into the driver seat of my car i almost immediately relapsed practically seething at the mouth at the thought of this new experience i would have, the ""sleeping meds"" Ricky gave me was a white-ish purple flower plant. He said i would have to smoke it out of something so i got a Corona bottle and made a makeshift bong, i took an inhale like it was my first breath of fresh air. I fell into the craziest and most vivid psychedelic trip you would only imagine of. without any hesitation i got the irresistible urge to do cocaine, so i rushed over to my therapist, Enzo's house. I demanded cocaine, i was like some sort of wild animal, after he told me he obviously had no cocaine, my body felt like it was on fire! I started Ascending into the air tearing through Enzo's roof, i felt ethereal, omnipotent. I felt power emitting from my body! 

I then unlocked Super Saiyan 3! With my new Saiyan form i blasted to the police station demanding their evidence locker! After they refused i blasted the nearest officer with a Super Kamehameha!! That man turned out to be my Ex-Wife's new spouse... So i made my way to the evidence locker and found the coke. i dug into it like a hound dog! i felt all my shivers and experience from overwatch go away.. but i also lost my Saiyan powers... and that's when remembered the wise words from my uncle Ben... ""With great power, comes great responsibility.""

10/10 Game would recommend!",True,1,59863
satan himself wouldnt recommend this game,False,0,12380
its an amazing fps shooter,True,0,212
I reached 50 hours today on Overwatch 2,True,0,2999
"Muito bom, jogo essa bomba desde 2016",True,5,4026
plays horrible so overstimulating so mch going on at once its dreadful,False,0,2186
",",True,0,448
they keep on doomfisting me,False,0,5622
"Incredibly frustrating game to even begin playing, the phone number verification is broken to pieces and makes the game entirely inaccessible, Impossible to come back to this game even with it being shifted to ftp. Absolute ♥♥♥♥♥ game just play rivals or tf2 instead my god how complicated can a simple phone verification get",False,0,34
i like hammer man,True,0,5840
game for gays,True,1,235
"CAN WE ♥♥♥♥♥♥♥ REMOVE D.MON OR AT LEAST NERF HER,???? ♥♥♥♥!",True,0,3517
"Terrible matchmaking, terrible maps, terrible everything really. Consistently gets worse every year.",False,0,3196
i wish i could travel back in time and warn myself not to play this game,False,0,217
buzz <3 brings people together,True,0,23649
good and funny,True,0,1547
I mean its alright like,True,0,8902
jpc isnt funny please stop,True,0,14414
garbage game with an obnoxiously autistic and queer community and it runs terribly,False,0,1497
Playing Zenyatta should be a bannable offense,True,0,140622
"im logged into blizzard on my computer, but some how haved to log in again to play the game on the game. had to verify email, then verify security code to my email, then verify my phone number, then solve a puzzle thats hard to see and everytime you get it wrong it adds another puzzle. at the end of it still didnt let me play, so i go to contact blizzard to say nothing but nice things to them. but theres no number to call that ive found. this is why most blizzard games are free. makes me want to shove my **** down there throat and have them verify that its there. will never play another blizzard game again",False,1,31
waddada,True,0,8464
"this game will literally make you want to uninstall it no matter how long you've been playing it. money hungry, no concept of balance, and a cesspool of trash people that only want to talk ♥♥♥♥ and try and pull racist bull. i'm so over this game its not even funny anymore. its time to get rid of it like the og game.",False,0,36122
rat,True,0,48615
they charged  me 40$ for a mercy skin and i bought it anyways,False,0,718
"love it, its the only way i can hate my life without playing a game 10/10 would recommend",True,0,115
its aight,True,0,15714
game sucks,False,1,8459
riily good i love it so much,True,0,243
Where's the futa widowmaker?,False,0,4149
zbalh,False,0,101
Review,True,0,30429
I HATE THIS GAME!!!! 5 stars,True,0,99
no,False,0,2351
thats it im nun.,True,0,11078
Never play this game!!!!!!! It has the worst matchmaking oat. I am EMERALD IN A GOLD TEAM AGAINST A FULL TEAM OF EMERALDS LIKE HOW IS THAT POSSIBLE. I regret playing this game every day and i hpoe that they fix this ♥♥♥♥ matchmaking and it has not only happend once but at least 2 times a day making me lose a bunch of precentage and de ranking 2 ranks a day. I climb upp to emerald 1 and intantly i get put in a gold team or a tema that plays like they dont have brian cells.,False,0,30607
i take back everything i said domina please destroy me,True,0,2110
"I cant even play the game because i don't have a correct phone number, Blizzard you are the most incompetent gaming studio to ever grace this earth.",False,0,21
i hate this game,True,0,332
It is overwatch.,True,0,287
"Please make just for you skins on a discount 

(I love moira killing me from 50m away)",True,0,26316
corn so good they made a game of it,True,0,1788
BROTHER ITS OVERWATCH,True,0,79337
this game has made me lost my mind for 5 years but yet i yearn for it and drop $105 on a bundle. i could never hate this game for some odd reason. thank you blizzard,True,0,62310
Greedy as ♥♥♥♥ monetization,False,0,374
"This game is utter crap, I never even got to step foot in the game because of the crappy phone number system. I was then banned from doing anything because I put in my, correct, phone number too many ♥♥♥♥♥♥♥ times. Never ♥♥♥♥♥♥♥ make another game Blizzard, burn in hell you ♥♥♥♥♥♥♥ ♥♥♥♥♥.",False,1,19
yay overwatch,False,0,6045
GG,True,0,12884
واو,True,0,1151
No Lucio mythic,False,1,49310
funniest game to rage bait on all you have to do is say L [instert ult here] and the other team gets super mad,True,0,14346
i hope this game dies off and rots forever. spare your own mental health and play ANYTHING else than this horrible game.,False,1,24747
Cannnot even play the game because of less clever capcha pregante you tf2 is better,False,0,22
♥♥♥♥ game,False,1,15135
i have more hours i wear. i switched from battle to steam,True,1,292
.,False,0,1562
labubu,False,0,34232
",",False,0,6800
What's wrong with this fu*cking server?,False,0,8872
"so 






























 









 




\













































 
 
























]

]


















if u see this u are gay


'",True,0,2765
poop,True,0,426
i lagg in 10fps,False,0,1074
"My story with this game:

Overwatch launched → Disliked the game.
Ashe introduced → Started liking the game.
Overwatch 2 launched → Disliked the game.
Ashe Mythic Weapon Skin launched → In love with the game. ❤️

At this point, I'm not playing Overwatch. I'm playing Ashe.",True,1,9103
ass,False,0,12
Its great if you hate youself and youre mental health :),True,2,16032
"Whatever is up with the game and its servers, its running really badly. God knows how they are optimising it.",False,1,361
this is fun!,True,0,1804
rein,True,0,1162
:v,True,0,1016
"Overwatch delivers an incredibly engaging and fast-paced hero-shooter experience that keeps you coming back for more. With a rich roster of unique heroes, dynamic team synergies, and vibrant map designs, every match feels fresh, competitive, and highly entertaining. Whether you are coordinating ultimate abilities or clutching a last-second objective contest, the core gameplay loop is exceptionally satisfying.

What Makes It Great

High Replayability & Teamwork: The game truly shines when playing with friends. Strategizing hero compositions, pulling off combo plays, and communicating on the fly make it an ideal game to drop into anytime for a quick session or a weekend gaming marathon.

Diverse Playstyles: Each hero offers a distinct set of abilities, allowing players to find a role—whether Tank, Damage, or Support—that perfectly suits their preferred style of play.

Room for Improvement

Matchmaking Balance: While the core mechanics are solid, the matchmaking system could definitely use some fine-tuning. You occasionally run into unbalanced matches where the skill gap between teams feels a bit too steep, leading to one-sided games.

Technical Glitches: There is also a minor bug where login errors occasionally pop up, temporarily blocking access to the game. While it doesn't happen every time, it can be a bit frustrating when you are trying to jump straight into action.

Overall, despite a few technical hiccups and matchmaking quirks, Overwatch remains a fantastic, highly addictive game that offers endless entertainment—especially when played alongside friends. Highly recommended for anyone looking for a polished team-based shooter.",True,1,3385
"I would've given Overwatch a positive review if it weren't for the dev's scummy decisions the past few years. It feels like Overwatch 2 (now just Overwatch again) was just a reason to easily scam more money out of us, by making basically everything a microtransaction. Want a cool new skin? Forget it, now you have to pay a full game's worth to get one. Which obviously wasn't the case with the original Overwatch. The gameplay loop itself can be fun, but then again the ranked matchmaking is just horrendous. Gives me PTSD to Marvel Rivals.",False,0,9441
"Worst ♥♥♥♥♥♥♥ game I’ve ever played. The servers are absolute dogsh*t!!!!!  constantly disconnecting mid game like maintaining a ♥♥♥♥♥♥♥ connection is some kind of premium DLC feature. How the hell do you release a multiplayer game when the servers can barely survive an entire match?

wwwwwwwwwwwwwwwwwwwwwwwwwwwwwwwwwwwwwwwwwwwwwwwwwww

And the matchmaking? An absolute ♥♥♥♥♥♥♥ disaster. Easily one of the worst matchmaking systems I’ve ever seen. I constantly get paired with teammates who play like they installed the game five minutes ago and skipped every ♥♥♥♥♥♥♥ tutorial available. Zero teamwork, zero awareness, zero game sense, zero ♥♥♥♥♥♥♥ clue what’s happening around them.

the enemy team somehow plays like a coordinated ♥♥♥♥♥♥♥ esports squad. How does that make any sense? One side gets players who actually know what they're doing while the other gets a collection of malfunctioning NPCs running around doing ♥♥♥♥-all.

The skill balancing is ♥♥♥♥♥♥♥ nonexistent. Completely different skill levels thrown into the same match, clueless teammates everywhere, and somehow you’re expected to carry four people on your ♥♥♥♥♥♥♥ back every single game. Whoever designed this matchmaking system needs to explain what the actual ♥♥♥♥ they were thinking because this ♥♥♥♥ feels like someone just throws random names into a hat and calls it matchmaking.

Nothing is more infuriating than wasting your time carrying a match, fighting your ass off to win, only for the garbage server to disconnect you or the matchmaking system to completely ♥♥♥♥ you over again.

How the ♥♥♥♥ was this game released in this state? Fix your ♥♥♥♥ servers. Fix this pathetic excuse for matchmaking. Fix the ♥♥♥♥♥♥♥ balancing and make the game actually playable.

At this point, the hardest opponent isn't the enemy team—it's this broken-ass ♥♥♥♥♥♥♥ game itself.

F**k Overwatch, and f**k Blizzard Small indie company that doesn't know sh*t.",False,1,210
No point playing this game if you are new and haven't played before. There is literally zero oppurtunity to learn what your skills even do before you are thrown into games where you will be oneshot instakilled constantly. Waste of time if you arnt looking for a second job.,False,0,871
the worst hero shooter ever made. Destroyed an entire genre forever,False,0,31
its a love and hate relationship,True,0,1721
i ♥♥♥♥♥♥♥ hate this game,True,0,4480
poop,False,1,6122
"if you really play the game, deep down you know it's bad.",False,2,10649
kitty,True,1,15956
"Give me my damn Inari Kiriko blizzard. I want it, you know I want it, I know you know I want it. You like money, right? Then give me the damn skin in the shop!!!!!",True,0,42165
This game sucks more than licking the dust off of the underside of a obease mans stomach purely for the fact that the gundam collab only has wing gundam suits wth wheres char,False,0,1457
Good,True,0,632
Great Game!,True,0,272
JETPACK CAT,True,0,9971
this game sucks ♥♥♥♥♥♥♥,False,1,5614
ai mujeles (a beces),True,1,22140
RE,True,0,593
"Very addictive gameplay loop that has me raging one day and fiending for more the next. Not a behavioral expert by any means but this shi ain't normal. 

Either way I have 95 hrs at review time and I'm sure I'll play 95 more. If you are thinking about playing this game I would recommend against it, you will develop a toxic relationship.",False,0,5749
just missing my chaewon,True,0,9114
This game makes me use hardcore drugs and beat my meat ♥♥♥♥♥♥♥ raw in pure rage. 10/10 would play again,False,0,8324
this game was good until D mon was put in the game is imposable because of the imbalance of the ops you can play as,False,0,5419
game sucks mad donkey balls,False,3,3927
meow,True,0,11689
love it,True,0,13864
dont play the cat or else,True,0,2069
Not bad. Team dependent,True,0,796
TEAMMATES ARE THE WORSE ♥♥♥♥♥♥♥ THING EVER YOU SELFISH PRICKS,False,0,6400
I Love Roadhog He is good-looking <3 But The Game is Trash,False,0,135
Every game i queue in is filled with lovebirds who won't play once u point out that they are trolling or throwing the game by pocketing each other.,False,0,679
"i hate this game, it makes me crash out, i recommend it alot",True,0,15473
doctrine and ramattra are hot,True,0,14077
worst gamer i have ever touched zero skill is needed the most dumbest pricing for skins is crazy almost $200 for like 5 skins is crazy def not worth and this game makes my blood boil for how ♥♥♥♥ it is now,False,0,1430
There are times where I like it and there are times that made me ask why this even exists,True,0,11057
♥♥♥♥♥♥ booty ahh game,True,0,8831
it's good,True,0,1970
"Overwatch is honestly unmatched right now. Half the complaining you see online comes from people who just haven't put in the work. It’s actually kind of funny when you think about it. Instead of whining, watch your replays and at the end of the day, it’s still a blast to play. SKILL ISSUE...",True,0,5503
Dont :),False,0,9638
This game has the exact same feeling as gambling. I love it.,False,0,1529
"everyone on this game claims that they are so good, but when you get in a team with them they are hot ass. I loved this game 2016-2020, but it is just infested with g4y people playing this game with one hand.",False,2,25273
"I think we all know why this game is garbage. I was there for the beta of the original overwatch. I played competitively for the first 5 seasons. I thought overwatch had it's problems then, but it only got worse as time went on. Game balance has never really been addressed in any meaningful and holistic way. Power creep has made a lot of these issues even worse. I also don't want to get into a super detailed review here, so I'll leave it at that for now. I don't think this game should be 120gb+ in size. That's insane.",False,0,7615
ad,True,0,1145
Fiuck this game,False,0,218
great game to play with friends,True,0,3914
wjha,False,0,541
waste of oxygen devs end yourselves,False,0,3175
67,True,0,281
"Logged on for the first time and I'm required to add my mobile number? .. So I'm locked out of playing the game. 

Why you need my mobile number? you got my Email , Name , and you want my mobile number? and if I buy anything my billing details? Just to play a video game? are you dumb? Massive data breach waiting to happen.",False,1,14
Banana Federation crafted Psyop to make your life miserable and inevitably leap from an exceedingly elevated height,False,0,21
game full of boosted ♥♥♥♥♥♥♥ and women,False,0,3613
Very good game,True,0,10984
good game in my opinion,True,0,9772
high ping,False,0,1785
literally just play TF2 instead,False,0,420
it sucks,False,0,62470
so this game is good but i left because i was done i wanted to play more then now i cant play for 2 hours because i left mid game the game warned but i thought it was like 10 mins,False,0,731
The people that play this game are terrible and just plain out weird. Ps. i suck,False,1,17768
finally looks like proper f2p game lmao,False,0,17539
It's Overwatch.,False,0,14
"Overwatch has had so many ups and downs. So many. But recently they've been putting their best foot forward, with the map design, recent character designs, and the gameplay loop. I've been enjoying the addition of the emerald rank, it makes diamond and above feel more rewarding and much higher skill. 

You'll see a lot of negative reviews about Overwatch, but it truly is an amazing game.",True,0,12290
OwOwatch,True,0,1631
nice,True,0,23626
jfhcjutv8y,False,0,1711
"Teamwork is essential in this game. Every now and then you get placed in a match where the supporters are doing their job, but its very rare.",False,0,459
"if you are happy and want to change that, this is the game for you!

edit: I have played for an additional 10 hours for some reason. I want to leave but every time I do, I find an excuse to be back. This time things will be different and I will actually have a good time",False,0,3086
"I've played too long (on both consoles and soon computer) and I had a long hiatus..come back..to nothing but stupid low IQ teammates who can't play dps and still solo tanks suck it puts them through so much stress because of the dps and i still don't appreciate the 6v6 queue up with no role picks, which tells me overwatch STILL doesn't listen STILL hasn't change Queue up when it comes to teammates which is a huge problem for that amount of skill issue in that game AND STILL a good amount of skins look close to default They are still overwatch 2 considering they don't have old maps from old overwatch and old overwatch had less problems then 2..i'm still very disappointed and Depress on how this game has become",False,0,14
an annoying team shooter that is satisfying if you learn how to play,True,0,1434
My favorite is wrecking ball I like to roll around,True,0,15934
poo game,False,0,247
"This game is a never ending lobotomy combined with a circumsition at the same time done by the goy leaders of israel

thank you overwatch",False,0,502
awesome,True,0,2308
I hate this game,False,0,11440
Good game for casual play and it has good plot,True,0,300
"Stella made me get this game, and i already wasted 30 dollars on this game.

well at least i get orisa, #GoonTime",True,0,191
FUH THIS GAME,True,0,103831
"Honestly this was my peak trashy game I played every single day for like 4 years straight like a whole religion. As much as there are terrible reviews (all valid) it's still so fun and a true punishment. I don't know if its a blessing or a curse but whatever Blizzard did in their last 2 updates was a nightmare. First it was having to open it like 6 times because it wouldn't launch and eventually randomly launched. 

Then this last update, it was became a total failure. The forums are all saying similar things too with folks having issues, massive data leaks, and people unable to launch since the Busan update having to do horribly convoluted work arounds only to have it still not work, or booted from games only to be punished for ""leaving matches"" when it was the game that was hella broken in the first place.

Like wdym Blizzard knew there were issues with people with AMD Ryzens or if you have one of several common apps installed? Wild y'all let the update launch.

The thing is if I were to be able to run this game again, I'd probably go back like a peasant and spend hundreds on this toxic relationship like nother happened lmao. What can I say, it's like a tempermental lover you have an on again off again relationship with. Fix your game Blizzard. With the terrible rep it has, the bare minimim is that it works.

Aside from the constantly broken game, the community is actually generally pretty great and the game itself is balanced and fun!",False,0,33007
lousi gaem,False,0,27987
this game is so fun i hate it,True,0,10978
"I would rather sell my left nut to canada and feed my other one to an ana player.

Reccomend if you like working with complete B.R.E.A.D players. This way you will be prepared for projects  working with others.",False,1,13362
bacon eggs and cheese cheese cheese 22 deaths firegiant,True,0,49439
Maybe I'll play Tracer,True,0,15652
NO. i do NOT reccomend this game i got attacked by a genji and i clocked him and he send 5 people to coke up my family and drug them then he killed them alive and made a whip out of their skin while i watched and then he pinned me down and whipped me and said ''I AM THE TRUE GENJI MAIN I RUN YOU'' and now i have 41 scars and no family no money no home no nothing DDO NOT INTERACT!,False,0,2149
so here´s the thing. I can´t play the game because it doesn´t let me use my phone number or numbers from friends and family when they ask me to give a number.,False,2,74
lwk paska peli,True,0,5321
it's alright,True,0,23937
D.mon,True,0,782
"Best game ever!!!
have played for 1200 hours now and I love it so much
11/10 game",True,0,68599
"I have 1900+ hours on this game at time of writing (played on Battlenet before the steam version released). Overwatch is a game that has something for everyone, of any skill level. If you are bad at aiming in FPS games, there are characters where you do not need to aim. If you on the other hand like fast paced combat, enjoy aiming and going bang bang with your weapon, there is a lot of variety also in which ways you wish to do that. There is a very large cast of characters, all of them do very different things (mostly) each character has unique abilities, voice lines, animations, cosmetics, perks, etc. There are a vast amount of different game modes in the arcade if you don't like the regular quick play, or competitive modes. Or you can use the game browser to find custom games, or make one yourself. There is also a practice/firing range for you to try out every character in the game, and see what they do before you play against real people. You can also set up a practice match vs bots if that still isn't enough for you. There is an in game match/team chat, both voice and text. I recommend ignoring these completely if you are new to the game, as people get very angry over silly things that make no sense (we're on the internet after all). I've described each character in Overwatch before like playing a different game, because of how differently they all feel to play, so you'll never run out of variety. Each character has a specific role: Tank, Damage (often called DPS), and Support. In quick play or standard ranked, both teams have 1 Tank, 2 Damage, and 2 Support players. This is a a good thing. I started playing the game when the role queue system did not exist. You would queue into a game and no one would want to play as a healer, so your team would just die if you didn't choose to suck it up and play Support to heal them and keep them alive. Role queue has eliminated this problem entirely. If you want to see what it felt like without this, there is an open queue mode, where there are no restrictions on roles. I only advise playing this if you are prepared to endure what I have just spoken about. Overall, I think Overwatch is a great game. You can play it with friends, make new ones, or play alone. There is something for everyone as I have said, and even if you're not ""good"" at FPS video games, this does not matter, as you can find a character that you like, and suits how you play, and become good at them and learn them. And also, this is a video game. It's really not important at all if you're good or bad. A game is something that is meant to be played for fun. Don't forget that. And please do not ever let anyone ruin your fun, in any video game. If you do play the competitive mode, you are expected to play to your best, so do try in this mode, or people will report you. It's good to have a few characters that you are comfortable playing before doing competitive, so that if someone takes your character, you have someone else that you can play. Anyway, give the game a go since it's free. I'm sure there will be something that you enjoy about it.",True,0,13027
"Install the game:
-Seems fun enjoy first game
-do so ♥♥♥♥ get told to kms
10/10 would recommend",True,1,6140
"This is genuinely one of the worst matchmaking systems in any video game ever created. Be prepared to have teammates that are all doorknobs while you get steamrolled for 8 games in a row until you finally get a team that is somewhat decent to just barely win...and then go on another losing streak. 

I'm slowly losing the will to even attempt to play this game. Genuinely it is one of the most frustrating games I have ever played.  Competitive is a little better only because you can ban heroes that make the game unfun. Your teammates are still morons though.",False,1,4973
"QP has absolutely nothing even resembling team balancing, queues often take ~10minutes only for the game to be an absolute stomp for either team.
Only chance of having competitive games is to play ranked which would be fine if you don't live in eastern europe.",False,0,50223
everyones ♥♥♥♥ and slow,False,0,27186
"i lag every 2-3 mintues crippling lag that freezes me and makes the game absolutely unplayable. I get i play on wifi, but when this is the -only game- that does it this consistently and it's like critical lag i come back dead every time, its not just jittery frames.",False,1,2661
No.,False,0,1432
Ryūjin no ken wo kurae!,False,0,9524
"game supports israel , company full of pedofiles and sexual harassment cases. Look them up its real",False,1,323
good,True,0,278
good,True,0,1253
meh,True,0,4837
by far the worst game ive played,False,0,1386
This game is like a confusing toxic relationship you both love and hate each other but its more hate than love you don't break up cause the sex is kind of good and sometimes it's going right but then after a little while you start fighting again and the cycle continues slowly breaking you down physically and mentally.,False,0,7936
Good game,True,0,505
♥♥♥♥ GAME DONT EVER THINK OF PLAYING THIS ♥♥♥♥ MARVEL RIVALS IS FREE GO PLAY THAT INSTEAD,False,0,1113
GG FRUGGIN EZ,True,0,295
"Guys, I'm shaking. I'm ♥♥♥♥♥♥♥ shaking.

I never wanted to breed with anyone more than I want to with Halloween Mercy. That perfect, curvy body. Those bountiful breasts. The child bearing hips of a literal goddess. It honestly ♥♥♥♥♥♥♥ hurts knowing that I'll never mate with her, pass my genes through her, and have her birth a set of perfect offspring.

I'd do ♥♥♥♥♥♥♥ ANYTHING for the chance to get Halloween Mercy pregnant. A N Y T H I N G. And the fact that I can't is quite honestly too much to ♥♥♥♥♥♥♥ bear. Why would Blizzard create something so perfect? To ♥♥♥♥♥♥♥ tantalize us? ♥♥♥♥♥♥♥ laugh in our faces?!

Honestly guys, I just ♥♥♥♥♥♥♥ can't anymore. ♥♥♥♥.",True,0,2112
"hi if your reading this save yourself the time and dont bother with this game or at the very least do NOT spend money. have played overwatch for 10 years started on console and moved to pc about halfway.

these days i mostly only play quickplay and yet the other day for the first time ever i recieved a 2 week suspension.

i can be a bit toxic in retaliation sometimes swearing or calling someone trash but nothing to warrant a suspension thats why in 10 years this is a first. which is concerning because i know i just got picked up by some automated bot after being reported. no explanation why or logs.

i spent alot of money on this game over the years because the cosmetics and prior lootbox system are notoriously expensive and this is the first time ive realised that even at that ridiculously high price point i really dont own any of it.

i can be spam reported tomorrow and lose everything.

keep this in mind if your ever thinking of spending a dollar on a game with a report system like this. its a shame because quite frankly this game can be fun, but is just as equally a miserable experience the other half of the time and the only thing that was enticing to me was the character level and cosmetic grind.",False,0,40600
Good Game make my mental break,True,1,19554
even more buns.,False,0,19358
You will get depression.,True,1,32305
cringe,False,1,5527
Glitches have been in the game for 3 years or longer never get worked on. Characters in this game suck and since this game thinks its competing with rivals they introduce new ones without working on old ones. Honestly more toxic on US servers at night.,False,0,4972
Feels like dragging my balls through shards of glass,False,1,431
this game sucks,True,0,16953
is fun,True,0,2424
♥♥♥♥,False,0,6
Game is hot garbage only because of that chinese fire kid. Remove her and game will be good again,False,0,19413
"It's really friendly,fun and great for playing with friends.",True,0,49149
"Bought the original Overwatch ~10 years ago, enjoyed it until the shield meta happened and never really planned to go back, especially after the OW2 crap and PVE cancellation.  A friend got me back into it and I've been enjoying it.  A significant part of that is I'm not playing ranked and I'm not spending money.  Also, they gave me a bunch of in game currency as compensation for having spent money on a game that became free to play.  They give out free loot boxes for playing so you can get things without spending money.

Tldr: I recommend it as long as you keep things casual and free.",True,1,5141
I hate this game with all my might...anyone wanna queue?,False,0,6877
good skins,True,1,27033
777,True,0,689
"It's really annoying that I had to download the game again to get my purchase on steam into the game. But good riddance of bnet on my pc.
It is even more annoying that the game still wont close properly. Every time I quit it I have to use task manager after.
And this game really needs more good maps like kings row.",False,0,246
wouldnt even launch. just kept getting a black screen with ambient sound and sometimes a QR code would appear but would disappear just as fast. tried all the troubling tips i can find but nothing seems to work. tbh i didnt even wanna play this game anyways. i just wanted to check if my old account from overwatch 1 was still there from when i unfortunately paid for the game on nintendo switch,False,0,7
"This game will ♥♥♥♥ your mental and make you want to skin yourself alive and pour bleach into your eyes people can not play the game on your team and when you give them advice on how to play the game and tell you to kill yourself so like fairs and if you play D.Va, Domina, Doomfist, Hazard, Junker Queen, Mauga, Orisa, Ramattra, Reinhardt, Roadhog, Sigma, Winston, Wrecking Ball, Zarya, Anran, Ashe, Bastion, Cassidy, Echo, Emre, Freja, Genji, Hanzo, Junkrat, Mei, Pharah, Reaper, Sojourn, Soldier: 76, Sombra, Symmetra, Torbjörn, Tracer, Vendetta, Venture, Widowmaker, Ana, Baptiste, Brigitte, Illari, Jetpack Cat, Juno, Kiriko, Lifeweaver, Lúcio, Mercy, Mizuki, Moira, Wuyang, Zenyatta. You should just die already bro.",False,1,10911
"Uh, ♥♥♥♥♥♥♥ easy

[Chorus]
GG, ♥♥♥♥♥♥♥ easy
GG, uh
Uh-uh
GG, ♥♥♥♥♥♥♥ easy

[Verse 1]
Wait
Why am I losing, woo
Log in, new skin
Black fit, big grin
Left step, right slide
Cool face, online
You look, I lag
Heartbeat (Heartbeat), red flag
Talk ♥♥♥♥ (Ty-ty), type fast
Caps lock (Mm), all trash
One tap, I'm dead
Low HP in my head
No shield, no save
You smile, I cave

[Interlude]
Skill issue
Skill issue
Skill issue
No, like
Actually shut the ♥♥♥♥ up

You might also like
GGEZ
Kaien Nuen, SUGAR (CNCA) & M.Sasuke
misery.
pupsies
gg ♥♥♥♥♥♥ ez ദ്ദി(˵ •̀ ᴗ - ˵ ) ✧
gunk, zayok & edyn

[Verse 2]
I was fine
I was clean
I was winning
On my screen
Then you came in too OP
Now it's looking like
GG

[Chorus]
GG, ♥♥♥♥♥♥♥ easy
GG, ♥♥♥♥♥♥♥ easy
One shot (Woo)
Low HP
GG, ♥♥♥♥♥♥♥ easy
Talk ♥♥♥♥, hit me
Toxic, kiss me
I hate this
I need this
G-GG, ♥♥♥♥♥♥♥ easy

[Post-Chorus]
Left, right, freeze
Pop, rock, breathe
Tap, tap, clap (Drop)
Drop down, back (One)
One, two, three (Woo)
G-G-G-G

[Verse 3]
Report me
Delete me
Round two, respawn
Same you, uh
I'm gone
Act tough
Big mouth
You move, I bow down
Chat says, ""Uninstall""
I say, ""Your call""
Muted, sill loud
Too toxic
Too proud (Woo)
Rage quit (Nope)
Queue up again
I hate you, I hate you, I hate you
Wait
Send invite again

[Verse 4]
Nerf you, nerf you, nerf you
You're too ♥♥♥♥♥♥♥ broken
No cheat code
No control
You got me body and soul
Tryna block
Tryna breathe
But your name pops up
GG",True,0,4608
I'm free,False,0,26661
"This game genuinely sucks so much ass, every time I play this game I feel the life slip from my soul and afterwards I feel dead inside, lifeless , devoid of joy. Of course I take out my aggression on my family such is the nature of life. Anyway yeah great competitive hero shooter would recommend",False,0,368
"developed a toxic relationship with friends in this game, but it's okay",True,0,2551
i love playing ow,False,1,15940
mmm kiriko... i love kiriko,True,0,10548
game ♥♥♥♥,False,0,2795
"After a long time of not playing this game, I know realize why I stopped playing this ♥♥♥♥ years ago.",False,0,1026
its overwatch,False,1,1748
i love this game a lot,True,1,3519
I play Genji. When I ult evryone else ults. 10/10 experience,True,0,7668
awesome!,True,1,1183
this game ♥♥♥♥♥♥♥ sucks,False,1,291
"ive been playing this ♥♥♥♥ game since 2016. this is probably the worst its been since post echo release where there were almost no patches and no cotent updates. the balance of this game is ♥♥♥♥♥♥♥ awful. they balance around casuals and low ranks so much to the point where the low skill cieling/low skill floor characters (kiriko, jetpack cat, sojourn, bastion, mauga, ram, dmon) have all been the best characters since their release. it is awful. i dont understand why they balance the game like this. dmon has a 57.7% average win rate across all ranks. but she was terrible on release. they buffed her through a hot fix and she was fine. then buffed her again. and then again. for no reason. they are so slow to make any meaningful changes. the most recent patch (September 8, 2026) did ABSOLUTELY NOTHING TO CHANGE ANYTHING. they nerfed kirko, jetpack cat, mauga, dmon and they are STILL THE BEST CHARACTERS IN THEIR RESPECTIVE ROLLS. they also nerfed zen, which has by far been the WORST support in the game for a while. in the upcoming season patch (october 2026) they said theyll make some meaningful changes but i just doubt it. they said this with the sept 8 patch and that patch did nothing. in season 9 they also made a disastrous change to the health pool and projectile sizes. the higher health pool sizes make dps feel awful to play. and the projectile size increase made hitscan go from a role that actually required skill and time to get good at, to this role where anyone with a funcitoning brain stem can play. i understand they increased the health pools because theres 1 tank because of 5v5 but like. COME ON. maybe just switch the game back to 6v6. 5v5 has been a failed experiment. the amount of people that play 6v6 is also only growing because it is just more enjoyable. the only reason i play 5v5 is, 1. its more competitive and thats what the game is balanced around and 2. its role queue. if they make 6v6 role queue instead of open queue, i think most people would start playing 6v6 way more then 5v5. including myself.

the community is also ♥♥♥♥♥♥♥ awful too. these people complain about characters that are actually ♥♥♥♥♥♥♥ terrible or are just not that good, like sombra or genji. they complain so much instead of getting better and learning to play the game properly. so many people just straight up do not understand this games fundamentals. it is ♥♥♥♥♥♥♥ crazy. now, obvisously that just contradicts what i said about the low skill cieling characters being the best characters (kiriko, jetpack cat, sojourn, bastion, mauga, ram, dmon). why not just learn to play against them? well, i have. and it is ♥♥♥♥♥♥♥ miserable because they are so uninteractive and brain dead. they literally require no brain activity or mechanics to play. dps is also the worst role in the game by far. nearly every tank and support character is good. except for zen (support) and junker queen (tank). but for dps, the only viable characters that wont make you want to go ♥♥♥♥♥♥♥ crazy are hitscan role characters (cass, sojourn, freja, widow, hanzo, soldier. i know freja and sojourn arent ""hitscan"" but hitscan players play them so thats their role.). and then some flex dps characters like bastion, sym, tracer and shion. however tracer and shion do such little gun damage. it is torture.

the monetization... the monetization for this ♥♥♥♥♥♥♥ game is ATROCIOUS. the most recent bundle, the le serrafim collab, is over 200 ♥♥♥♥♥♥♥ dollars (CAD). the thing that sucks is that apparently theyve already made more money on this one then the last le serrafim collab so there just going to keep putting the prices up. and the devs wont see most of the money. you know, the people that actually make the ♥♥♥♥♥♥♥ game. the hire ups who make all these stupid decisions will see this money. 

if this game was still overwatch 1 and the majority of the community still played the competitive mode like in overwatch 1, this game would be dead. burned to ashes. the only reason this game isnt dead yet is because it is now a casual game instead of a competitive game which sucks. at overwatch's peak of competitiveness, it is ♥♥♥♥♥♥♥ amazing. it is an amazing esport. unfortunatly blizzard doesnt put a lot of money into the scene. in the overwatch world cup (2026) there was a moment that a lot of people said was the reason why overwatch is a great competitive game and i 100% agree. this is the clip: https://www.twitch.tv/ow_esports/clip/DarlingBitterKoalaWholeWheat-1NfM0Eg1YNCyzeHM?range=7d. that clip is nothing short of absolutly amazing. it reminds why i fell in love with this game. there is such a high skill cieling in this game. which in my opinion surpasses a lot of other esports. it just sucks that they balance the game in the direction of such low skill. the game doesnt even have to be balanced 100% so everything is fair either. thats impossible with a game like overwatch. but, it would be nice if when a patch came out, the meta would actually shift and change. do this every 2 seasons or so, so that the game feels fresh and exciting. instead of the same brain dead characters being meta, make winston meta. make tracer meta. make lucio meta. PLEASE. just something different. these are all characters the community has loved for the past 10 years and it just sucks to see these deep and skillful characters be outclassed by the brain dead skill-less characters. i dont know why the balance team is so terrified of dive being meta. its so annoying. a lot of people including myself regard peak dive (2017-2018) to be the peak of overwatch. because it was FUN. you could play the characters that were FUN. the game actually made you take time to learn characters that required skill.

will i still play this game? yes. 

the only reason i would recommend this game is if you just want some casual fun. since 2016, i have held the belief that this game is by far the BEST casual shooter market. it always has been and it always will be. but if you are looking for a competitive experience, BE WARNED, this is not the game for you.",False,3,34102
Hate the Cat,False,0,429
I'm a causal and I have my fun wit it,True,2,3330
Junkrat lick my face :drool:,True,1,524
if u wanna question ur life get this game,True,0,17838
You can feel your sanity going to hell with every ranked match. 10/10,True,0,2240
maybe the best hero shooter ever,True,0,1894
betterr,True,0,1626
where my heals,False,0,497
"A good time, a great game still - Sombra is still broken and needs to be delete from the game otherwise its a good time.",True,0,15995
"I hate this game, I play it almost everyday.",False,0,2725
"I really enjoy playing Overwatch. It is a fast paced first person shooter where you defeat the enemy team using your skill and teamwork. Each character is wonderfully detailed and I'm shore you can find a playstyle that suites you. My main dislike is that it has a lot of in game transactions but I forgive it for it being a free game and also having many events where you can get cool and exlusive skins, emotes, ect. for just playing the game during the event. Would totally reccomend if you like PvP shooters and enjoy the teamwork aspect. 5/5 stars",True,0,1821
"do NOT play this game if you have self respect. unfortunately for me, i do not. all your teammates will suck ass ESPECIALLY IF THEY PLAY MERC Y. DELETE IT WHILE YOU CAN.",False,1,282
please do not play this ♥♥♥♥,False,0,3951
if you hate your life go for it,True,1,384
this game ruined my life,True,0,28333
best game ever 100/100,True,0,1313
i smacked my baby mom so ♥♥♥♥♥♥♥ hard over this game,True,0,14159
worst ♥♥♥♥♥ teamates who are sensitive to everything,False,0,376
this game sucks,False,0,438
"Quite possibly the worst matchmaking I've ever seen in a game. Will frequently end up in games where nobody on my team knows how to walk forward or shoot, whereas the enemy team has been practicing for the match for the past week.

The game is a lot of fun when you get a balanced match but those matches are so few and far between that I can't recommend this game to anyone unless you can get enough people to fill a full team.",False,0,2283
its just good,True,0,237
Mama hong isn't real,False,0,10892
Overwatch is an amazing game,True,0,4224
if i feel too happy i just get on this game,True,0,2782
my teammates are Tel Aviv plants,False,1,8223
"تفرق بين الاصدقاء
 علي مو خوش dps",False,3,22393
worse that heroin addiction,False,0,2949
Don't ever play competitive because everyone is ass,False,0,7270
Gouging my eyes out,True,0,57694
super duper fun:),True,0,3291
It is fun to improve and the characters are cool and well designed.,True,0,2114
"Game is enjoyable, female/male hero skins are way better then valorant ones, weapons, etc. The only downside is the settings when u tweak them dont work when u want them to and will 50/50 drop ur fps however that can just be my bad laptop i play on and other then that i recommend this game to anyone who wants a game thats competitive, challenging, fun, cause u to throw ur mouse cause ur teamates are so bad they might as well team up with the enemies to foil ur match and win etc. i hope u guys enjoy my review and yeah.",True,0,362
"if you hate yourself, it alright. 
if your team isnt bad, its prob u.",True,0,6850
i hate my life,False,1,1059
i play this purely because i hate myself in every posible aspect and this game is addictive in the worst way possible,False,0,64259
By far the worst multiplayer game ive ever played. This game deserves to die.,False,2,84
never in a million years did I think I would be into a game like this. I've spent more time on it than I ever expected to and I'm hooked. I love it!,True,1,1620
I genuinely do not know how a game can make me rethink about taking my own life plus make me wanna end it simultaneously,True,1,21652
"no tracer barefoot skin, will update when one drops!",False,0,12266
"gud, toxic but gud",True,0,25838
"The game has come a long way in 10 years. I've put more than 3k hours in and there have been many stretches where I'd recommend against it, but this year has been its best yet. It's not perfect, but the game is in a great state and there's a lot to enjoy here. I'm sure it can be a little overwhelming to start so deep into the life cycle, but just pick a hero you like the look of, hop into quick play and enjoy the learning process.",True,4,17401
gay,False,1,201
hate this game,False,1,3868
If I could go back in time to when I first started playing in 2018 I would tell my little self that he would rather be on the streets as a crack addict than play this game.,False,0,3413
good,True,0,902
Gotta jump through too many hoops to play a game well past it's prime.,False,0,638
cannot freak it with rein,False,0,1097
buff juno,True,0,62997
its ok i guess,True,0,62117
this game sucked,False,0,62
DIE,False,0,12177
do NOT go in any chat channel. gooners all round,True,0,10818
hjfjfgyj,True,0,1547
im ♥♥♥♥,True,0,38
roadhog nerf,False,0,2061
"Absolute dogwater launch, overwatch 1 died for it and it stepped all over its memory.

After a few years, its finally in a good place and is still one of the smoothest hero shooters around with great visual clarity

Play it in short bursts if your mindset isnt great, but otherwise this game is great to lose hours to just spamming into next game queue or for a few quick games when each match can last anywhere from 6 - 13 minutes in quick play

Still has a couple issues to work out aswell as having the usual caveats to being a live service competitive pvp game (five words that alone should set your expectations on what it is) but from a casual viewpoint this game is going in the right direction (probably thanks to a certain [i]Rival(s)[/i] game setting the fire underneath them when we all went to that instead",True,0,3476
nice ass,True,2,32769
"Very fun with the right people, with the wrong people tho...",True,0,671
fun at times but matchmaking feels bad,True,0,839
"I absolutely love this game, didnt have a way to use my playstation rn so I started on pc and picked right back up. Doctrine is amazing and cant wait for his full release next season",True,0,644
nuh ;(,False,0,6372
"I needed a Battlenet account to play this game, i created one after some annoying and unecessary trouble and when it asked me to connect a phonenumber or i wouldnt be able to play overwatch it denied my phone number since it is post paid, which it should be. then i tried a different phone number which also was a post paid it still asked me to enter a post paid number. So i cant play this game because of an issue that shouldnt be an issue.",False,0,23
Servers issue ----- > got suspended,False,0,20970
it's overwatch,False,1,10
;rdtfsgehLKJNfldiutfgh,True,0,2016
Great Game,True,0,648
my friends force me to play this,False,1,1040
https://store.steampowered.com/app/2767030/Marvel_Rivals/,False,1,150
This game is trash.,False,0,6302
Basically anything you play cannot be enjoyed because you cannot enjoy playing against those same very characters.,False,0,32720
"Awful game, always complaining about tank when all i do is die",False,0,1130
peak after you plY FOR a month,True,0,3359
qa,True,0,14346
"Evil ""game"" made by evil people for evil individuals",False,0,780
i lose hope in humanity every time i launch this game,False,0,3990
V SWAQ,False,0,184
"I've played this game almost since it released, it's just a banger of a game and compared to other multiplayer shooters this one just never gets old!!!",True,0,825
shion is fine asl 10/10,True,0,1635
it's fun with frriends,True,1,480
"Don't even try logging in to this game, tried nearly everything, it is impossible.",False,0,11
peak video game,True,1,214
aa,True,1,15374
"It's 2026 and I still can't log in without a ""Post-paid number"" even though I already switched to a Post-Paid plan.",False,0,40
everyone at blizzard is genuinely worse than hitler. i dont think i need to elaborate,False,1,1446
if u want to suffer,True,0,66476
bag game,False,0,8125
r34 deliciously good,True,1,5202
ramatta and osira and venture yeah venture mainly yay venture,True,0,15442
"anran feet are good, 10/10",True,0,4994
"ive been playing overwatch for almost 3 years and during the first half of the first year, i did not have any sort of fun. but later i got used to the game and the game started being really fun even without friends. i have around 800hrs on this game and i recently moved on to steam cuz i like all my games to be in the same place. 

the minimum requirements of this games is kinda wrong and you need a 3rd gen or 4th gen i7 processor atleast.",True,0,2206
Definitely a game of all time. Hate it and love it. Love to hate it and hate to love it. Its like a dog that peed on your fresh laundry. Do you want to punt it across the room like they're perfectly Stewie Griffin shaped? Yes. Do you still love them? Yes.,True,0,13363
WHAT IS THAT MELODY,True,0,2838
Booba,True,0,13125
"Congrats blizzard for losing a returning player to your game, how come requiring a post paid number still not being addressed? This proves that I'm not bothering playing this game anymore because of that issue. Big L.",False,2,126
I could not play because it has an inaccessible security wall.,False,0,7
LilyPichu,True,0,16890
greatest game of all time no questions,True,0,64605
just play marvel rivals brah,False,0,5704
meow,True,0,2374
"I'm addicted, help.",True,0,2539
i guess i'll be tracer,True,0,202
"wanted to give it a try, but then realized i needed to recover my account, didnt remember neither the email nor anything related to it, last time i logged in was like 6 years ago or something. Turns out you cannot use the same phone number for a new account, okay fine ill just create another account then, ""please use a prepaid phone""... I AM ♥♥♥♥♥♥♥ USING ONE, cannot even play the game because of all the ♥♥♥♥♥♥♥♥ they pull of even before i can log in and play, this company is ♥♥♥♥♥♥♥ and deserves to rot in hell,",False,0,29
"Just got back into the game just to find out Stadium (THE ONLY MODE I PLAY) is now no longer being supported or updated. I cannot believe we live in the time where MAJOR GAME MODES will just be abandoned because it doesn't have ""the numbers"" instead of just trying harder to get numbers by ACTUALLY UPDATING THE MODE AND GIVING IT FREQUENT CONTENT.  Like bluntly stadium failed because blizzard never added characters the fans were asking for nor did they update it frequently enough not because of ""LOW NUMBERS""
Stadium is genuinely the only mode worth playing and still has so much potential, i'm desperately hoping they come back to it at some point but knowing blizzard and overwatch i doubt they even care enough to put in the effort.",False,0,19827
They added like 10 characters since I last played and people still play Hanzo,False,1,579
Fix your Damn server :(,False,0,11983
"⭐⭐⭐⭐⭐

Overwatch is honestly a great game, especially if you like playing tank. I main Orisa and there’s nothing better than holding the frontline, surviving everything thrown at you, and annoying the enemy team 😂. Games can be chaotic sometimes, but when everything clicks, it’s so much fun. Definitely recommend giving it a try!",True,0,246
L game,False,0,1880
i mean it's alright like,True,0,40009
"ring ring... winston is calling? overwatch needs me !! 
 10 / 10 great great game",True,1,20685
It wanted me to create an acount on battle.net so i did went back on overwacth it sill wanted me to create an account itgave me nothing to on what else to do to play it,False,0,11
just do,True,0,37641
wallahi jayden li the worst player,True,0,5143
"Overwatch is ♥♥♥♥♥♥♥ ♥♥♥♥♥♥♥♥♥♥.

I genuinely don't understand how Blizzard managed to create a game where the biggest enemy isn't the other team — IT'S THE ♥♥♥♥♥♥♥ PEOPLE ON MY TEAM.

Every single match feels like matchmaking reaches into a dumpster, pulls out four random corpses, hands them a controller, and says, “Yeah, these guys should be on your team.”

I am fighting for my ♥♥♥♥♥♥♥ LIFE while my teammates are sightseeing. The objective is right in front of them and somehow they are in Narnia. I ping the objective. Nothing. I type in chat. Nothing. I watch the replay and somehow they're making decisions that would get a ♥♥♥♥♥♥♥ Roomba stuck in a corner.

The enemy team? Coordinated. Perfect positioning. Everyone knows what they're doing.

MY TEAM? One person is 1–14, another is staring at a wall, someone is fighting a completely different battle code-named “♥♥♥♥ The Objective,” and the tank apparently believes their ultimate ability is to run directly into the enemy team and die.

And then, somehow, AFTER ALL THAT, I get blamed for the loss.

WHAT THE ♥♥♥♥ DO YOU WANT FROM ME?

Do you want me to play all five roles simultaneously? Should I start controlling my teammates with a ♥♥♥♥♥♥♥ second keyboard? Should I physically enter the monitor and drag their characters to the objective myself?

I swear this game doesn't test your skill. It tests how long you can stare at your screen before questioning every decision you've ever made.

Overwatch isn't a team-based game.

It's a ♥♥♥♥♥♥♥ babysitting simulator where the children have guns.

10/10 gameplay.
0/10 matchmaking.
-47/10 mental stability.

Would absolutely play again because apparently I hate myself.",False,1,71878
"i have over 650+ hrs on battlenet but i love this game, been playing since 2017. its had its ups and downs but theres so many characters with varying playstyles that you cant really get bored if you try new ones/ones you suck at each day! runs really well on this pc and hp victus gaming laptop (150 fps on both, albeit laptop has lower graphics)",True,0,717
"used to be decent and enjoyable to play
gets worse with every update",False,2,83226
Trash,False,0,81843
"I love the game, but do wish the art style and aesthetics were closer to Marvel Rivals.",True,0,6880
Way better than marvel rivals,True,1,3111
its ass,False,0,8146
d.va and juno are the best characters i love this game,True,0,333
gayer than valorant,False,0,207
good,True,0,20604
"Somehow my enemies shoot like three times my hitbox besides me and still hit me.. anyways great game if you want to punch a hole in your monitore. 

The best Part is playing my glorious Reinhardt or shooting one gazillion shots per second with the wonderful clanker.

Recommend for everyone who likes first person shooter without knowing whats happening.",True,0,4949
probably ♥♥♥♥,True,0,2736
"woke & dei & gay propaganda slop
ky5 blizzard",False,1,23
have liked it so far,True,0,883
Goyslop,False,3,182
this game can either improve your life or destroy it. i love the mental fight in this game and i love the chaos. super fun,True,0,20966
If you enjoy being stunned every 2 seconds and kicked in the balls then this and Deadlock are perfect games for you,False,0,203
Makes me mad but fire,True,0,10190
fun but rage inducing,True,0,400
Wow just wow so buns,False,0,576
very fun,True,0,6183
"Reinstalled after not playing for so long, nothing has changed... Still 24/7 sweats IN CASUAL!... Still OP heroes that outrank the others... Still the same lazy devs who release ONE good hero only for him to still get outshined by the others because they don't care now Marvel Rivals is dying again xD",False,0,3999
If I EVER get hooked by a hog again I will not think twice about blowing a hole straight through my monitor. I'm so glad this character is getting re worked along side with sombre in this up coming patch.,False,0,3980
i hate this game,True,0,3131
SUPER HELL,False,0,1134
this game killed me and my mom and my dad and my brother and my sister and my dog and my cat 0/10 never play btw my grandma also died and my grandfather and my uncle and my aunt and my cousin and my wife and my husband and my stepbrother and my stepsister and my stepfather and my stepmom and my step cousin and my stepaunt and my stepuncle and my step grandmother and my stepgrandfather and also they killed darnell and nathan and andy,False,0,73671
"♥♥♥♥♥♥♥ ♥♥♥♥♥♥♥ performance, i can play cyperpunk with raytracing on high settings and im getting 60fps stable but in this game on the lowest settings i cant even manage to move and it all started like a week ago, what happened??",False,1,5165
poop,False,3,6330
"I’m going to be brutally honest, don’t play this game. Your better off playing tf2 then this",False,0,188
"THERES NOTHING TO GRIND FOR. OWL HAS BEEN DEAD. NO ONE EVER TALKS. NOTHING DIES BUT YOU FEEL LIKE DOOMSDAY IS RIPPING YOU IN HALF, I WASTED 10 YEARS OF MY LIFE. I SHOULDVE LEFT IN 2019. I'M A FOOL.. IF YOU""RE STILL A KID. PLEASE FOR THE LOVE OF GOD. GO FOCUS ON YOUR STUDIES OR FIND A JOB. GET A GF,, HANG OUT WITH YOUR FRIENDS AS MUCH AS YOU CAN. LIVE YOUR LIFE AND LEAVE IT ALL BEHIND. IM 21 YEARS OLD WITH NO SOCIAL LIFE, NO ACCOMPLISHMENTS TO MY NAME, NO DEGREE. NOTHING CAUSE OF THIS GAME. I APOLIGISE TO EVERYONE IN MY LIFE. 

SINCERLEY LUNASTRATUS 
SIGNING OFF FOREVER 
9-14-26
3:04 PM PST 
RIVERSIDE CALIFORNIA.    getting kills feels more like a relief then anything satisfying. It is so stressful to even get a kill. Maybe my passion for the game is gone but damn man. I shouldve stopped playing 2019. That was probably the last time I ever felt anything for this. But on to the next.",False,1,55561
TBH everytime i open this game i'm like hey ihaven't played this game for a while let me check what's new and trying to enjoy myself but every time i queue i remember why i stopped playing this game couses me such mental grief that i dont know why i keep comming back,False,0,442
"Greedy game. 40 dollar skins and a 200 dollar pack skins used to be 20 now there 40 what is this inflation soon will be paying 100 dollars for skins. like today i was like. OH cool they added alot of good skins saw the price and was like, BRUH nvm im not paying fro overpriced digital art. and i bet these wont be in loot boxes so get ♥♥♥♥♥♥. Blizzard has turned into straight greed over the years and it sucks. devs dont care about players any more.",False,0,3757
this game genuinely gave me aids and the ranked system is terrible pls save urself pslpslpslpslpslplssss u will GET CRABS IF U DOWNLOAD THIS GAMEEE,False,0,10897
good,True,0,8540
better than val,True,1,6961
Don't start playing it,False,0,2697
uhh... yep.,False,0,4046
i hate this game,True,0,2182
have to set up uneseery acounts to play waist of time and wouldnt even all me to set up my account,False,0,9
"This game used to be good and balanced. Now its one of the most disbalanced sh1tty game that you can play in your life. They are so trying to redeem themselves compiting with marvel rivals that quality of the game is on a ground. PLS dont download it, dont waste your precious time and money for this bs, espesially when designs of the skins are disgusting, soulless and creativity in a lvl of a rock. This is unfortunate, but greed killed this game",False,0,3416
mid,False,0,15
"installs a virus called ""Overwatch"" on your computer",False,0,323
"I played one game, game disconected me, and gave me a 2 hour ban, i would recomend 100%",True,0,336
"I hate the team mates i get that are straight from bibis pocket, id rather play siege",False,0,858
♥♥♥♥♥♥♥,False,0,44
fun,True,0,239
"The name change to Ovewatch 2 and the PVE was all performative, really they just wanted an excuse to switch to a free to play model and screw over its players even more.",False,0,2939
x,True,0,900
kill all dps moiras,True,0,255
if chatgpt claude and gemini all went down at the same time my teammates would all disconnect,True,1,25916
woke,False,2,351
"This is the worst ♥♥♥♥♥♥♥ game on planet earth, I get disconnected from my game OUT OF MY CONTROL twice in a row and get suspended for it, Bad game, would not recommend 0/5",False,0,299
fun and chill,True,0,31
yeah. overwatch is back.,True,0,93069
gug,False,0,4585
WAAAAAAAAAAAAAAAAAAAAAAAAAAAAAAAAAAAAAAAAAAAAAAAA DOOOMFIST >_<,True,0,20416
"Just trying to enjoy a game with the boys and the game just happens to be the most unoptimized game ever, WDYM 16gb of ram is constantly being used causing so much stuttering and frame drops.",False,0,2620
Asian fetishist devs destroyed the most popular game of the decade in order to implement a new shop model to maximize profit extraction. They did so while straight up lying about a PvE or story mode campaign ever coming. If it wasn't a mechanically sound game these devs would be borderline criminal with their anti-consumer habits. Can't wait to have fun playing the next pale korean woman they add!,False,3,2291
wrecking ball mains deserve death by firing squad,True,0,6472
kinda ♥♥♥♥,False,0,4735
every second playing this game bring me a second closer to painting my walls a nice crimson red,True,0,11218
"domina is in the game, so is junker queen. imagine that. also various hot men including a vampire. i reccomend",True,0,7698
out of touch,False,0,344
road to gold,True,0,7146
id rather dip my balls in hyloronic acid than play this gods forsaken game,False,0,243
einfach schlechter als damals,False,0,8
this game is like heroin except it's fentanyl except it's carfentanyl so the moment you start playing you die immediately,False,4,4413
horrible. what do you mean i need a new card for a post paid phone number just to try playing this absolute slop? pure trash.,False,2,7
I love ruining my life for the sake of existing- this game sucks your soul and doesn't give it back- like making a deal with the D.MONs,True,0,5064
.,True,0,3203
I hate Dmon,True,0,1965
"guys dont play this, my wife is angry that i play this all the time",False,1,23590
similar experience to getting hazed,True,0,4673
where lucio mythic :(,True,0,18662
I'm a twink from Israel and this is my favorite game,False,0,656
Game won't let me change my graphics settings and I can not go over 15 fps,False,0,24
its ok,True,0,6544
"Honestly a ♥♥♥♥♥♥♥ ♥♥♥♥♥♥♥ game, every match is full of wintraders, racist ♥♥♥♥♥ (me included). what a waste a ♥♥♥♥♥♥♥ time. Anyways I will see you in the next queue cuz I am gods perfection creation of doomfist",False,2,23630
I WOULD SAY ITS REALLY CONFUSING AT FIRST BUT JUST PLAY FOR A COUPLE HOURS AND YOULL BEGIN TO UNDERSTAND AFTER A WILE AND BE FLEXABLE WHEN PLAYING CHARICTER TRUST,True,1,6032
without talking about gampley nor community basically its money greedy and fan service,False,0,14
"I bought the game before and now I can't access it because they cant even fix a mere SMS verification. I played this game even on it's controversial times but I felt betrayed. Their customer support isnt even helping me.

Just play marvel rivals. It's infinitely better.",False,0,49
fix the ♥♥♥♥♥♥♥♥ server,False,0,15960
"The new player experience for this game is honestly kinda awful. Can't learn to play the game without someone taking the casual game mode too seriously.

No wonder nobody plays Overwatch.",False,0,397
good game,True,0,379
fun,True,0,20210
terrible game,False,0,64154
butoh battle babi nak no phone,False,0,730
will ruin your life,False,0,51555
.,True,0,6157
toxxic ppl i hate iet i only recommendde for juno fuzz u bliuezzard hmppf,False,0,8403
My friend said they'd kill me on the spot if I play without them. Please help,True,0,115
"really bad game, because wuyang is too hard to play with one hand",True,0,14001
Hate this game,True,0,970
only if u have a paost paid nummber,True,1,483
"Good game 

- I selected DPS
- got solo killed by mercy for 8 times
- my teammate assigned me a pocket mercy
- we both got killed by the enemy mercy",True,0,881
осеменить❤️,False,1,33895
"Terrible game only saved by playing healer when your tank is on hog. Unbearable community where you can't even say ""♥♥♥♥"" without being reported and banned.",False,1,4422
BÄSTA SPELET SKIT I GIN,True,0,8746
absolute peak,True,0,148
good,True,0,1963
"teammates in quick play is literally the infinite monkeys making the entire works of shakespeare, they'll eventually make a good play.",True,0,6803
Fun to just pick up and play with friends,True,0,9396
"good game, love the cat",True,1,19218
very good just avoid the edaters,True,0,17763
"Playing since 2016, game had its highs and lows but ultimately a banger. After the new content this year, we saw its surge in players. Definitely not a dead game by any measure.",True,0,4743
♥♥♥♥♥♥♥ ass verification doesnt even send me any sms at all I've tried it so many times and nothing happens. What a ♥♥♥♥♥♥♥ waste of time. fix ur ♥♥♥♥♥♥ verification codes that dont even send. couldnt even play the game just downloaded it and all i ♥♥♥♥♥♥♥ remember doing was a bunch of ♥♥♥♥♥♥♥ captcha. ♥♥♥♥♥♥♥ terrible.,False,2,26
soul siphon,False,0,10086
"I will say no just to express my profound hate for the jetpack cat. This thing should not even exist. Always flying, going wherever it wants in the map, not even being punished for how fast he flies away. And I just did a game against a cat always flying with a fudging Bastion with sometimes a Mercy ( 'cause why not, right?). It is already not fun against a cat alone, but that... pffff.",False,0,3119
♥♥♥♥ blizzard.,False,2,25867
Overwatch is one of the games.,True,1,4313
i play this game but everytime i feel my sanity slipping from me,False,1,2516
this games actually sucks but it sucks a little less than i thought it would,True,1,293
"بنت كلب 
ساااعة كاملة وانا بحاول اسوي حساب والكود مو ؤاضي يجيني وفجأة رقمي صار غير صالح ونافع 
خرا عليها من لعبة لو اني مسوي حساب بنكي مليان ملايين ما راح يكون في هالصعوبه 
وفوق هذا قعدت تحمل من الساعه 2 قي الليل لل8 الصبح
ما لحقت العبها عشان اقيمها لكن الي شفته اعبره كافي 
ويمكن يكون انذار لي عشان ما اصير سويلب مثل بعض الاشكال الموجوده فيها على حد ما سمعت
خرا/10",False,2,51
"this game is not balance at all ,Don't play this game.",False,1,22439
[spoiler] Trash [/spoiler],False,2,2424
I hate everything,True,1,3150
Worst game i have ever played in my life,False,0,8014
"---{ Graphics }---
☐ You forget what reality is
☑ Beautiful
☐ Good
☐ Decent
☐ Bad
☐ Don‘t look too long at it
☐ MS-DOS

---{ Gameplay }---
☑ Very good
☐ Good
☐ It's just gameplay
☐ Mehh
☐ Watch paint dry instead
☐ Just don't

---{ Audio }---
☐ Eargasm
☑ Very good
☐ Good
☐ Not too bad
☐ Bad
☐ I'm now deaf

---{ Audience }---
☐ Kids
☐ Teens
☑ Adults
☐ Grandma

---{ PC Requirements }---
☐ Check if you can run paint
☐ Potato
☑ Decent
☐ Fast
☐ Rich boi
☐ Ask NASA if they have a spare computer

---{ Difficulty }---
☐ Just press 'W'
☐ Easy
☑ Easy to learn / Hard to master
☐ Significant brain usage
☐ Difficult
☐ Dark Souls

---{ Grind }---
☐ Nothing to grind
☐ Only if u care about leaderboards/ranks
☐ Isn't necessary to progress
☑ Average grind level
☐ Too much grind
☐ You'll need a second live for grinding

---{ Story }---
☐ No Story
☐ Some lore
☐ Average
☐ Good
☑ Lovely
☐ It'll replace your life

---{ Game Time }---
☐ Long enough for a cup of coffee
☐ Short
☐ Average
☑ Long
☐ To infinity and beyond

---{ Price }---
☐ It's free!
☑ Worth the price
☐ If it's on sale
☐ If u have some spare money left
☐ Not recommended
☐ You could also just burn your money

---{ Bugs }---
☐ Never heard of
☑ Minor bugs
☐ Can get annoying
☐ ARK: Survival Evolved
☐ The game itself is a big terrarium for bugs

---{ ? / 10 }---
☐ 1
☐ 2
☐ 3
☐ 4
☐ 5
☐ 6
☐ 7
☐ 8
☑ 9
☐ 10",True,0,1047
the worst best game ever,True,0,12082
its very fun and def will not get you mad,True,0,8994
this game is hell but im so addicted i cant stop,True,0,199
"dale bro, sigueme sacando trajecito a 200 dolares",False,1,20143
"I just like the sniper characters, Gameplay alr, Still a Clunky game tho, some tank characters are to OP",True,0,1037
"Played over 100 hours of this game on battlenet.

I hate overwatch, I hate blizzard but most of all I hate myself.",True,0,105
"rage baiting people in quick play is thrilling, easy, fun, succulent and even rewarded by people in that match. 
thankfully the baiting doesnt need to be used too often so it remains tasty.
amazing and enlivening cringe reminds of smashing my nose into the sweet powder.
and please remember to spam voice lines for the love of dreaded terrorist monk. dont suffer as him!
*drunk gaming with friends is an important part of my recommendation!!!!!!!*",True,1,4035
"One of the worst games i have ever played, but i love it, its like a toxic relationship in which you think you can stop whenever you want, BUT NO!! you always come back just to suffer again and again. But i still love it and i recommend everyone to play it, at you own risk",True,1,86745
I was only here for Lucio Ball.. I got really good at in ranked.... No more ranked Lucio Ball I no play anymore.... I got to give props molded new multiplayer back in 2016 force people to comp together I was there loved it!,True,0,935
i hate this game,True,0,4408
"It's overwatch, leave, do not come back",False,2,9001
"jetpack cat player deadass had the nerve to ask me what im doing while being held down and having my purity taken from me, goyslop fest tended to the less able with asian reskins and others. another million to the promised land.",False,1,245
"The best online game. Love u overwatch <3.
Considering it has so many characters and distinct abilities and is such a fast-paced game, it’s actually really good and not boring at all. Every character and set of abilities is unique, it’s not just a shooting game, and there are plenty of entertaining features. Overwatch is consuming my entire existence, idk if this is good or bad but ty.

(But the cat is an existential mistake :p)",True,1,173796
♥♥♥♥ this stupid ass trash ass ♥♥♥♥♥♥♥♥ ass game. Fix your ♥♥♥♥♥♥♥ servers you sluggish ass greedy money pinching gorilla no neck bell bottom wearing NEANDRATHALS. PIECE OF ♥♥♥♥♥♥♥ ♥♥♥♥ YOIU DOG ASS ♥♥♥♥♥ ASS GAME. FIX YOUR BALANCING ISSUE I HATE ANRAN. I LOVE OVERWATCH = I ABSOLUTELY ADORE BENJIMAN NETANYAHU AND I LOVE LOVE LOVE ISRAEL!!! DOOM CAN RUN BETTER ON A ♥♥♥♥♥♥♥ PREGNACY TEST THAT THIS ♥♥♥♥♥♥♥ GAME CAN. FIX YOUR ♥♥♥♥♥♥♥♥ SERVERS.,False,0,7614
this game is the reason i have no huzz - 100/10,True,0,37955
"Blizzard refuses to balance this game and all of the new characters are basically an automatic win button. On top of that a chunk of the new characters are all flat out just better versions of old characters. They nerf the characters that don't need them and then buff the characters who are already over powered. I have played this game since the original and can tell you that this isn't it. Across multiple platforms too, nothing fixes this game, do not play it, don't give them your money if you are. This game isn't fun to play. I wouldn't recommend it. Save your sanity. Honestly don't play any hero shooters if you can avoid it, none of them are good.",False,0,179
Worst balancing I have ever experienced in a video game.,False,0,245
67,True,1,40601
"Shoving your entire fist up your ahh feels the same as playing this game, it hurts but can feel good at times.",False,2,3813
"Games full of sh*t with crashing issues, please fix them especially for linux/steamdeck users",False,0,1552
good fun,True,0,4626
trash,False,0,4045
Great game overall,True,0,1566
fun,True,0,9005
Stupid game wants me to get a specific Post-Paid number. I shouldn't have to get another phone number just to play this stupid game.,False,1,8
I like,True,0,392
"ITS GOATED, DONT LISTEN TO THE HATERS.",True,0,6142
its overwatch....,False,0,4984
:^),True,0,319
"bought it way back in the day during beta of the original ow but grew frustrated with the tank and shield meta ♥♥♥♥♥♥♥♥. glad to say it seems to be mostly fixed or isnt as bad as i remember it

better than marvel rivals because they dont put you in a pity bot lobby if you loose more than 2 games in a row and dont have some ♥♥♥♥♥♥♥♥ engagement matchmaking",True,0,817
Super fun. Better than its ever been,True,0,1318
THEY MADE SOMBRA A ♥♥♥♥♥♥♥ SUPPORT,False,1,2537
W gsme matchmaking can be bad tho,True,0,10395
I ♥♥♥♥♥♥♥ hate this game. Dont play it,False,0,3266
yk what i prefer this than Rivals.,False,1,670
"The Thumbs up is so they don't shove this to the nether regions of the review page. I'll give you my feed back OW. Fix your match making. All i get are loss or win streaks, never straight even. I hate this game. Its ♥♥♥♥♥♥♥, the only reason I ever comeback is because all my friends have it, its free and has work put into it. No, the porn has more work put into it. if you took a second to talk to the community then you would learn what we really think not the sweats or the no life's but the casual gamer the play 2-3 hours when they get on but the average joe you'd learn that they hate this game. They have those moments that they have fun only to rage out the next game. I've asked around and stadium is like by all but 2 of my group (~12 people). One outright doesn't like this mode the other says they outright don't understand, and that 2nd is on you OW. No guides or starter tutorial for new people so they get frustrated and leave thinking too hard not worth it when it is the best breath of fresh air ever in this game I've ever had. can't counter swap only counter buy so you just need to be money smart and you can have funny insane moments that are better then base game (full HP to amour brig is so funny). Speaking of buy your cash shop make fat sharks darktide cash shop worth it, you can earn cosmetics you want from just playing in that game. Who know highway robbery was back. Your ""Ultra"" skins are just kill effects merchants. They make the Magua mythic worth while. I want yall to have cool skins but when a new characters has all their skins/emotes/anything for 3 seasons be shop exclusives and I can't afford after I saved for 3 seasons is stupid. I HATE THIS GAME LIKE RIVALS PLAYERS HATE GUANGGUANG.",True,0,29776
:3,True,0,22
"doesnt work on steam deck anymore, crashes on start up",False,0,323
I HIGHKIRKENUINELY GOONED TO THIS GAME 431 TIMES WHILE PLAYING IT AND MY STUPID FAT UGLY CHUD FOID NPC WIFE CAME AND TOLD ME I HAD TO UNINSTALL SO I LOWKIRK SHOT HER 24 TIMES IN THE CHEST AND NOW MY COURT DATE IS NEXT WEEK AND I THINK THEY ARE GOING TO EXECUTE ME I HATE MY WIFE THAT DUMB ♥♥♥♥♥,True,1,499
"Great game. 

Unfortunately, great until you get into a match. 

Then it's the worst thing you've ever seen. 

SOMBRA HOLD DAT",False,1,2562
bad,False,0,16751
"It's a really good game, little to no complaints, sometimes it's going to get you mad, sometimes it's going to make you happy, but that's just how it is.",True,1,26145
.,True,0,561
"HERO SHOOTER Primordial, muito bacana",True,0,4977
fun af. i hate genji and moira.,True,0,1921
"Constantly disconnecting from server, no apparent reason as other games run fine.",False,0,919
you get teamates with no ♥♥♥♥♥♥♥ brains,False,0,3017
I think it's pretty neat.,True,0,313
its good,True,0,1118
"I play since 2018, i just love it!",True,0,1991
A much more balanced version of Marvel Rivals so better competitively.,True,0,4100
"This soul suckjing game is the most purchase you could possibly make, but oh wait! its free. This shows they have such lackof faith in their product they wont even charge you money for it because they know you will become addicted to this hellscape they have created for you, and then you will purchase in game items. it is a glorified mobile game and has taken a piece of me with it. For the love of all that is holy and good in this world, please please please do NOT play this game. And if you make the mistake of doing so, god help your soul.",False,1,32760
nerf genji,True,0,1512
For all of its flaws it's still fun to play.,True,0,3221
it not good,False,1,23791
its good but you need good aim for some cahracters,True,0,1840
play anything else,False,0,331
It can be a good game but mostly with friends doing dumb things to get a laugh. if you play this for competitive good luck.,False,1,2337
40$ skins,False,1,19665
Not worth the week it took to install,False,1,100
bom,True,0,3263
Lost my life the day I downloaded this game.,True,2,13171
its alr ig,True,0,27564
👍🏻,True,0,14260
♥♥♥♥ game not recommend,False,0,65658
green ramattra,True,0,72714
This game sucks,False,1,10601
i hate this game,True,0,3685
i have never hated a game so much as much as this game this game makes me want to rip my eye ballsssss out and skin off my foreskin,False,0,6005
why tf i have to wait 15 mins for one ♥♥♥♥♥♥♥ game,False,0,6145
i love shion,True,0,1050
it has lifeweaver he so cute,True,0,12048
I played this game before but now i cant play it anymore because of my phone number not being post paid even though it is. I would not recommend wasting ur time trying to play this game.,False,0,41
i hate this game,True,0,48320
Lmao,True,0,1050
"Blizzard is the worst company. I have played OW since 2018ish, when it was peak, you know, before the OG creator and mass employee layoffs. We, the players, were PROMISED a PVE story mode, because the heroes and story were THAT good. It made the game feel alive, like why you were fighting had purpose. Winston made you feel like you were being called upon. 
But what did we get? OW2, a FTP battlepass that progressively got lazier with customizations of mythics, and prices slowly increasing with NO STORY or PVE. (and when they finally DID release some story, it was NOTHING compared to the animated shorts of the past, like Reins story, or Bastions. The last good one was Kiriko, then BAM, crap. all of it.)
it was a slap in the face, and honestly, they are lucky Marvel Rivals didnt come out at that time.
So what did i do after the first battlepass? I quit. I boycotted because not only did they not deliver on a MASSIVE promise to provide PVE story, they even started redesigns that made NO SENSE. Why shrink Tracers butt? Her GF loved it, and so did I. Also, if i BUY a victory pose, like say for Kiriko, YOU DONT GET TO CHANGE IT LATER, THATS NOT WHAT I BOUGHT. So in every way possible, OW and Blizzard has slapped the players in the face. You bought this skin or victory pose because the character looked cool? F you, heres a redesign or change in that. You want PVE? NOPE, heres YEARS on not getting that, and we will only start doing it because of competition, NOT because we care about you as a consumer. 
After around 4 years of not playing OW2, I started to dabble again. I missed playing DVA and Sombra and all of my various supports, cause i was a support main.
But you know what the final nail in the coffin is? Making Sombra, my all time favorite DPS in any game, into a support.
THAT MAKES SO SENSE IN ANY CAPACITY. 
We loved this game because of the lore, the characters, the play styles. 
YOU STRIPPED SOMBRA OF IT ALL.
SHE WOULD NEVER GO OUT OF HER WAY TO HEAL ANYONE. AND I LOVE THAT ABOUT HER, COMING FROM A SUPPORT MAIN.
These Devs and entire team and entire company are so tone deaf and greedy, they made Sombra a support. 
Genuinely, i hope this company goes bankrupt atp. 
Ultra skins? Really? Marvels GOLD LEGENDARY (NOT MYTHIC, NOT ULTRA, LEGENDARY!) have different sound effects, glow, and have different ULT effects, AND THEY AREN'T GREEDY ABOUT IT.
If you want to be respected as a consumer, DO NOT waste your time on this company and their games. They dont care about you AT ALL. They will do whatever they can get away with, and the only way to get through to a heartless, soulless business is by cutting of their source of cash flow. 
I hate this game now, and it was the game i played for over 2 years straight on another account.
and this is for YOU, BLIZZARD AND THE DEV TEAM:
I SPENT SO MUCH MONEY. SO MUCH. I AM A WHALE. AND YOU JUST LOST A HUGE WHALE. change yourself, you greedy pigs. Be cool again, actually care about players, or we will all leave eventually. 
F this game.",False,2,11699
",",True,0,19524
Ts game so fricking epic,True,0,2326
"this game is just kind of poo aint it..... fun gameplay, original cast is fun when there were animated cut scenes it was good for character building. that's all gone though its just a shell of it former self. between Disney like character design and constant pandering I can tell when I'm not the audience so I dipped. Blizzard also is greedy and their prices are wild and only seem to be getting even out of more control with no sign of stopping.",False,0,15141
یکم اوریتده,False,0,465
"They have shown time and time again that they do not respect their player base or even their employees. They neglected OW1 for years while giving empty promises, abandoned PvE, implemented paid heroes on OW2 launch, earned lawsuits citing frat boy workplace culture with sexual harassment, severe gender pay gaps, retaliation, and systemic discrimination. Has disappointing and lackluster events, such as the recent anniversary. How could I forget the aggressive shift towards microtransactions, which only seem to be escalating with the recent 'ultra' skins, charging the cost of the original game for a skin that is just a recolor of the default skin. There is so much more I could add, but I digress. The original game, while it had its issues, felt like a passion project that was so fun and felt so unique. Now it feels like a shell of itself, feeling soulless, empty, and existing only to fuel greed. I have a love/hate relationship with this game, but I just cannot recommend it to anyone in good faith.",False,18,26920
"makes my cheeks quiver like never before, 10/10 would recommend",True,0,7196
"♥♥♥♥♥♥♥ login system the ♥♥♥♥ you mean you need my phone number
And then when i switch my phone number to my new account bitchass says this phone was used to create an account
a 10 year old with claude would program better login than these ♥♥♥♥♥♥♥♥♥",False,0,13
Good,True,0,40
This game makes me angry like no other. I recommend,True,0,2002
new modes,True,1,359
I always forget how atrocious this game is,False,3,32394
its so fun,True,1,181
its too addicting pls help,True,1,19393
This game possesses the ability to simulate dragging your balls through smashed glass and a burning hell-scaped inferno within the vast labyrinth that is the internet,True,0,13612
Fun,True,1,8729
Vibe coded slop matchmaking system would be way better than whatever these devs impletemented. Fire these stupid devs who have 0 knowledge on how to create a matchmaking system. I've never seen a  game implement a competitive so trash like this.,False,1,4940
I can't stand this game plus nerf Genji,False,0,20629
Is okay,True,1,10896
give's people a mythic voucher so they can get a mythic skin but only lets them pick from a third of the mythic skins and that third being all the old ones nobody actually wants,False,1,8984
"fun game but my God is the matchmaking horrible. literally a casino. it just tries to active your dopamine and cortisol functions at the same time. i genuinely don't get it.
you win 1 you lose 1. you win 3 in a row you lose 3 in a row. you win 4, you lose 4-5.
ranked should start incorporating individual performance more because my rank depending on the competency of strangers which depends on this game's matchmaking is egregiously stupid.
it's either steamroll or be steamrolled. literally no in between. QP is the only mode where it MIGHT be a close call but for ranked, nahhh forget about it. you either stomp or get stomped 
it just doesn't make sense but besides that the game is great,",True,0,20492
Just hogged all the time,False,0,350
gigga balls,True,0,4267
"My steam account got banned. I asked repeatedly what I did that deserved a ban, which they repeatedly refused to answer. If I gave a ♥♥♥♥ about this game, had 100's of dollars invested in shiny cosmetics, and wasted countless hours like my friends have, I would have been more upset. This was just an inconvenience, if I NEED to play I'll use battlenet i guess, but DO NOT WASTE YOUR MONEY, THEY WILL BAN YOU FOR NOTHING WITHOUT CAUSE AND YOU WON'T GET THAT ♥♥♥♥ BACK",False,1,665
peak game,True,0,3710
genji,True,0,15968
"They are milking as much as they can from this game with microtransactions just to keep the player base interested. Which means there are plenty of game mechanics that are just... not right. 
It's the type of game that can immediately become frustrating due to the more random things happening.

Also, if you choose to play Support, I'm sorry to break it to you but that means you have to focus more on HEALING your teammates instead of trying to flank. So many times I've lost because there were no real supporting players.",False,1,643
dont play it,False,0,11696
fun game,True,0,4860
good game,True,0,279
nice,True,0,6563
veri gud,True,0,2090
poop,True,0,369
this game sucks,False,1,1029
"Completely butched sombra,",False,1,86764
still figuring out what that melody is,True,0,485
It's so much more tactical and coordinated than  some other shooters I have played,True,0,767
its ovw,False,0,19240
why isnt widowmaker purple anymore,False,0,8598
They can't make tanks and healers fun to play for their lives.,False,1,1514
GOOD,True,0,5312
This game is giving me tears of pain and agony help me,True,0,208
very bad,False,1,9211
This game is so awesome and great I always come back I was never and OG player but they did bringh the game back. great game and is much better than rivals in my opnion. HTnaks overwatch,True,0,1489
yeh,True,0,807
bad,False,1,251
bad,False,1,89
Ts requires my phone number and then doesnt even send the verification code to my number.,False,0,37
♥♥♥♥,False,0,203
I wish I could enjoy this game but it is more agonising than kicking a splinter under your toenail,False,0,26515
this game is addicting,True,0,46392
"I wrote this game off years ago due to its abysmal state at the time, but I must say I'm very impressed how Blizzard has been able to improve the game over the year and especially in 2026 alone, dare I say this game is... fun again.",True,0,9516
"like any live service game it rots you to your core, I dunno I can't even enjoy this one with friends it feels like i'm shooting nerf bullets",False,0,366
Unironically better than cs 2. lmao,True,3,390
"somehow overwatch has turned into a gambling game, you will either have the best or worst time while playing, ""you're mother was a hero to me"" speaks to my soul",True,1,29571
"Eh, it went downhill after they decided to cancel support of Stadium (congrats on the one thing I loved in that game), monetisation is insane so..do as you please ig, but I would pick up something else, I wish it was pay to play again",False,3,38833
You'd be better off eating poop,False,5,15545
"Their servers shat their pants, made people across all games DC and some lose their deserved ranked games, just to hit them with a ranked suspension in the end. Not to mention their blatant attempts to make the game look more populated than it really is by fx. having people wait in queues after big updates even though they have gained only around 15-20k concurrent players.",False,0,16704
Pretty fun especially when you start every once i a great while youll get smoked but it happens,True,0,4167
hell,True,1,337
He Was Whipping Up ♥♥♥♥ In A Kettle  Boiling ♥♥♥♥ Boiling poo in a kettle,False,0,380
"[b] This game isn't all that great; it has some cool moments, but then it becomes extremely boring. The biggest advantage of this game is the hentai of the characters that you can find on the internet. I played this game in beta long before the hype, so take my opinion very seriously. [/b]",False,3,4305
the best game,True,1,782
i hate this game,False,1,1168
this game will never fix the DC issue forever,False,0,97269
ass game buff sombra,False,1,18759
best game honestly i have no notes,True,0,22238
tf2 is better,True,0,310
"i cant play this game because of i cant log in my acc in the mobile app, the app is useless, i cant play any blizzard game anymore because of that stupid app, so goodbye blizzard, such a waste of time",False,0,37
best game ever made i love how angry it makes me,True,0,414
fix server or guzzle my piss. i should not be punished for your inability to make a game that works,False,0,13008
"Without fail, the players who contribute absolutely nothing to the team are always the loudest ones—constantly telling everyone else what to do, blaming others for everything, and throwing around insults and verbal abuse like they own the game.

What makes it even worse is that Blizzard apparently does nothing about it. You can report these toxic players for blatant abusive behavior, and they seemingly face zero consequences. The reporting system feels completely useless.

The game itself is actually decent. The player community, however, is absolutely unbearable. The sheer amount of toxicity, hostility, and disgusting behavior has completely destroyed any enjoyment I had.

I'm done with this game. I have absolutely no desire to ever play it again—not because the game is bad, but because dealing with its toxic player base simply isn't worth it.",False,0,2007
good game :),True,0,1031
It is very good right now and way more optimised than Marvel Rivals,True,0,958
I DON'T LIKE THIS GAME BUT MY FRIENDS FORCE ME TO PLAY IT,True,1,1736
"I will only play this because my friends do, they lied about the PVE and I will  never forgive them for it. Where is the PVE they were hyping up that mad it stand out from OW1? oh they had to abandon it because it was too hard? I'm sorry i thought this was blizzard. 

Game handles fine, characters and stories are great.

some abilities do need some tweaking but thats to be expected

Id say its a good game were it not for the throne of lies it sits upon",False,0,4157
"I first wanna say before everything that don't take all i say as subjective and some of my sights are opinions only

1* players/community
2* replayability
3* characters
4* summary

1: the game is decades from being dead, the community is really active and the game just feels more enjoyable with people like them in my matches, no cursing, no toxicity, just fun and helpful community, which is my number one thing for games

2: the game is a hero shooter, so of course it will be replayable, but overwatch has a lot of them that makes every match different ( honorable mention to maps and gamemodes too ), the ranked is also very fun and i just had a lot of fun playing this masterpiece

3: the characters are so unique, with every character having their own theme and abilities, also the roles, there are only 3 roles, but something only people who played a lot know that the game has more than just 3, there are actually 6 roles because of all the character uniquity.

4: i just think this game is great, it takes a bit to get better and find a main character ( may just be a skill issue from my side ) but outside of that its just great, one of my favorites

genuinely a Michelin star game!",True,0,8677
game for goons. more like goonwatch.,False,0,2971
Just don't touch comp and this game will be amazing,True,0,1793
They've gone and killed my roadhog.,False,0,15745
"Every time I press play I feel like i wanna hang myself and then slit my neck open

11/10 Would not recommend",True,0,15427
Making this game was ♥♥♥♥♥♥♥ pointless,False,1,211
"I want [b] Brigitte [/b] to ♥♥♥♥ me with her giant girl penis, so I get boypregnant and give birth to a [b] Tank Cat[/b] and a [b] Damage Cat[/b], so our child, [b] Jetpack Cat[/b], would have a brother and sister to play with or smth",True,2,26756
"i am ♥♥♥♥♥♥♥ abysmal at this game

i have learning disoredder called fat aids prevents me from learning dps character",False,1,2897
"You expect me to like this classic hero shooter when half of the time I'm getting disconnected for no reason. PC got ethernet, decent specs for E-Sports titles and 500 MBps wifi. You telling me after all of this ♥♥♥♥, I still get disconnected for no reason. People give you their time and money and still don't want to pay for better servers. You developers only know how to make Kiri, Anran and Juno skins for your goon bait audience. How about you go back to university and learn back your server maintenance.

Update 1: Just got disconnected for no reason and got a 8 hour ban. ""Goes to blizzard technical support, they say that YOU should solve the problem"". If it's my problem, how come I can run any other E-Sports title without crashing unlike Overwatch. GO ♥♥♥♥ YOURSELF.",False,2,30
Lowkey banger game. Needs more mercy skins tho,True,0,4055
"take the most mobile MOBA you can think of, multiply that by like 60x then add a defend mechanic that takes 7 minutes and thirty seconds to complete while every single ult can absolutely destroy a teamfight on top of UNBALANCED ♥♥♥♥♥♥♥♥ all set in a FPS style and you get Overwatch. this game is the most unfun i ever had playing a game and ngl i am a noob a new player but i usually know why im bad at a game. this game does NOT tell me what im doing wrong at ANY point and when  i actually manage to do something right its just extremely punihsed because they can press Q more times than my team can, this game is both UNFUN and VERY difficult.",False,0,1179
"After all the ordeal, I can finally say that OW is a good game again.",True,0,43208
"Mauga is a stupid and poorly designed hero. Sierra is stupid and a poorly designed hero(the only time I will accept a Sierra is if it's a brand new player). Moira players deserve nothing except death. Dont spend your money on this game it is not worth it. STOP GIVING DOUBLE MYTHIC SKINS. GIVE WINSTON AND LUCIO MYTHIC SKINS. Used to be a Overwatch hater but recently I have been having a lot of fun playing the game. If you dont like the game then thats fine no game is for everybody. Quick-Play is actually enjoyable because its a little rare to come across someone acting like it's top 500.




(I primarily play on console and have been playing since pre-judgement day I have just played on a lot of different accounts and platforms)",True,0,475
เกมลูกคนจน,False,0,9880
Tf this game wont even let me play cause its impossible to attach the sms. Uninstalled,False,0,8
♥♥♥♥ this game,False,0,1758
Would have played this game for longer if only this ♥♥♥♥♥♥♥ battle.net stop asking for no damn post-paid number when the number I placed was already postpaid. Didn't even get to the tutorial.,False,0,28
"Hate to say it.... kinda fun now, shop is still overpriced and predatory but besides that gameplay wise its fun.",True,0,3996
YES PEANUT BUTTER IS A GOOD SOURCE OF NUH,True,1,1679
"horrible game, bugs with snipers, copy paste ""white girl with blue eyes"" on almost every new skins or female character, players SUCKKSSS corn balls all of em, theres so many better games than this very not worth it. i love the game though, the game itself is fine. just play tf2",False,0,67762
"all mizuki players need the brazen bull, additional 10 hours played and i still stand by this",False,1,7229
Ultra skins are a F****** joke (and many many more complaints),False,1,172
evil,False,0,2096
This game is a shell of its former self,False,1,4287
Awesome. Just pure awesome.,True,0,914
"The game is amazing, I am having a lot of fun playing this game, I shall list the pros and cons because I don't think people wanna read the entire review and see the good I said, or the bad.

[ PRO'S ] 

- There are a lot of custom mini games that allow you to find what you want to find 
Example ( There was this Jet Pack Tag that was so much fun ) Code: 5REE8
              ( There is this custom game that allows you to train your aim ) Code : AA5QQ , VERYD

- The competitive mode is amazing, it is challenging but extremely satisfying to see the rank go up.

- Stadium mode is an interesting mode, reminds me of a tournament type, which makes it more fun and interesting.

- Unranked mode it's a nice warm up and it is lovely because you don't have to stress over winning or losing.

[ CONS ] 

- The people at competitive are toxic most of the time. Advice: Mute them and report them because you can never convince people like that they are acting mean or terrible

- Stadium mode does take a long time to find a match

[ Final verdict ]

Amazing game it does have some issues with it like the players saying some mean stuff in chat but I would recommend it to friends and see how they react to it.",True,0,14744
"Used to have a blast with this game. Fundamentally a really accessible team based Ego Shooter that still offers a high skill ceiling to good players.

But ActiBlizzard kinda ruined it with their greed. Haven't touched it in years, so take this with a grain of salt. The status quo may have improved but they lost my trust after what they tried with OW2 and I'm scared of looking for what's left of my inactive account.",False,0,281
This game is evil. It is like being held at gunpoint by the big Yahu himself. DO NOT PLAY. ( i have over 3k hours and am in a toxic relationship with Overwatch),False,0,3697
Dva feet ughghhhhh,True,0,20264
Never get thjis game,False,0,47021
Just give your development money to Guanguang,False,0,45919
First it was Overwatch then it was Overwatch 2 now its Overwatch again make up your mind and update your ♥♥♥♥♥♥♥ maps. please..,True,0,2850
yum,True,0,349
"seem sbmm jusst team you with weak players that dont do anything but worry about kills, dont play solo",False,0,1347
Its garbage,False,4,6632
idk,True,0,1560
its cool but laggy sometimes,True,0,6655
"-10/10 blizzard acing like blizzard.  No one wants underdeveloped skits that are worth $40.  Overpriced and underdeveloped skins. lackluster game modes and bad new development choices,  blizzard is dying enjoy the sales.",False,3,936
good game,True,1,8337
ts ♥♥♥♥ ass,False,2,126
1,True,0,13842
don't do it...please...don't do it..,False,0,1284
THI SGAME SUVKS insert fire emoji,True,0,15129
still trying to get my account,False,0,6558
Yes but be prepared to rage a lot when you have dumb teamate that dont heal very well,True,0,3812
it's not for everyone but it is fun.,True,0,415
i hate this game but im addicted,True,0,16086
"best game ever, i love gooning to obverwatch futa, omg roadhog feet yay",True,0,57
Killed Twomad,True,7,286
♥♥♥♥ game yet I still keep playing,False,0,2016
"I still love this game to this day (and Junker Queen, Bastion, Pharoh, and Widowmaker are still undefeated classes, if you disagree I will clip you from above).",True,0,428
good stuff,True,0,2116
i am actively wasting my life away playing this game,True,0,14768
gg,True,0,52377
bad game,False,1,1665
s,True,0,1720
"I miss that kind of misery
The kind where you are nice to me
But only in the evening
So I ask, am I just dreaming?

I love you so much that it's dripping
Dripping from my arms and such
I'm sorry, I know I'm too much
To love, to trust, I'm nothing, but—

I miss that kind of misery
The kind where you are nice to me
But only in the evening
So I ask, am I just dreaming?

You are what I could believe in
Since I have nobody else
I keep screaming, I keep breathing
It's the living I can't help
It's the misery 'cause you can tell me
How much that you care
And I know it's true, but yet
You need to get me out your hair
Is what we have special?
What's that mean?
Why can't you choose me, is it greed?
This isn't lust, no fairy dust, it's blunt
It's what you see
Misery in knowing I love you
And had to leave
The misery that I can't shake
The misery I bleed

I miss that kind of misery
The kind where you are nice to me
But only in the evening
So I ask, am I just dreaming?
But it's real, that kind of misery
The kind where you are nice to me
But only in the evening
So I ask, am I just dreaming?

Hurts to feel that kind of misery
The kind where you are nice to me
But only in the evening
So I ask, am I just dreaming?
How to heal that kind of misery
The kind where you are nice to me
But only in the evening
So I ask, am I just dreaming?

I miss that kind of misery
The kind where you are nice to me
But only in the evening
So I ask, am I just dreaming?
God, I feel that kind of misery
The kind where you are nice to me
But only in the evening?
Why only in the evening?

'Cause I know that you care (I know that you care)
'Cause I swear it ain't fair (I swear it ain't fair)
I'll slit my wrists and show you
I'll dare to do anything
I love you, I love you with everything

Hurts to feel that kind of misery
The kind where you are nice to me
But only in the evening
So I ask, am I just dreaming?
How to heal that kind of misery
The kind where you are nice to me
The kind where you are nice to, to me
To heal that kind of misery
The kind where you are nice to me
But only in the evening
So I wish that I was dreaming
But only in the evening, in the evening
God, I wish that I was dreaming
I miss that kind of misery",False,1,360
torture,False,0,26023
"Blizzard Overwatch i HATE you, they KILLED sombra and with her my hopes dreams and aspiration. They never listen to fans, i was already upset over the stupid ultra skins going from 3500 (ridiculous price) to 4000 (even crazier price) THEN THEY GO AND ANNOUNCE THIS ♥♥♥♥♥♥♥♥.  Blizzard Overwatch count your days.",False,1,24699
L game dont play,False,0,6571
waste of hard drive space.,False,0,230
"I'm so happy to be playing Overwatch again. Finding matches is quick, and they end fairly quickly depending on what game mode you play. I appreciate the nostalgia I felt when I redownloaded the game, and I'm excited to see so many new heros and maps! Stoked to pick this up again!",True,0,2276
Play this game if you want to be happy and want to ♥♥♥ irl,True,0,2172
♥♥♥♥♥♥♥♥ ass game,False,0,9639
At the end of the day the work is done I am Inevitable.,True,0,1615
I liked Monkey but they didn't like Monkey. I enjoyed this game both on my console and pc for a while but then a problem happened. The tank I enjoyed the most just was absolutely garbage compared to other tanks. I mean even as a diamond player it still just doesn't feel the same. By far Winston is the worst tank in the game and is probably never going to get anything done towards him. Winston also like never gets anything no skins or anything they just keep giving skins to the same characters all the time. Especially healers that just have like 20 collabs and 8 mythic skins. If they did something to Winston the game would be more enjoyable for me. But as of now Winston is probably a dead tank I never see anyone playing him unless they have a insane amount of hours on the character like top 500 basically.  Even as of now when people took Winston into a tournament they lost fast and swapped off. Hes just not like the Monkey he used to be like a actual strong tank.,False,0,3799
buns,False,0,2660
"Don't even try to play this game, The queue time for games take 10-30 mins to find a game. Most of my play time has been waiting to find a damn game!",False,0,1197
PLAY FIGHT AI OR REAL PEOPLE,True,0,352
Don't do it it's Hell.,True,3,422
♥♥♥♥ this game,False,1,35084
this game is fun.,True,0,23160
"Awful, you play 60 hours then get put into the sweatiest lobbies ever. Lost 18 games in a row. Uninstalling",False,1,5900
"Awful, you play 60 hours then get put into the sweatiest lobbies ever. Lost 18 games in a row. Uninstalling",False,0,15
"This game is a genuine game and has had me hooked for sooooooo long, I definitly recomend to anyone who wants to have a good and fun time in a first person shooter game.",True,0,670
"THIS GAME IS SO ASS, THEY ADD A BROKEN CHARACTERS JUST TO PATCH THE DUDE THE NEXT WEEK. WHAT A WASTE OF TIME. THE WORST COMPAGNY EVER.",False,0,5627
I hate ELO,False,1,62293
"maybe i don't like hero shooters but this one is bad having to sit through unbearable matches because certain characters have move sets that are just plain unfun to play against to then have them move sets buffed and underwhelming characters get nerfed to the ground 
the community is almost as bad as the game annoying people with 0 actual braincells then they blame anyone but themselves 
god i wish my friend group wanted to play better games 

skins are lazy and way too exspensive  and alot of the bundle items are just copy and paste for 20 pounds per skin i think its just plain robbery (not as bad as valorant t tho) i could rant about all the things wrong with this game but i wont all i can say is avoid this if you value sanity",False,1,7249
"It's so much fun I love playing as Sierra, Juno, and Junkrat so much!!",True,0,664
Game will consume you. but its stimulating all the same.,True,0,2644
Perdi minha alma jogando isso. Adorei,True,0,17617
TF2 But better,True,0,480
They're removing my Roadhog's pull combo.,False,0,7063
meh,True,0,1001
great,True,0,538
♥♥♥♥ no,False,0,29446
"Play this if you're ready to be ragebaited every two seconds, but then when you get off all you can think is about Overwatch. </3",True,0,23104
Idk bruh juno has a nice ass ig. Uhhh doomfist is hot too ig,True,0,2294
"if you ignore the expensive skins, this game is a good shooter
its so much more fun than marvel rivals",True,1,24
"Overwatch died with the last sombra nerf today making her not even bad dps to support, now I'm sure game didnt changed that was mask: rename to overwatch from overwatch 2,words about make game for fun not for money making. Thats it im tired of infinite loop of fomo and degradation.",False,1,20022
hey,False,0,1270
.,False,0,193
"I've never been exposed to Scaphism, but I imagine that playing this game is kinda the same.",False,1,1461
do NOT play this game,False,0,572
gg,True,1,3031
la competencia le cayo bien a OW,True,0,10200
skins are buns but fun for free game,True,1,313
"It's pretty good, but I like hitting myself so take that as you will.",True,0,47570
overwatch,False,1,1979
"I hate this game but you know, it good",True,0,20689
"as much as I could critique a lot about overwatch, specifically on the side of competitive, I am writing this from the perspective of someone who only plays arcade/quickplay, and I've found a lot of enjoyment from playing specifically those 2.

competitive is frustrating from the very little I've played. it's severely unbalanced (roll or get rolled) and overall just not worth my time.

quickplay or arcade is more relaxed, the people aren't too serious and it feels like I am actually playing a game.

if you stick to quickplay you'll probably find more enjoyment there, but that's just my personal experience. it's the same for me on other games like counter strike 2 or valorant where I don't see myself playing the competitive modes and instead find myself in casual/swift play.

this review is set as positive because I only play quickplay and arcade, but if I played competitive as well I'd probably lean into not recommend.",True,0,8663
"i love this game, but on the otherhand everytime i log off i have the worst time of my entire life and rethink even opening the game at all. but yet i still open the game",False,0,2680
banned me for letting the other team know how i feel,False,0,6610
"This game can be defined in two words... Kiriko slop.
But hey its all good since they gave us a free mythic after 4 years of paying!

--------------------------------------------------

In all honesty, this game is like a drug... when on it my life is hell, and when I'm away from it I keep crawling back. Not too bad of a comeback Blizzard, well done.",True,1,10890
fugggin sucks,False,0,8333
"♥♥♥♥ game in general, servers so bad they disconnect you then give penalties for ""leaving""",False,2,16861
Good,True,0,8400
"Trust me, don't play this bs game",False,1,632
"It's a good game. I enjoy it sometimes, my only problem with the game is that it's just really fast paced for my liking. I enjoy the gameplay of valorant and fornite for example. I've found no reason to dislike or hate the game.",True,0,2445
"If your friend recommend this game to you, slime them immediately",False,2,20370
"if you want to know what hating yourself feels like, play this",True,0,2761
200-300 ping. bad servers,False,0,3155
OK SO I DID A 3K WITH GENJI 3 KILLS IN A ♥♥♥♥♥♥♥ ROW BTW!!!!! ULT OFC CUS YK WHY NOT AND A ♥♥♥♥♥♥♥ DMON NEW HERO FOR THE NEW PLAYERS!! DID 3 KILLS AFTER 7 MILENIA AND SHE GOT POG WHICH I THINK ITS NOT FAIR AS A PERHABADABLEGOOGLEBOOGLECHANCE FAIR FOR ME BC I WORKED HARD WHILE ALL SHE DID IS SWIN HER SWORD AIMLESSLY WHICH SEEMS REALLY ♥♥♥♥♥♥♥ STUPID 0/10 EXPERIENCE DO NOT INSTALL THIS GAME OR YOU WILL LOSE YOUR MIND TY AND I LOVE YOU AND FOR THE 2ND TIME AGAIN DO NOT INSTALL THIS GAME OR DO ITS UP TO YOU BUT IF YOU DO YOU'D END UP LIKE ME AND SIGMA,False,0,2361
"Guessing everyone logged in for the Mythic skin. Gave it a try since I haven't played in years since they decided to lie about dropping story content and I dropped it. 

First match the connection was so bad that characters both enemy and teammates, were sliding and disappearing off of the map. After the match I take a look at the tabs to see a story tab. Click on it and instead of finding gameplay I find... motion comics and low resolution mp4s. Thanks Blizzard I'm sure this took a ton of effort! Click on the event tab to see if there's any cool time square or beach lobbies like Marvel Rivals and instead I'm greeted with more shops where I can purchase fully upgraded mythic skins for $75... I redeem my free mythic from the old battle pass skins instead of one from my favorite character that they don't allow me to redeem and move on.

Second match it takes 10 minutes to load into the game. Where I notice my screen is a bit dim and I check back the HDR settings I had changed before I relaunched the game, only to see that it had disabled pretty much all of my changes. It was running at a stable 240fps but what does it matter when everything just feels the same that it did so many years ago. All of this desperation for money but no personality or growth in the actual gameplay system and I can't find an ounce of a ♥♥♥♥ to give about you anymore. 

Game of the Year over Uncharted 4 btw

4/10 at its current state.",False,1,2380
200 € Cosmetic Bundle.... While one of The skins is a recolor... Human Greed knows no bounds,False,1,803
basically unplayable. tons of horrific bugs that they let go on for months without fixing. every character that needs a nerf proceeds to get a useless hotfix or is buffed in every patch. on top of that they have the gall to release hideous cosmetics for 40 dollars. blizzard used to have some integrity. this is embarassing.,False,0,146
:),True,0,8302
how does a billion dollar company let one of their flag ship games servers have ANY LATENCY let alone 500 PING during their own convention and a release of a new hero,False,0,53707
great balance,True,0,563
i hate my retarded mercy temamates i get plz fizx,False,0,9697
rf,True,0,12295
blizzcvck devs doing everything they can to avoid adding a straight white man will never not be funny,False,0,6865
gay,True,1,4119
game sux,False,0,49407
Isn't anywhere NEAR as bad as anyone says it is,True,1,2855
PEAK MOMMY,True,0,272
"Kept Sombra rotting at a 45% win rate for months basically soft deleting her from the game
Just to turn her into a support slut to satisfy console bronze players. ♥♥♥♥ off

Also, the past season has been the worst by far. We got a bland tank with no unique kit or distinctive abilities and absolute garbage battlepass skins",False,2,125777
its honestly a miracle that this game still has life to in until you look at the shop and see the most insane prices for cosmetic and then you realize that this game lives off the people who refused to leave the game because they have invested too much money LOL. This game has literally become a huge joke and the community refuses to fight back on the horrible monetization. Such a shell of what use to be a truly amazing game,False,3,2017
"If you enjoy competitive multiplayer games, unique characters, and fast-paced team fights, it is definitely worth trying.",True,0,343
Best Game Ever.,True,0,1717
this game is straight misery,False,2,35757
0/10 i hate this game petition to ban bad players from even queueing comp,False,2,11935
♥♥♥♥ ball,True,0,276
play this if ur suicidal and need a reason,True,1,941
"Overwatch 2 is a game that had a huge amount of potential, but in my opinion, that potential has been completely wasted. While the actual gameplay mechanics can be fun and the characters are interesting, almost everything surrounding the game leaves a very bad impression. One of the biggest problems is the matchmaking. Far too often, one team feels like they know exactly what they are doing, while the other team has absolutely no coordination. Because of this, matches can feel extremely unfair and frustrating. Instead of feeling like a victory is the result of my own skill and effort, it often feels like the outcome depends on luck.

Another huge problem is the price of skins and other cosmetic items. The prices are simply ridiculous for what you actually get. Some skins cost an absurd amount of money, especially when compared to other games. The game may be free-to-play, but it often feels like almost everything is designed to encourage players to spend money.

The Battle Pass is not particularly impressive either. Instead of making players feel rewarded for playing the game, it often feels like another way to monetize the player base. On top of that, the hero balancing can be terrible at times. Some characters can be ridiculously overpowered, while others feel almost completely useless, which makes matches even more frustrating.

There are also plenty of annoying issues such as toxic players, smurfs, leavers, and teammates who give up as soon as the match starts going badly. All of this can turn an otherwise normal game into a miserable experience.

Overall, Overwatch 2 feels like a game that is more focused on making money than providing players with a fair and enjoyable experience. The gameplay can be fun, but the terrible matchmaking, overpriced skins, Battle Pass, balancing issues, and general frustration ruin the experience. If you have a lot of patience and really love hero shooters, you might still enjoy it, but personally, I would recommend playing something else.",False,0,1971
if you have friends :) if you have no friends :(,True,0,7450
"I remember paying for this game. I played it all the time, and it used to be good. Then Blizzard took probably their best bet at being a good gaming company, and fukt it in the mouth. Character design went from good to abysmal ♥♥♥♥♥♥♥, there's an enormous roster of boring heros, Sombra exists, and it's 5v5. I would wait until this game is on sale, maybe 50% off or more.",False,1,608
"will make you wanna become the next hdolf aitler, would recommend",True,0,59843
"The ""Lost connection to local server"" is a real problem in this game, even with 1gbps speed wifi.",False,0,16526
I can't believe they made a real game based off the porn!,True,1,876
.,False,0,409
"constant server issues. i literally mean constant

i even had issues posting this review. i know this is also overwatch's fault",False,3,28037
"I started playing this game on PS5, i enjoyed it even tho i got mad specifically because of my teammates, then i tried it on pc. First few days playing the game were pretty enjoyable then it went drastically downhill. Nowadays when I load into a match and look at my teams stats after some while, I sometimes wonder how a games matchmaking can be this ♥♥♥♥♥♥♥ awful. It wouldn´t be that bad, if my teamates were thinking human beings instead of brainless, underevolved apes.",False,0,5427
Good Game!!!,True,0,10177
mizuki yams,True,0,35798
GKK slop,False,0,11
Normally dont mind playing a game or two but when the servers kick you out for no reason during a ranked game and you cannot join back for a solid 2 minutes it ruins the mood and makes it so much harder to win a match.,False,2,4978
yes,True,0,17968
"Been playing this game sense alpha. The first years were great. Then they just didnt update for several years. Then OW2 came out. That was just a reskin of OW1 ... A patch really. Then the whole culture changed. No one talks in chat anymore because you get banned for saying anything. Some random woke kid will report you for being straight or white. Woke culture is heavy in this game, but it looks like they are finally moving away from that. i.e., the new char models are actually nice to look at now, when for the past several years they have been focused on making everything ugly and woke. (non binary chars, they made soldier gay, and so on ...) Would I recommend? No. Never play a game that pushes woke garbage and wants to charge 40 bucks for a skin.",False,1,190
Dude this game sucks i love it,False,0,7
This game doesnt wort at all,False,1,32787
will make u relapse,False,3,2631
pizza>,False,0,3982
dont play this if you value your life just dont. This is the worst game i've ever played in my life if i could return back past i would smack tf out of myself when im starting this game. If you want to torture yourself by wasting your entire life waiting the matchmaking and become pile of ♥♥♥♥ for the rest of your life then go on do play this game it is very reccomended and good for it.,False,0,4892
Satisfying and pretty low cortisol compared to other online shooter games,True,1,238
time sink,False,2,8912
its fun,True,1,314
e,True,0,1112
"The game is great, however, you could be a Top 500 Mercy and people will still flame you for playing Mercy... The only place these heathen think Mercy should be played is bronze...",True,0,41361
good,True,0,206
this game is ♥♥♥♥ can't even login because i need a post paid phone number even though i linked it with my google account,False,2,5
"I can't prove that they changed the sound of widowmaker's charged gunshot, but they did, my ears notice it, and it's awful. It sucks. Completely ruined the audible joy my ears experienced from widowmaker's shots. Worst Overwatch change by far. Bring back the previous gunshot sounds so I can audibly enjoy widowmaker again.",False,1,2227
"To be honest ever since the whole story mode was scrapped I lost interest. The skins are super pricey and the game doesn't feel rewarding as it did before, referring to the original loot boxes. Now you pay $40+ on a skin that also could be a recolor of another previous skin. It's just very money hungry and there are major balancing issues. I uninstalled the game and not sure I will ever return which is sad since I have been playing since season 9 of the original overwatch 1. Overwatch 2 was such a letdown and I did enjoy the game. I originally played the game on console and ended up going to pc, which I will admit that at least the game is pretty optimized so you don't need to have a major pc. It's just that I cannot enjoy the game anymore because they don't provide much besides over priced skins -- that is my issue. And I am sad to say it. It's just not rewarding anymore. I just get drained playing this over my other competitive games where I can actually enjoy the content they provide me, especially for a affordable price.",False,5,23732
"Played this game on and off for almost 9 years, would recommend if you want a fun time with friends.
Solo queue is hell and should probably be avoided.",True,1,41964
the braindamage is semi worth it,True,0,3604
worst game ever tbh,False,0,25365
"Game is meh, I don't even get excited when I win.",False,0,347
After 7 years of gameplay I can confidently advise anyone reading this to never waste their time picking up this game,False,0,6826
"game can be fun.. But, left a match (mystery heroes) and got banned for 2 hours lol. kind of ridiculous.",False,0,15088
"Please I beg you, do not ever play this ♥♥♥♥.",False,1,26667
has given me a frontal lobotomy,False,3,2200
i would rather have both my ♥♥♥♥ and balls ripped off and force fed to me then play another game of comp again.,False,0,13802
I like this game,True,1,24976
♥♥♥♥♥♥ ass reddit mod game,False,0,122
Runs like ♥♥♥♥. Getting like 2 frames per second when it used to run fine.,False,0,1272
FUN GAME,False,0,328
这游戏简直烂透了，我恨死这游戏了，去你妈的，你这杂种、贱货、蠢货、混蛋。😡😡🤬🤬🤬🤬🖕🖕🖕🖕,False,0,21471
I hate this stupid ass ♥♥♥♥♥♥♥ game. It makes it so ♥♥♥♥♥♥♥ hard to even make a stupid ♥♥♥♥♥♥♥ account and even when you do make one it cucks you by making you do sms and that ♥♥♥♥ is a ♥♥♥♥♥ to set up.,False,3,20
"Absolute awfull game, only fun with your friends and even then it awfull.  If you have no life then its great for dumping 1000 hours into but its just awfull",False,0,3743
"I absolutely despise this game. I hated this game the first 2 times I tried it and the 3rd time- I actually kinda liked it. But the game made everything impossible from the start.
Instantly met with issues. I had to click Play 4-5 times for it to actually open. Then, they recently pushed an 8GB update that made it to where my game wouldn’t open at all. After reinstalling, verifying files, updating drivers (and getting beautiful NVIDIA screen flickering in the process!!!), and updating windows- nothing fixed it. I even uninstalled on Steam and went to Blizzard’s launcher and it wasn’t working. I’ve tried on multiple ssds as well. Im stuck with error code 0xc0000005. My only options left are to reinstall windows and deal with my bios but- I’m done. I’ve spent 4 days on this and all of this for one single blizzard game? Nah. I’ll go back to Marvel Rivals. So if you have bad luck with your pc or technology in general, don’t get this game. It isn’t worth the trouble",False,2,1589
Love the game but need to fix servers,True,0,39472
The greed of this company is shameless and downright unbareable. These ultra skins are nothing but a glorified legendary skin with a few extra vfx. With the announcement of the LE SSERAFIM collab ultra skins were assigned to Moria and D.mon. The quality is disappointing no amount of money can justify such a steep price for a blatant cash grab. Ya know I feel bad for the design team who don't have much choice on the prices of these skins. Wholeheartedly I blame the greed of these executives but I have to thank them now I'm more justified to play Marvel Rivals. Until the ultra skins are wiped away from overwatch I wont be buying anything with money and only in game currency that I already own before this somber announcement.,False,0,65567
nuke dmon,True,1,20572
"terrible game, comp is ♥♥♥♥♥♥ this season",False,1,15249
♥♥♥♥♥♥♥ game,False,0,2891
this game has lost the plot. nobody wants propaganda poured down their throat while gaming.,False,0,288
yes,True,0,599
"I love overwatch. BUT. after recent times with their choices on myhtics and skins i cant be happy. no one wants 2nd mythics before everyone has 1. if you do, you probobly main the hero.",False,0,18351
no,False,0,49283
niet,False,0,49995
like this game has been dogwater for yrs yet i still come back for genji,False,0,4423
this game makes me a worse person,True,1,1848
broke my house,True,0,1414
so cool,True,0,383
Bata was better,True,0,25902
Just play Marvel Rivals instead.,False,1,6040
fun,True,0,9863
♥♥♥♥ game,False,1,10922
israeli game,False,1,3197
Winton,True,0,13333
random bullsh*t go,True,1,450
swag,True,1,2458
"Игра сгнила,в неё играют как в геройский шуттер,только в рейтинге и то на высоких рангах.Каждый человек,заходящий в эту игру соло, будет слышать ""Релакс это не ранкед или это не слишком высокие звания"" От чего становится тошно, про желание играть забываешь. Так что я ""Рилакс энд чил бро"" нажимаю удалить эту помойку дрочеров на нарисованных девочек, и вам советую того же",False,1,15179
"Playing this game will make you appreciate the finer things in life, like amputation, hours of Chinese water torture, and watching your wife cheat on you with your father to name a few. You will never know the insignificance of the human brain until you play this game. You will without fail be pair along side the worlds finest crayon eaters and glue sniffers in your endeavor to torture yourself through a game.",False,59,8927
"This game does an excellent job at distinguishing between ""I thought I hated this game"" and ""I actually just hate myself."" When you play this game, you will 100% without a doubt know the truth afterwards.

The devs are incredible and have machine-engineered a powerful competitive tool I have seen in no other game. Every game in emerald and diamond feels like a coin toss; you either win really hard or lose really bad. But with a cherry on the top, when you do win, you still gain nothing because you were favoured, meanwhile when you lose, you were not favoured, so you lose an extra game. They make you think you're winning, but you are actively punished for playing in the end.

But not only that, you will have to conquer battle-worthy and dangerous opponents, such as the lvl 600 Mercy and her Genji boyfriend. Now this duo is very, very dangerous; they will obliterate you because their love and relationship is also on the line in every match. They are very hostile, and if you don't succeed in giving them their win, they will do very ""bad words"" to you either in the chat or voice comms.

It's a 10/10 psychological warfare of horror they have created. You are meant to yell and scream at your teammates because it frankly does nothing. There's no system in place that tells you or rewards you for playing better than the enemy team or your own team. This is a casino; the only enemy you have is yourself. You either win 50/50 or you lose. And you decide if you wanna continue till you have no ""elo"" to keep playing with. It's very misleading that the game does not have the ""Psychological horror"" tag on the Steam store.",True,1,6487
This ♥♥♥♥ is long nomore what it used to be,False,0,324
ts makes me wanna kms,True,0,3642
play it if you are willing to give up your sanity and money,True,0,8514
portal to deepest level of hell,False,0,1470
"Fun game, I used to play this on my PlayStation I think",True,0,328
i hate myself for playing this booty rape game,False,2,2923
still worse than apex,False,0,33
It's like doing meth. It's really ♥♥♥♥♥♥♥ fun but you wanna die.,True,0,442
♥♥♥♥ game,False,0,2313
Best game ever,True,1,89499
"They're really out here charging $35 for D.mon's ultra skin that makes no changes to her mech other than slapping a new coat of paint on it lmao

Having to pay $35 for ultra skins is already a joke considering certain legendary skins already have special FX at a $20 price tag instead (Which are also overpriced) 

What's even worse is one of the biggest selling points (quite literally) of this season was FINALLY being able to get old battle pass skins. It was a small win for us because FOMO elements in games do nothing but hurt the players. However, in typical Blizzard fashion, this ended up getting delayed and now they're doubling down on ultra skins",False,7,17162
Hahaha! My power emanates!,True,0,11159
jj,False,0,3232
"""jarvis generate me a unique game""",False,2,16
took my skins never gave me my skins back,False,0,377
♥♥♥♥,False,0,9
This is a really good game I promise it's not because of the 7ft woman with the fat ass.,True,1,8
"Do I miss OW1? Yes. Do I miss 6v6? Yes. (I know it still exists, but there's so many fewer players and the game isn't really balanced for it anymore, it's not the same.) But the game is in a good spot and I'm having a blast again.",True,1,7641
"Игра полное гавно, рекомендую к ознакомлению",True,0,18362
Really i got my 2nd suspension just because i argue with some e-girls playing rank and dosen’t know how to play the character players here a soft as ♥♥♥♥ just like valorant even low rank report you to much if you play the game so well,False,1,8590
issa good game,True,0,584
"the worst game in the world, makes me want to kill myself everytime i play but I am so addicted to it that I can tstop playing it, the pure dopamine surging through the game constantly is insane and it tingles a special part of my brain that cant be reached from anything else",False,1,8573
trash ass ♥♥♥♥ cant even login,False,1,78
"This game is a nightmare, it's like a drug. Once you try it, you can't stop. Save yourself children, don't let it take over you.
I also love it",False,1,10061
Tasarlayacağını karakterleri sikeyim.,False,0,5470
👎,False,1,13738
same shi diff day,False,0,962
"Very bad matchmaking, either you get a really good team and you win the match or really bad team and you lose horribly.",False,1,16
its acc fun,True,0,19165
very good bradah,True,1,2668
"Genuinely a great game, what time is Tesco open today gang",True,0,15742
.,True,0,1495
winton,True,0,500
"I really like where the game is going and you know what i will even dare to say its in the best place it ever have been buut one thing is becoming scary to me its how the price of every new skin and the way they are making the new battle pass harder for ""free to play"" players but honestly I'm having so much fun and yeah buff Genji please  :v",True,1,30085
raises cortisol,False,0,28648
the ranked match points system is suck,False,0,2100
Torture.,False,1,1243
"the playerbase is horrible, its not like league where everyone just acts like pretentious but the overwatch playerbase has an impulsive need to let people know that they have over 2000 hours in the game and ram their egos into the keyboard as hard as they can",False,0,11924
rather cut my ♥♥♥♥ off,False,1,9742
less toxic and more balanced than rivals,True,2,30944
TO GOOD,True,0,345
"Good game, pretty different from most FPS games. Lot's of marketing/cosmetic BS though.",True,0,6077
noise,True,0,2086
♥♥♥♥ this game,True,0,6738
gg,True,0,300
"I play this game on Battle.net; ever since it went free-to-play, the player base has become incredibly toxic—full of rage-quitters and AFKers. You get clueless DPS players who always blame the tanks and supports, yet they can't even pull off a flank. im DIamond btw",False,0,336
เกมไม่ค่อยมีคนเล่น มีแต่ควายเล่น เซิฟเน่าๆหลุดบ่อยๆ สกินแพง บัคไม่แก้ ครบสูตรความกาก ผ่านไปอีกกี่สิบปีเกมก็คงโง่เหมือนเดิม,False,0,10691
good game,True,0,240
KAK,False,1,42
Generlaly the quick play matchmaking is garbage the only thing i dislike about this game. Otherwise it's fun.,True,0,542
I hate this game so much.,True,0,70388
Jüdisches Spiel,False,1,20540
G G,True,0,1825
hard game but fun,True,0,12015
absulotly trahsssssssss,False,1,558
epic game with perfectly balanced characters especially jetpack cat,True,0,18715
no,False,0,1686
"*Playing as doomfist
*having a great time stomping in rank
*about to win the game
*Got dc can't join back in because blizzard is a muti billion dollars company and proceed to gave me 15 mins time out
Truly a fantastic experience 
I'm in too deep, all I can do is warn the new comers not to try step foot in this hell hole",False,2,14954
Tanks are AD sion 🛐,False,0,4706
Servers are ass.,False,0,15320
yes,True,0,1373
pos,False,0,24
stupid ass game,False,2,12644
This game stupid and sweaty but can be fun with friends,True,0,2993
just no,False,0,51
Monke and Balls,True,0,16770
great,True,0,980
I feel like a drag queen when I play this game,False,1,2718
Fun sometimes hate sometimes,True,1,764
Fun if you hate your life,False,4,1006
"Returning to Overwatch after 7-ish years just because i had a little bit of extra time to myself, a lot is the same. Unfortunately, the mix between ""It's quick play, it doesnt matter"", which is the excuse for players who just troll (you'd figure that would be in arcade or custom games), and the ""Skill Based matchmaking"" that ""makes games fair and balanced"" when in truth most are one way stomps, the game isnt for casual players. You can either screw around or become a hyper competitive player. I feel needing to play Competitive just to get a sense of what the game is supposed to be is asking a lot. You might find the rare Quick Play match where there is some back and forth and either team might win, and THOSE GAMES ARE GREAT, but are so rare, it's hard to justify slogging through the rest of them. Instant losses and even wins aren't fun. From a 3 minute escort mission where i barely ever got hit as a Mercy, or a Zarya game where my DPS went in solo and my support emoted the whole time.
Seriously, one fun game makes me rethink this whole review. I had a team who apologized beforehand saying they suck, we have our ups and downs throughout the match and we barely squeak out a win. Even if we lost, it was so close and fun that i would've been fine with it. If more games were like that and this alleged ""SBMM"" actually worked, i would've never stopped playing in like 2018-19 and this would be a thumbs up.

Also cant forget everything Activision Blizzard and Microsoft (who owns them) has been guilty of in the past years.",False,3,1149
bad,False,0,15556
worst game i will ever play,True,0,1217
"Every time I launch this game, I lose approximately 7 years of my life. I queue up thinking, “This time will be different.” It is not. Within 45 seconds, my tank is fighting the entire enemy team in their spawn, my DPS are doing a sightseeing tour of the map, and my supports are healing eachother and playing around with each other . And ofc the enemy team are an elite group of navy seals who clap my team in a matter of seconds i tell my team to do smt and they do everything BUT what i said 10/10",True,1,2374
"When I first started overwatch I was a happy, innocent, caring, and grateful for all the things in life. Now after getting off my 9 hour shift just to see a 14 year old kid on summer break absolutely man-handle me while my own teammates are rating top 5 hottest characters in Overwatch. They proceed to blame everything on me and make me regret all the things I have done in life. After all this I still hop on every day because I like to get fiddled with after a long grueling day.",True,0,5116
♥♥♥♥♥♥♥,False,0,1307
"I have never played a game that made me rather have someone kick me in the balls and gouge my eyes out with the rubber bits of a school chair. This game has made my rent go up by 5 grand because of the amount of times I've punched a hole in my wall when I lose a game with a bunch of teammates that act like they were fresh out the ass. My neighbors downstairs thinks I'm gay because of all the times I scream, ""He's ♥♥♥♥♥♥♥ me!"" at the top of my longs at 2 o'clock in the morning. Great game would recommend!",True,0,13029
"Was a founder for Overwatch 2016 and have countless hours in this game

Account banned for cheating on Aug 21, 2026. I have never installed cheats for anything on my PC let alone overwatch
I have only 1 prior account restriction, a silence from 2018 (blizzard does not like creative swearing like jack septiceye)

Customer support will assume your guilty and will not provide support over correcting a false ban, 
I have provided all my periphials, specs, screenshot of all processes running on task manager and potential conflicting programs such as RGB case fan controls and customer support will only copy and paste the same reply over and over.

Do not waste your time or money on this game till they fix their customer support that is currently run through a call centre which is incentivised to churn through as many tickets as possible.
I'll never give blizzard a dime again",False,2,83266
i really do believe getting curbstomped and swallowing my front teeth would be a better experience than playing this piece of ♥♥♥♥ game. 800+ hours btw. will continue to add to that count as well.,False,2,2272
"unless youre great at video games or competitive, play this game with the intention of losing, and having fun.",True,0,66857
"fun game, make me want to kill myself",True,1,9814
the worst thing i have ever played,False,2,173
sucks i hate jetpack cat,False,2,11631
"I will start off by saying that this is probably (unfortunately) my most played game, and for the most part it is very fun. That being said, this game has numerous issues as well as horrible cosmetic pricing.

1. To start, the cosmetic pricing is egregious, with the best skins (mythic) costing $80 to buy outright. Any game developer who thinks that a single character skin is worth more than a modern triple-A game is full of themselves. Buying a normal skin generally costs around $20, which is still terrible. The only thing that is well-priced is the battle pass, which comes with enough mythic coins to get a mythic skin. Following that metric, mythic skins should cost at most $10, and the legendary skins should be $2-5 at most. Also, as a tip for the devs: If y’all lower prices to a reasonable level, sales quantity and player satisfaction would jump significantly. The increased sales volume would probably offset the price decrease to allow for higher revenue as well.

2. Moving to the next issue and adding fuel to the flame, many of the expensive mythic skins are not very good. They are supposedly customizable skins, but 90% of the time that just means that you can change the hair, and that it has the option to have some random energy glow that feels more and more tacky and ugly with each new skin. I also don’t love that they are doing repeat characters for the mythic skins, but I understand that they will always prioritize more popular or iconic characters.

3. The final major issue lies with the matchmaking. For one, this game is completely incapable of matchmaking when you have friends with significantly differing skill levels. The game will give you opponents that are far beyond what your team can go against, and you will not enjoy the game at all. If someone in your group is at a higher skill level, then the only real option is for them to play on an alt account. I have other issues with the matchmaking as well, but I understand that most of the matchmaking mechanics are designed to get you to keep playing regardless of how fair or fun the matches are.

Overall, I wish I could give this game a good review. Many of the characters are very fun, the events are great, and the OW team does their best to keep characters balanced (even if their balancing decisions sometimes make no sense). I will unfortunately continue to play this game simply because many of my friends play it.",False,1,53672
"its overwatch,,,",False,3,28076
Waffle between liking this game and finding it frustrating. The match making is horrid.,False,2,8235
winton,True,0,7052
"Genji, Pharaoh, Sombra, Doomfist, Vendetta and Anran",False,0,3728
all i have to say is this game is FYAAAAAAAAAAAAAAAAAAAAAAAAAAAAAAAAAAAAAAAAAAAAAAAAAA,True,0,12677
peak,True,0,1728
meooooowwwww,True,0,11674
"to unlock competitive one must win 50 games, yes you heard that correctly, WIN 50 games - not play, WINNNNNNNNNN!

quick play matches can either be too easy to the point u question whether the opposing team are well disguised AI, or, competing against seemingly semi professionals that have spent 50k hours grinding one hero to perfection.

game is decently optimised and the graphics and art design just work

can't really complain, it's literally a free to play game with a decent competitive scene",True,0,1031
Horrible cannot play,False,0,54
Absolute ♥♥♥♥♥♥♥ ♥♥♥♥♥♥♥ matchmaking,False,0,34717
Oh Great Heaven !,True,0,1222
"ripoff of tf2, i can feel all the characters just being bootlegs in general. gameplay is alright, evreything feels oversaturated. this game sucks i dont recommend, you will have more fun listening to nails in a blender and fork scraping on a tray. go check out tf2. its more fun, i feel lobotomized now that i have played this wonderful (disgusting) game, i dont like the artstyle, colors are too bright making it hard to focus, they want to constantly steal my money, bundles evreywhere. its annoying",False,1,52
fix the matchmaking in comp its horrendous,False,2,36
Good,True,0,9604
"[h2]METACRITIC SCORE: 7.9/10[/h2]
[h2]MY SCORE: 9/10[/h2]
⚠️[b]I have over 4000 hours on overwatch across BATTLE.NET and XBOX.[/b]

[table]
    [tr]
        [th][h3]GAMEPLAY[/h3][/th]
        [th][b]10/10[/b][/th]
        [th][i]Pick from over 50 heroes with different abilities, short range, long range, fly, swing and roll. Fast paced shooter. Group up in 5v5 or 6v6 and have insane fun. Heal your team, tank, or deal high damage. Objectives are move a payload to the finish line, or control an area until 100%. Work as a group to win.[/i][/th] 
    [/tr]
    [tr]
        [th][h3]STORY[/h3][/th]
        [th][b]0/10[/b][/th]
        [th][i]Not a story game.[/i][/th] 
    [/tr]
    [tr]
        [th][h3]CONTENT[/h3][/th]
        [th][b]7/10[/b][/th]
        [th][i]Over 20 maps to fight in. Over 50 playable heroes with different playstyles. Many cosmetics. 3 roles: tank, healer, damage. Quick play doesn't affect rank, but competitive mode does, and will be more tough. Game offers arcade modes and custom maps. No campaign or PVE. [/i][/th] 
    [/tr]
    [tr]
        [th][h3]CUTSCENES[/h3][/th]
        [th][b]2/10[/b][/th]
        [th][i]No real cutscenes besides when an update rolls out as a showcase, or when you get the play of the game at the end of a match (last 5 seconds).[/i][/th] 
    [/tr]
    [tr]
        [th][h3]REPLAYABILITY[/h3][/th]
        [th][b]10/10[/b][/th]
        [th][i]The variety in heroes, the addictive gameplay, and the frequent updates can keep you coming back for decades.[/i][/th] 
    [/tr]
    [tr]
        [th][h3]VISUALS[/h3][/th]
        [th][b]10/10[/b][/th]
        [th][i]Everything looks clean and glossy. Shaders and color tone is pleasing. Maps are well designed, including backdrops full of detail. Combat visuals have flare.[/i][/th] 
    [/tr]
    [tr]
        [th][h3]INNOVATIVITY[/h3][/th]
        [th][b]10/10[/b][/th]
        [th][i]Hero's with different abilities, including 3 roles, in an objective based FPS, had never been done before. This game birthed a genre and inspired games like Valorant and marvel rivals. Even now, it's still one of a kind.[/i][/th] 
    [/tr]
    [tr]
        [th][h3]GENRE[/h3][/th]
        [th][b]Hero shooter[/b][/th]
        [th][i]Work as a team, pick a hero with unique abilities.[/i][/th] 
    [/tr]
    [tr]
        [th][h3]DIFFICULTY[/h3][/th]
        [th][b]9/10[/b][/th]
        [th][i]Undoubtedly challenging. Huge learning curve for some heroes. There is a match-ranking system, but it may fail on some matches. If your team is not as good as you, then you will struggle as a group.[/i][/th] 
    [/tr]
    [tr]
        [th][h3]EXPLORATION[/h3][/th]
        [th][b]0/10[/b][/th]
        [th][i]Not an exploration game.[/i][/th] 
    [/tr]
    [tr]
        [th][h3]SOUND[/h3][/th]
        [th][b]7/10[/b][/th]
        [th][i]Some nice ambient music occasionally. Nice voice acting. Good ""pop"" to weapon sounds.[/i][/th] 
    [/tr]
     [tr]
        [th][h3]LENGTH[/h3][/th]
        [th][b]Infinite[/b][/th]
        [th][i]You can keep on queuing into more matches.[/i][/th] 
    [/tr]
    [tr]
        [th][h3]PRICE JUSTIFIED?[/h3][/th]
        [th][b]YES/NO[/b][/th]
        [th][i]YES. Overwatch is free to play.[/i][/th] 
    [/tr]
   [tr]
        [th][h3]OPTIMIZATION[/h3][/th]
        [th][b]9/10[/b][/th]
        [th][i]Everything is well optimized for the most part, but an occasional crash happens.[/i][/th] 
    [/tr]
    [tr]
        [th][h3]FPS[/h3][/th]
        [th][b]Uncapped[/b][/th]
        [th][i]You can easily hit 120fps+.[/i][/th] 
    [/tr]
    [tr]
        [th][h3]AUDIO[/h3][/th]
        [th][b]10/10[/b][/th]
        [th][i]No audio isses.[/i][/th] 
    [/tr]
    [tr]
        [th][h3]MAX RESOLUTION[/h3][/th]
        [th][b]4K[/b][/th]
        [th][i]Crisp.[/i][/th] 
    [/tr]
    [tr]
        [th][h3]HDR[/h3][/th]
        [th][b]YES/NO[/b][/th]
        [th][i]YES. In-game-hdr is good.[/i][/th] 
    [/tr]
    [tr]
        [th][h3]CONTROLLER[/h3][/th]
        [th][b]YES/NO[/b][/th]
        [th][i]YES.[/i][/th] 
    [/tr]
    [tr]
        [th][h3]SIMILAR GAME[/h3][/th]
        [th][b]Paladins[/b][/th]
        [th][i]Both hero shooters, though 'Team fortress 2' is also similar.[/i][/th] 
    [/tr]
[/table] 



[h1]SUMMARY:[/h1]
[b]You can become addicted to overwatch. Innovative FPS-hero-shooter that involves team work. Feels very rewarding to win and get kills, but it may suck to lose. Try different heroes until you find your favorite. Very fun. Still being updated.[/b]

[hr][/hr] 

[u]PERSONAL OPINIONS AND BIASES:[/u]
What really almost made me quit the game: HERO BANS. My favorite hero, the ONLY hero i play is: Wrecking ball. Its just the most fun hero, I've tried them all. I was grandmaster 2 ball. But sadly, in competitive matches, ball is banned TOO OFTEN for me to enjoy competitive now. Luckily, i can play quick-play mode, and hero-bans are not present there. I have fun again. I still think hero-bans is a crap idea, because it alienates people who play ""annoying heroes"", just to please the majority of players going against them.
Overwatch 1- 9.7/10
Overwatch now- 9/10
This is because they removed about 5 ""assault maps"", added hero bans, never delivered the promised PVE/campaign, made heroes unplayable until you unlock them. This sucked for me, because switched from Xbox to PC a couple years ago, forgot my account password, and i had to ""unlock"" the heroes i had been playing for years.
I actually don't think overwatch now is as BAD as people say it is. 
It is fundamentally still the same game. I hate to ""throw stones"", but i think most people complaining are just ""mad that they lost a match again"". Now, don't get me wrong, i have hated overwatch/blizzard in the past, mainly about hero bans, but i always found a work-around. For example: I still wanted 6v6, NOT 5v5, so i just play OPEN que. Fixed. 
Ball is always 'hero-banned', so i just play quick-play. Where is the PVE that was promised? i don't know, but overwatch is free now, and I'm not looking for a ""good story"" from overwatch, LOL.
Now, i am a VERY good player as wrecking ball, so i don't get frustrated too often. I win and have the best stats, 9/10 games. I suppose it sucks to suck. I don't. I had A LOT OF BALL HATE thrown my way. But i have chat muted now, so there you go, FIXED.
I have been playing this game since 2016, and i still have insane fun as wrecking ball.",True,0,8
"I think it's very fun and addicting. Can also be very frustrating too, both gameplay wise and teamwise. Just mute the text and voice chat and you've removed almost everything wrong with this game",True,0,21152
♥♥♥♥ THIS GAME. ♥♥♥♥ MY LIFE. ♥♥♥♥ EVERYTHING GOOD IN THIS WORLD. AND ♥♥♥♥ CHARLIE KIRK,False,4,274
IT IS THE MOST PEAK EVER,True,0,819
"If I ever go into a ♥♥♥♥♥♥♥ coma, just play enemy Junkrat's ult line and I'll wake right the ♥♥♥♥ up",True,0,26042
no,False,0,2409
give juno more skins that isnt shop slop,False,0,1997
most ♥♥♥♥♥♥♥ ranking system to exist. i carry the worst players that have ever touched the game and i get 17% and then i get calibrated down the next 3 games and de rank. this is nearly for honor levels of stress except you gotta depend on your ♥♥♥♥♥♥ mercy to stop pocketing the same person and heal you. Game rewards you for playing no-skill characters so if you wanna play slop the entire time this games for you.,False,0,33067
"worst game ever since ov2 is unplayable servers are fck trash, comunity is ♥♥♥♥♥♥♥♥ and worst part in this game is how unbalance meta is i have 500h in this game and if I wouldnt be stable i would kill my self after 3h in this game, the worst down grade in whole game history",False,0,31001
"impossible to 100%, achievements from the past not available today",False,0,888
i hate it,True,0,19209
ytayt,True,0,314
good game,True,0,8258
i ♥♥♥♥♥♥♥ hate that stupid ugly annoying piece of ♥♥♥♥ garbage hero ♥♥♥♥♥♥♥♥♥♥♥ cat i hate you aaron keller remove the creature please,False,0,8145
"I don't know, I just... can't see me playing this game a lot",False,0,2323
Duplicates in loot boxes (especially in a legendary box) is a next level of greed. Yuck,False,1,26453
this has to genuinely be the most cancerous game that has ever been made,True,0,13853
very floaty and unsatisfying fps game,False,0,188
only good for the futa porn,False,14,6782
good,True,0,1511
overwatch,False,0,1818
تسريب رامات,False,0,266
NICE GAME,True,0,1051
horrible game save urself the time,False,0,12198
community makes this game trash,False,2,147976
what are we even doing anymore,False,0,58913
sugoi!,True,1,583
my life was stolen from me💔,False,2,10319
Fun team shooter.,True,0,4768
nah,False,0,8678
GAM EIS AIDS,True,0,323
hfcg,False,0,284
love this game to pieces but blizzard take the piss lol chargin people 40 quid for old skins u could get free on OW1 .,False,4,13699
if you see a hazard main leave the game.,True,0,30011
"the worst matchmaking imaginable, as a new player getting placed in a quick match against emeralds and diamonds is diabolical",False,3,235
"match making could not be worse. literally just started the game with a couple friends and within the first hour of us playing, we are going against emerald, and diamonds, people that are level 80 and higher even though we had just started the game. do not recommend, you should only get the game if you have been playing it before its launched otherwise you are expected to play against top tier players",False,0,219
"so unbalanced characters .. especially ""tanks"" .... they are doing too much dmg, pls neft them :( 
and road hog - his hook ?? how many meters wtf.... 
i dont remember the character names (i was playing in 2015), but the new charakters are too op...
im enjoying the game after the years, but some characters ruining my experience",True,0,1488
gay,True,0,10928
i am suffering,True,0,35346
This game just ♥♥♥♥♥♥♥ sucks,False,0,200
this game is amazing,True,0,7476
"Lack of artistic direction, horrible unintuitive UI, overpriced cosmetics, uninspired ""events"", toxic playerbase, poor optimisation, boring lore.",False,3,4178
"Play this game with friends, it will make you realise who the real ones are.",True,1,8819
"Even if HITLER HIMSELF CAME BACK and INVADED NEW JERSEY WHILE I WAS MID GAME, MY ROUTER WAS STRUCK BY LIGHTNING, BLIZZARD HQ WAS CAPTURED BY ARMED FORCES, AND A BULLET WAS SHOT THROUGH MY PC, I STILL WOULD BE QUEUE BANNED WITH NO APPEAL PROCESS BECAUSE APPARENTLY ITS STILL MY FAULT",False,3,19541
i ♥♥♥♥♥♥♥ love this game.,True,0,2148
yes,True,0,1453
Its a great game!,True,0,37289
"if you dont want to lose 10 games in a row, encounter a bunch of cheaters and meet toxic people then dont play this game.",False,3,15822
i LOVE OVERWATCH SOOOOO MUCH SAM CANT HEAL ME EVEN IF HIS LIFE DEPENDED ON IT,False,0,218
"free to play, my main game since 2017, this game is powerful and fun when you have a good team.",True,0,514
This game makes you suffer,True,0,21396
nice,True,0,24370
Game is ♥♥♥♥,False,0,433
just dont,False,0,17376
peak,True,0,33831
"This ♥♥♥♥♥♥♥ idiot game, broken servers, on some days cant even play the ♥♥♥♥♥♥♥ game cause the developers are a bunch of ♥♥♥♥♥♥♥♥♥ i could develop this game better than these lazy ♥♥♥♥♥ from blizzard company. Cant wait to see another punishment for leaving the ranked game because these digusting servers kick me for no reason.",False,2,5341
the servers have been extremely laggy lately,False,0,15730
reviews are above 50% so forcing a bad one just like the game’s matchmaking system,False,0,68872
"game is good


beware of r*t*rds though",False,0,12456
worst account creation policy ever. i had to start a contract phone number just to create an account that i couldn't event log into. i would not even recommend this game to anyone on this planet. worst thing i have ever seen,False,2,54
ג,True,0,2250
this game is my life.,True,0,20921
stinky,False,1,8101
Tam analyalayamadım,True,0,9002
more then half of my friends can't play because your absolute stupid competence of prepaid phone number as a security.,False,0,11383
10 years of playing this <3,True,0,1349
This game sucks,False,0,10026
"playing comp on tank is like getting a glasstration after being beaten to the brink of death by a chimpanzee, if you want to keep your sanity stick to dps or support for comp",False,0,4827
I play overwatch = i'm gay and i represent israel,False,1,2195
not good,False,0,38
this game almost ruined my life,True,1,15255
Waste of electricity tbh,False,1,7313
trash,False,0,547
i play this game a lot and i am in a esports team for ow and i am getting scolorships,True,0,357
gewd,True,0,16930
Still ♥♥♥♥♥♥♥♥ since OW2 release,False,0,13530
its cool,True,0,1050
im from tel aviv & i loooooveeeeeeeeeee this game uwu owo <3 who wants to be my e-daddy :3,True,2,33192
its overwatch. need i say more.,False,1,254
"has made me break down on multiple occasions, do not install if you don't hate yourself",False,0,3864
one tricking juno is the reason this heart still beats,True,1,20884
id rather get castrated by the hulk than play another match,False,1,138
"This game is just a worse version of overwatch one. They didn't even add the ♥♥♥♥♥♥ gamemode that they were going to add. I dont know how they failed to add it because it was looking to be a copy of Mann vs Machine from TF2 (a game made 30 years prior). This game made me download a 10gb update and it didn't say what it was for, then made me repack the whole game which took over an hour! And I have a Nazi Supercomputer for pete's sake! This game chatbans me every week for threatening to use my teamates as fleshlights (its all they would be good for because they suck at the game) and I cant even type the N word even though I am black for pete's sake! After they assulted all the female employees this game went to ♥♥♥♥! And im saying that even though im a sexist for pete's sake! This new Torbjorn character is so op! He throws a turret down and just sits there and does nothing and wins! Its clear they just added him to sell skins to gooners. Now tell me, does that make any sense to you?",False,1,12890
goood,True,1,3765
سرطان,False,1,18
its not even the game bro ITS THE FREAKING PEOPLE BRO IT PISSES ME OFF,False,0,661
its fun i raged at first but now its fun 5 stars,True,1,287
stiff,False,1,614
i hate this game,False,1,8390
this game is cheeks,False,1,32465
:),True,0,105632
"if you are reading this, go back",False,0,6340
good,True,0,5
I have been playing since 2018. I love this game!,True,0,1930
Pro player tryhards: I'm going on this guy in 3 2 1 Drake: Shes in love with who i am back in highschool i used to bus her to the dance,True,0,20123
hanzo,False,0,6964
yeah,True,0,3162
"I don't know why this game has mixed/negative reviews, maybe it's because of the teammatching or the developers not listening, but I kind of like this game. It's kind of nostalgic to when this game first came out, and it reminds me of Marvel Rivals, which is also fun.",True,0,94
"[h1]A love-hate relationship.[/h1]

Is probably the best way to describe Overwatch. I'm not even sure where to [i]begin[/i] with the game, it has a fair bit of good, but it also has a [b]lot[/b] of bad as well.

So I'll focus on a few things:
[list]
[*] Problematic Heroes
[*] Balancing
[*] Matchmaking
[/list]

[h2]Problematic Heroes.[/h2]

The heroes in this game are naturally diverse and varied, but in recent months they've released a hero that breaks [b]all[/b] the rules of the game:

[i]Jetpack Cat.[/i]

Now as you can surmise its a cat in a jetpack, but what makes it so awful and bad is that it breaks the fundamental rule that Overwatch had since day 1: [b]No. Permanent. Flying.[/b] every hero that has the ability to fly is tied to a timer or a resource bar of some kind, but Jetpack Cat seemingly ignores this rule and can fly infinitely [b]and[/b] have a boost mode as well. This by itself is already quite a jarring experience, maps aren't built for perma-flying and it shows:
[list]
[*] The skybox is pretty low, barely allowing them to fly over maps
[*] Jetpack Cat can hide behind buildings indefinitely at a high elevation that you can't reach even with other flying characters, let alone grounded ones
[*] Jetpack cat can quite literally hide under sections of the map that are inaccessible unless you want to die trying (and failing) to kill them with any hero outside of another Jetpack Cat
[/list]

To put it simply: Jetpack Cat is probably the most frustrating hero to fight against in the game as it stands (excluding skilled players on specific heroes). If that wasn't bad enough, Jetpack Cat is a [b]support[/b] hero, so they have the ability to heal themselves as well as their team, but their whole kit enables and encourages her to be the perfect flanker that can't be easily dealt with, with a 225 health pool to boot, a small hitbox, and long range weapons, you'll be struggling with this feline. Her support function is being able to [b]carry teammates[/b] into the air [b]indefinitely[/b], allowing some heroes that were clearly never intended to have high speed to just be zipped around the map because of a tiny cat.

To rub salt in the wound, someone at Blizzard is clearly aware of how annoying this cat would be and went the extra mile to add a [url=https://www.youtube.com/watch?v=ejbeOEbRaLQ]""taunting"" voice line[/url] for players to use, just to add some psychological warfare to the game.

[h3]Is that the only hero?[/h3]

No. There's definitely other problematic heroes but this would be rather long, but as a quick rapid-fire:
[list]
[*] Freja: Damage class that can leap up and pretty much instant-kill you in 0.7 seconds with several explosive arrows that stick to you
[*] Mauga: Tank class that has 2 chainguns, can stomp on you, and heal from shooting you
[*] Zarya: Tank class that can put a bubble around teammates that acts as a shield and also makes her weapon stronger, effectively fueling your own demise and killing you quickly
[*] Roadhog: Tank class that can self-heal back to full on the move, has a hook to bring you into his lethal range (1-shot shotgun), and even at range he has a secondary fire that can snipe you at medium distances.
[/list]

These are heroes that are considered to have a lot of pain points in the community and are seen as problematic (If you play competitive modes, you'll frequently see these banned, especially Jetpack Cat whom had a 70% global ban rate even at the top competitive levels), it makes you wonder that surely Blizzard would do something... Well...

[h2]Balancing[/h2]

...Now with the above heroes mentioned, the logical next step is to think

[quote]""Surely Blizzard would make adjustments so these heroes aren't annoying to play against?""[/quote]

And you'd be right! Except there's one problem:

Blizzard seems to be concerned about balancing at the [b]esports level, [u]not[/u] at the casual level.[/b] What I mean by that is you won't really see nerfs or buffs to heroes unless they're being used in esports competitive play (Like the Overwatch World Championships) where top players will have grinded these heroes to a fine art and have tech levels that you can't grasp, I've seen some of these games and the gameplay is [b]so. ♥♥♥♥♥♥♥♥ fast.[/b] that if you blink you genuinely might miss some stuff.

The problem with this naturally is the heroes that should be addressed... Don't, and the ones that are perfectly fine for the casual crowd... [i]Get adjusted.[/i] In the latest update (September 8 2026) they have made inconsequential nerfs to a couple of the heroes mentioned earlier, but then they have decided to nerf or buff other heroes that had no issues at all. Some of these changes were 'fine' as they wouldn't make a difference, but others you can clearly tell they were done in response to esports play and not how the playerbase plays them (e.g teleporter distances being reduced, cooldowns for certain heroes being increased, making a [i]literal sound adjustment?)[/i]

This is despite many complaints from the playerbase about many heroes, which you can find either here on the [steam discussions or better yet on the Overwatch Forums ( https://us.forums.blizzard.com/en/overwatch/c/general-discussion/6 )

[h2]Matchmaking[/h2]

This is just short, sweet, and simple:

The matchmaking sucks.

There's nothing to sugarcoat, you might be fine initially playing but you'll find yourself quickly playing a lot of games where all you see is this:

[b]DEFEAT[/b]

Why? Well for some reason the matchmaking loves to decide to pit you against [b]very experienced[/b] players. I've had games where I am fighting with or against [b]Top 500 competitive players[/b] in Overwatch, quite literally the best, of the best, and Blizzard thinks I can go up against them [spoiler]I can't. They wreck me or make me look pathetic.[/spoiler] it makes games feel like a genuine gamble and the worst part is you can tell within the first 30 - 60 seconds of a game if you even have a [b]slither[/b] of a chance of playing, let alone winning the game.

It has gotten to the point where people have said the following:
[list]
[*] ""Quickplay is the real competitive mode""
[*] ""Play competitive if you want balanced matchmaking""
[/list]

This has lead into a LOT of theories that the game attempts to keep your general win/loss ratio at a neat 50%, if you try going above that you [b]BETTER[/b] be John Overwatch and carry your team otherwise you'll be humbled pretty fast, if you try to lose games you don't have to worry because even if you do nothing you might still win on account of having that carry on your team. Put simply: The matchmaking does not feel balanced at all, it is a genuine coin toss, you can tell pretty quickly how games go, and in the 'casual' mode you'll be playing against people that are playing as if $1,000,000 are on the line [b]every. game.[/b]

[h2]So why do you play?[/h2]

Because I do find some fun with it, despite how toxic some people can be (You WILL be finding toxic people, trust me), I do have some small, nice conversations, and Overwatch has a nice feel with its movement that I just haven't really felt in a good while. Plus when you get that natural co-ordination with people you've never met, it genuinely feels great when you get that synchronisation.

I've had some funny moments and [url=https://steamcommunity.com/sharedfiles/filedetails/?id=3766737867]witnessed[/url] some [url=https://steamcommunity.com/sharedfiles/filedetails/?id=3798363609]funny moments[/url] too that were [url=https://steamcommunity.com/sharedfiles/filedetails/?id=3782007315]screenshot worthy[/url] that you just can't replicate or force, they just happen in the wild.

But, it is like I said, a love-hate relationship. There's a few goods, but honestly... There's a lot of bad. [b]If you plan to get into this, you should expect to be constantly saying ""FFS!"" a lot.[/b] Its a game that shouldn't be taken seriously, yet somehow I keep finding myself doing so.",False,10,35800
Great,True,0,3457
very fun,True,0,7975
"this game fills me with rage and hatred towards all humans, nerf genji",False,0,31110
♥♥♥♥ game,False,0,939
wuyang,True,0,27518
Too slow! Too slow! Too slow! Too slow!,True,0,9166
i hate this game,True,0,164
Overwatch is a good game,True,0,15073
I hate this game,True,0,142325
Constant cat and mouse game of balanced characters and roles fighting for their lives against tanks who are literally Thanos and immortal killing machines. Game can never be truly balanced with a 50+ character roster unless Blizzard employs Albert Einstein and a NASA supercomputer AI working 100hrs a week crunching the numbers; which they clearly dont because they added Wrecking Ball to the game.,False,1,2493
yeah,True,0,5034
rgrhrhe,True,0,776
"do not play this stupid ♥♥♥♥♥♥♥ game that was made by ♥♥♥♥♥♥♥, i went on a 0-6 streak and sbmm did nothing because i still kept getting neurodivergent losers in my lobbies who pick the most broken heroes in this ♥♥♥♥ ass game and they were the same heroes every ♥♥♥♥♥♥♥ game. the devs dont know what the ♥♥♥♥ they are doing and are jerking each other off at every meeting apparently. all in qp btw, not even ranked and on a new account because im not pay 10 dollars for a name change that is apparently for safety reason or some ♥♥♥♥♥♥♥♥ like that even though there are numbers permanently attached to every account but they must have forgotten about it. and 50 wins to play ranked is a absolute joke because not only do people have to endure hours of this stupid ♥♥♥♥♥♥♥ game which drops their will to play this game by a lot, it does nothing because half the people in ranked still suck. So if you're thinking about playing this game dont because it sucks and you will save you're mentally health.

P.S. ignore the amount of time played, i had to play though battle nets app because even though it is the same login and everything, the things i linked dont work for some reason.",False,0,43
yes,True,0,336
fire pls play it,True,0,1538
"Fun with friends on occassion but quickly turns into a miserable expierence the more invested you get. Character skin favortism, unfair balance patches clearly favorting a chosen few (looking at you cassidy), a lack of creativity in mythic skins as well as HORRID distrubution of them, I can't reccomend. Ignore the spelling i can't be bothered. And yes i have 200+ hours despite this it's a love hate thing.",False,0,15209
This game is for little femboys like Xander.,False,0,445
cancer,False,0,12911
winton,True,0,4727
bad game,False,1,230
W,True,0,15019
If you want to hate yourself and 9-11 different people at the same time this is the game for you!,True,0,2355
"This game is bloatware now. I used to play overwatch on high settings with i5 and 8 gigs of ram. Now on better pc I'm having 99,4% ram usage on lowest settings possible only by sitting in main menu, my pc freezing, processor dying. Paladins are more enjoyable at this point",False,0,56
GOOD GOOD,True,0,1885
winston lowk caked,True,0,3792
The best game in the world that I have EVER played... :steamlusty: :steamsweaty:,True,0,5773
good game,True,0,2818
"⠄⣿⡀⠇⠄⠄⠄⢉⣛⣷⡄⢨⡀⣠⣤⣴⣿⣿⣿⣿⡿⠿⠶⠿⠿⣿⣷⠄⠄⠄
⠄⣿⣿⣬⣀⣠⣤⡘⣿⣿⣿⣦⣿⣿⣿⣿⣿⡿⠋⠄⠄⢀⣶⣶⣦⣌⢙⡀⠄⠄
⠄⣿⣿⣿⠿⠿⠿⣿⣿⣿⣿⣿⣿⣿⣿⣿⡟⢡⣄⡀⣀⣼⣿⣿⣿⠟⣸⡇⠄⠄
⣆⠙⠉⣠⣤⡀⠄⠄⢩⣿⣿⢿⣿⣿⣿⣿⣿⣿⡿⣛⣋⣥⣤⣤⣤⣾⣿⡇⡀⠄
⣤⡀⠸⣿⣿⡿⠶⠶⢾⣿⣿⡸⣿⣿⣿⣿⣿⡿⣿⣿⣿⣿⣿⣿⣿⣿⣿⣲⣧⠄
⢺⣿⣦⣬⣶⣾⣿⣿⣿⣿⣿⣿⢸⣿⣿⣿⣯⣿⣿⣿⣿⣿⣿⣿⣿⣿⣿⣿⣿⠃
⠄⢻⣿⣿⣿⣿⣿⣿⣿⣿⣿⣿⣿⣿⣿⣿⣿⣿⣿⣿⣿⣿⣿⣿⣿⣿⣿⡿⠁⡀
⠄⠘⢿⣿⣿⣿⣿⣿⣿⣿⣿⢟⣭⠭⠴⠒⠨⢭⠛⠛⠋⣼⣿⣿⣟⣛⣡⣴⣿⡇
⠄⠘⣷⣮⣿⣿⣿⣿⣯⡙⠁⠏⠄⠄⠄⠄⠄⠄⠄⠄⢰⣿⣿⣿⣿⣿⣿⣿⣿⠃
⠄⠄⠘⣿⣿⣿⣿⣿⣿⣷⡀⠄⣶⣦⠄⣠⣶⣿⣦⠄⣿⣿⣿⣿⣿⣿⣿⣿",True,1,36132
"I keep on getting DC'd and getting a suspension for it. It's not a problem with my wifi anymore, I've had it on ethernet for about a year now.",False,0,16965
Out of all my years of living i decided to use my knowledge of life to play this game.... I regret everything nothing about this game is enjoyable. I had to get a therapist because this game made me want to ... I have this many hours on this game only because im good at it and it's highkey like a toxic ex that i always end up going back to. Please do not download and play this game i am warning you. You WILL regret it 0/10 would NOT recommend,False,1,22780
Its better now,True,0,516
"I have a lot of fun with this game, so much so that I’ve developed a stress response where my eyes go dark after the third match. It’s great.
After playing it long enough, your perspective shifts and you start to hate yourself instead of the game.
10/10. Definitely recommend as a substitute for self-harm.",True,0,61331
;),True,0,2196
"This game is like a toxic ex, i keep coming back to it even when it makes me hate my life.",True,1,41186
yes,True,0,9911
i hate myself i never loved myself,False,0,9643
♥♥♥♥ game,False,0,3668
Hmm,True,0,2020
"game itself is fine, just alot of choices are questionable",False,1,47016
Naprawcie serwery,False,0,5344
butt,True,0,211
Trash game,False,0,452
i goon to hard with me e girlfriends and cant stop playing mauga,False,0,492
"I never got so much of the hate behind this game, I understand where some people have major issues with matchmaking, overpriced skin bundles, and obvious character favoritism and yes, some of those things do make me mad but 1: I rarely, if ever purchase skin bundles, I mostly just make a purchase every other season or so when I like the battle pass skins. and 2: A string of bad matches from poor match making just encourages me to get off for the night (with varying degrees of success admittedly, but thats an issue on my end, not really the games fault imo). In any case I do very genuinely love this game, the dynamics between characters both in terms of gameplay, and their personality is enjoyable. The sort of puzzle solving you have to do when trying to figure out why you're losing a match and the comeback you can make is a fun kind of test of skill. The fact that no two games are exactly the same, and the feeling of hitting a game changing ultimate will always be amazing.

Im not trying to say overwatch is a perfect game, counterswapping, some wacky hero balancing, and the fact they took away the only new gamemode (clash, which I loved) we had in years, it obviously has its glaring issues, but I will always love queueing up with my friends and will always love the chance to make a big game changing play.",True,0,100207
"Fun, don't play it",True,0,6140
"FIX YOUR SERVERS FOR THE LOVE OF GOD!!!!!!!!!!!!!!!!!!!!!!!!!!!!!!!!!!!!!!!!!!!!!!!!!!!!!!!!!!!!!!


and the fact that I'm getting suspended for your servers is some bs",False,0,89953
Turn the tick rate down holy fast.,True,0,526
fun,True,0,2793
nice sometime yes,True,0,18286
♥♥♥♥ game play rivals,False,0,260
if u look like emre contact me immediately,True,0,682
One of if not the WORST 5v5 fps out there. Devs are a bunch of trany ♥♥♥♥ that should have cinderblocks tied to their feet and thrown out into the ocean.,False,1,602
peak,True,0,3793
Im having fun with this game,True,0,1068
lot of fun,True,0,127
i love this game i play with my bf he so cute,True,0,3963
jetpack cat makes my inner Cuno hurt,True,0,5417
i want to like the game but the devs and lack of brain cells in most matches has me uninstalling everytime i think the games changed,False,0,130213
"i played all through 2016-2021 of the original overwatch and when it shut down i never bothered to try ow2, seeing as how it was review bombed and the screenshots looked like the game changed a lot, but i recently started playing again and the game is pretty much the same, some features changed, many maps i loved were removed, the skins i so hardly struggled to earn stopped being limiteds and the new skins that i want are paywalled, but well, the game is still fine either way. i won't say it's a perfect game but it's ok. i guess some people just love to be a b1tch",True,18,1267
When I Played This Game My Bum Got Touched Innapropriatly Then My Nan Fell Down The Stairs So Overall 10/10 Game would Recrommend,True,0,21461
Sh*t game,False,0,13
bad game,False,0,7951
Got way better after Marvel Rivals got released.,True,0,64412
This game is fun,True,0,36529
ball,True,1,8725
wanna hate your life but enjoy every bit of it . overwatchg,True,0,3781
Nice,True,1,4144
♥♥♥♥♥♥♥ server.,False,1,9873
fun,True,0,4187
I cant play :P,True,0,747
games fun now,True,0,2916
Widowmaker rule 34,True,1,277
why do i still play this,False,0,10922
this game is alright but the distribution of skins is genuinely so terrible like especially with the mythic skins theyve given second mythic skins to characters when at least half the roster doesnt even have their first,False,0,6075
nice,True,0,10898
"No Bro, No.",False,1,2390
ass,False,1,4972
"8/10 
Every patch will come w its own problems which might or might not be fixed ever but super fun regardless,  probably not worth jumping into comp but qp is more srs anyway",True,0,44800
"I deeply regret paying for the original game years ago because the developers completely ruined what I actually bought. Even though they finally dropped the 2 from the title and tried to pretend it's the classic Overwatch, the damage is already done. They took a paid, premium game and forced it into a greedy, free-to-play model that stripped away the fun progression and replaced it with endless microtransactions.",False,260,341
every time i boot up this game bad stuff happens in my life. i think its a sign,False,4,455
300h on console reviw to many hackers and long queue time reviw for pc hackers in quick play and long queue time on tank (hth),True,0,254
so frustrating when you are with randos who don't know how to play. a painful game. would recommend,True,0,11150
nice,True,0,4137
overwat,True,0,28152
THE GOAT,True,1,18371
"Its cancer but its my cancer, also lower system requirements are a plus in my book(rivals could never)",True,1,25455
nobody likes this game,False,1,3092
"Although the players/community are sometimes toxic, i really enjoy the game and it is one of my favs.",True,1,2241
เกมกาก,True,0,16283
good game to give you your 13th reason to off yourself,True,0,38838
can't play cuz i dont have postpaid phone number ♥♥♥♥♥♥ game,False,0,80
this game is actually horrible play this if you wanna kill yourself a year later,False,3,21432
money driven...,False,1,104559
I really good game for timepass,True,0,190
"Overwatch 2 is a colossal letdown, devoid of any shred of innovation, serving up the samemind numbing repetitive gameplay, all while Blizzard shoves their ♥♥♥♥♥♥♥ greed down our throats. Fans were  praying for a revolution, but instead, we got this steaming pile of ♥♥♥♥ that feels like it was spat out just to milk us dry. Blizzard's ♥♥♥♥♥♥♥♥ handling of controversies and their utter disregard for the ♥♥♥♥♥♥♥ player base feels like they're too busy counting their cash to give a flying ♥♥♥♥ about making a decent game anymore. The lack of passion and genuine care for the community is more evident than ever, leaving us feeling utterly  betrayed by a company that once stood for something worth caring about.",False,25,12204
Very good game. No gore as such but still fun. Heavily recommended for all players.,True,1,1896
winston,True,1,13513
"Really fun, but you need to learn how to ignore the toxic players on here.",True,1,6846
Redemption arc,True,0,44054
valorant better,False,1,2196
♥♥♥♥,False,1,741
"Overwatch 2 remains one of the most fluid and satisfying hero shooters on the market. The shift to 5v5 makes the gameplay much faster, individual plays feel high-impact, and the mechanical gunplay is incredibly polished. The cast of characters is diverse and fun to master. While the aggressive monetization and battle pass system can feel frustrating compared to the original game, the core gameplay loop is still brilliant, highly competitive, and well worth playing.",True,0,639
"Still same ♥♥♥♥, even after more than two years.

+servers crush constantly",False,0,3991
x,True,0,409
9/10 reasons i'm mentally unwell,False,0,33612
replace comp with 12 hogs 1 hole and we will reconsider,False,0,115
its fun and very immersive,True,0,8399
The game is Fast-Paced and Very good,True,0,230
shiiii pixelmon better,True,1,2446
trash don't do it,False,0,11142
Challenging but fun.,True,0,5965
this game is a hate love relationship,False,0,17291
goated,True,0,24611
this game makes me wanna put a q tip in my ♥♥♥♥♥♥♥♥♥,True,0,2189
game was so fun i go bald,True,0,5379
no,False,0,437
The cat ruined this game.,False,2,36161
This game is ♥♥♥♥♥♥♥ hell,False,0,16792
rape,False,0,51
"matchmaking probably has to be the worst i have ever seen in my entire life, i really think cod's sbmm is better than whatever atrocious pile of ♥♥♥♥ overwatch devs have come up with",False,0,3310
watching,True,0,253
Guan Yu will save us all (also monke and cat),True,1,13076
i like to hate myself....sometimes,True,0,26886
WAU,True,0,11416
Make the omnics kiss,True,0,21318
yay,True,0,9385
game good,True,0,1878
its good,True,0,9419
I've played this game for a few years now and in the last couple its become trash.  The servers and matchmaking have become such that one team is always favoured over another and so it is just one stomp one way for a few matches and then a stomp the other. EOMM they call it.  Soft Hacks seem rife and they dont do anything about it.  stay away - its too late for me - save yourself!,False,0,40169
"Its alright, alot of throwers tho in comp",True,0,9528
suffering and pain awaits if you try to take this game seriously,False,0,3182
weally good wowie but these players dont shower stiunky,True,0,1849
I ♥♥♥♥♥♥♥ hate that cat,True,0,823
very fun especially with friends!,True,0,1400
only game that has torbjorn,True,1,2452
played it a bit... not recommended,False,3,23502
"Very good game, find myself coming back all the time.",True,0,1829
goated,True,0,1108
suffer.,False,1,7055
FPS LOL. Fun tho,True,0,11527
if u go on a lose streak u will be put in lose streak lobby jail so basically u keep getting put with otheres who are on a lose streaks for days on end untill u grind so hard that u carry the team back to back to back. its annoying id liked to have a team that does high damage but it is 90 percent of the time the other team completly dominating mine,False,1,24934
maybe w idk yet,True,0,216
"The match making sucks. It's either we roll or we get rolled. And the game is flooded with smurf alt accounts. It's not fun at low ranks at all in competitive. Not to mention the match making, we will barely manage a victory then I get ""expected"". And as if that wasn't insulting enough, my entre team will leave the match and I will still get my elo rolled back afterwards. The same issues exist in quick play, too, with the match making being horrible.

My favorite is when we go against a worlds better team holding us in spawn and I ger ""reversal"" like, tf??? Fix your match making.",False,0,15080
i like the gay lifeweaber,True,1,25667
don't download this ♥♥♥♥ if ur ass :3,True,0,5276
"١٠/٠
تقدر ترجع لي من العمر ساعات؟…",False,0,139156
great game for everyone,True,0,320
ogre snot is liquid ♥♥♥♥♥♥♥♥,False,0,14349
this game makes me wanna do horrible things. 10 outta 10,True,0,12116
"You know how to know if a game is still trash, when to focus on gay pride and trans ♥♥♥♥♥♥♥♥ over making a playable game. ♥♥♥♥ blizzard",False,1,1399
good,True,0,2967
very fun game especially with friends,True,0,2270
"3.5k hours, game gets worse every patch. dumbass devs dont know wtf they are EVER doing. basically a rivals copy cat where if everything is broken nothing is broken since no meta is ever actually fixed. lets not employ plat players as the balancing team challenge?? lets also not give every new character the combination of 3 old characters challenge???? somehow the end of overwatch 1 was better than any state of ow2",False,0,14756
ass game,False,0,11195
"People say this game is dead, sucks and a bunch of other stuff. In some ways they are right, Blizzard has made a ton of ♥♥♥♥♥♥ decisions, but in my eyes at least they are trying to redeem themselves now. After the 2026 S1 update, I feel a lot of things have improved, and you should really try hopping into the game. At least try it, and don't judge only on what others say. Yes, the game has balancing issues, microtransactions, poor matchmaking at times, but so does every game.",True,0,26207
"o jogo me desconecta da partida do nada e foda-se, jogo bugado do krlh, n da pra jogar",False,0,243
the mythic skins are bad,False,1,33
Marvel rivals knockoff,False,0,570
pew pew,True,0,11543
That cat is a damn war criminal,True,0,309
This game is very fun and you will have an overall good experience playing it! 100% would recommend,True,0,1540
"supa good, supa cool! mkaes me really angry in a very good way!!",True,0,62678
This game is legit feces lmao,False,0,2284
Thank you for giving me a time out for 15 mins! Ill choose to use my time on a different game. Me and my friend who were playing together got kicked out of the match twice. (One for comp and the other for quick play) We made it to the map selection and the count down couldn't even start.,False,0,25023
100% a game by and for g00ners,False,0,735
"bad game, don't play it.",False,0,17463
This game ♥♥♥♥♥ me so hard but I love it,True,1,51238
Everything,True,0,2408
"Honestly some of these are mad cause bad. Maybe I haven't played long enough to get frustrated, but it's one of the more fun competitive games. You can get steamrolled but for me it's fun to get humbled with your friends. Even alone it's moreso ""alright"" than ""UGHHHHHH"". The skin pricing is atrocious though. You can get some good ones but mythics are unimaginably greedy. The only thing I could think of is generally you can get 1 per battlepass so buying mythics outright are like buying battle pass tiers hence the high price but $50 for a skin is still disgusting. I think since I never played Overwatch 1 I don't have the personal experience of the game going the way of TF2/CSGO, so hopping in it's basically more of the same. But, the game is fun. More bread and circus please!",True,0,6415
dva 🤤,True,0,1636
I like,True,0,4499
game sucks,False,1,12409
better than tarkov arena,True,0,5394
overwatch 1 was better :0 but this is a good stand-in,True,0,28182
It used to be fun back in 2016-2020 but the switch to OW2 and then BACK to just OW killed this game. I play Marvel Rivals now- and it is so much more fun. A breath of fresh air! I was also top 500 in OW- I put a lot of time into this game over many consoles + PC... bought the game on all platforms before it became free to play as well. I wish OW wasn't so bad now. Blizzard makes false promises to their playerbase and never follows through- especially when it comes to PvE modes.,False,0,4746
my blizzard spilled,False,0,10499
"ah yes overwatch where do i even start
platinum feeling like top 500 every game with every no skill one trick dooms and freija riders. 
every loss from pure bs in this game is the closest i can say ive been assaulted in terms i cannot describe. 
nonetheless, great game, will continue to play it",True,0,29437
no,True,0,874
"Awesome game and dare I say better than rivals, very different same games.",True,0,8163
nice,True,0,481
i like shooting squishies,True,0,4760
bad,False,0,1348
i had a will to live before i played this,False,0,357
makes me want to cry and punch walls 10/10,True,0,6933
its so much fun with,True,1,10325
they chargin' 20 dollars right now a skin that used to be free lol,False,0,22435
Fun game except for the fact that I'll be chilling as a big gorilla boi and a random dude in his forties who doesn't know what A shower is will cook me in five seconds.,False,0,193
ok,True,0,1957
very bad bad bad bad,False,0,22837
Fix your servers,False,0,22192
gg no heals,True,0,1982
Too many heroes,False,0,51
"dk what crack the blizzard were smoking when they added mauga, now i know they were smoking straight grabba after adding jetpack cat",False,0,15133
"Player of 10 years:

Even though the game has had its ups and downs over the last few years and Blizzard has betrayed the communities trust on many occasions this game still manages to come back into my rotation a lot and is currently in a great state, my opinion is that if they keep it up like they have this year with 10 new heroes each year(I don't expect them to) it's gameplay cycle will keep me coming back, i am thoroughly enjoying it currently playing both 5v5 and 6v6 but 6v6  would probably be a better experience with role queue even though queue times would increase in length, personally i would make that trade.

current state 7/10",True,1,45196
junkrat my goat,True,0,436
Playing this game usually makes me want to kill myself,True,0,19381
overwatch made me find jesus. not even league of legends could do that to me,False,0,9137
THIS ♥♥♥♥ ♥♥♥♥♥ BRO,True,0,691
I just love this game,True,0,16639
i do genuinely love this game i love the friends i have made on it and the communities I've built because of it. people are always toxic and no one will ever be 100% happy but as far as my little corner of the world im happy and i love this game.,True,0,39770
Sooooo fun,True,0,29338
Mid,True,0,15364
mahybe,True,0,298
"THIS GAME MAKES ME WANT TO RIP MY SKIN OFF! but yes, i recomm.end",True,1,15217
jetpack cat :3,True,0,530
tuff,True,0,7326
good game,True,0,4543
ORISA NEEDS TO BE ERADICATED,True,0,23493
.,True,0,5905
better than rivals,True,0,4645
You don't want none of this. Stay away. Nothing good happens.,False,0,3085
daora,True,0,1427
"The gameplay is actually in quite a decent place right now, coming back to it after 10 years has been surprisingly refreshing and fun. Role queue feels like it's successfully keeping the game actually playable with randoms by forcing your team to bother with tanks and healers. Rivals players could never. 

That said, the monetization is terrible. This game charges far more money for lower quality skins than competitors like marvel rivals while also being a first person game where you don't really get to see your skins! Keeping loot boxes while also having a battle pass and a store is wild, and every skin in the store costs anywhere from $20 to $50 or even more. In a game where you don't even get to see them while you play!",True,0,1749
nerf everyone,True,0,589
Fun and hot porn game I've spent a lot of money on the porn.,True,0,191858
Its alright,True,1,11167
"♥♥♥♥ sierra
♥♥♥♥ jetpack cat
♥♥♥♥ orisa
♥♥♥♥ freja
Everyone else is aight",True,0,13417
Im addicted.,True,0,60027
i like it,True,0,29714
"Great, if you want to get bald playing solo/duo rank, have fun :D",True,0,17617
this game has crazy videos online,True,0,8582
Domina is cool,True,0,11547
Everyone who plays this Game must hate themselves.,False,2,80175
"Kiriko players, stop buying her skins.

Don't spend money on Kiriko until Blizzard brings her back to how she was before, including the 5m TP range.

If they won't listen to us, stop giving them money.

Boycott Kiriko skins!",False,0,305881
Community is some cheeks but the game is fun with your friends,True,0,3333
im gonna kms,False,1,732
Super fun competitive gameplay with different classes to match your playstyle. Ranked is for some reason a lot easier than quick play.,True,0,9606
"it's addictive, run away while you can",True,0,7591
Marvel rivals is better,False,0,326
fire,True,0,1658
Hi,True,1,906
this game is made for those who hate themselves,False,0,19530
its tuff,True,1,3694
it could be worse,True,1,13600
Game's all about countering genji mains,True,0,44598
you get the hang of the game after a couple games but overall its a really good game highly recommend,True,0,641
"Pretty rage inducing game honestly. You play tank, your healers and dps decide they would enjoy a visit to Timbuktu in the middle of contesting point. You play dps and your tank decides they suddenly don't understand how taking damage works. You play healer and your team suddenly wants to play hide and seek. All while you're fighting Thanos and his goon squad. Overall, the game isn't bad, but sbmm needs fixed.",True,0,12781
Just no.,False,0,17863
"why the ♥♥♥♥ this piece of 3d art is 75 gigabytes in this ssd economy???
is it cuz of all the skins kiriko and juno have?",True,0,4787
"Really good game, optimised well for trashy pcs (like mine, but still playable) would recommend, probably my favourite fps out there (maybe because its the only one optimised well enough for my pc). Love the developers of this game story line is interesting, game is always fun, Is skill based, and actually takes time to get good at instead of being p2w",True,0,15447
ive played since ov1 and i can confirm this ♥♥♥♥ is worse then cancer,False,0,16069
"sh1t game, would recommend",True,0,61205
Playing this game felt like I was having my foreskin brutally ripped off with tongs by a group of smegulites with no mercy.,False,0,50776
"sombra killed me 
0/10 experience 
good game",True,0,74038
"Its a good game, great for esports. But at the end of the day this game take hundreds of hours away from your life.",True,0,6140
this game's comp is designed to make you tilted so you hate queue over and over again so you would waste as much time as you tilt for. this is incredibly scummy,False,0,4624
love the game,True,0,6552
"if you like toxic woman and have attachment issues and cant figure out if you want to stay with them or leave them this game is for you, its like hate ♥♥♥♥♥♥♥  a bad ♥♥♥♥♥ then her calling later and you cant help but  go back, it hurts everytime you touch it but for some godamn reason you cant stop, if you cant take accountabilty this game it just right, if your gay stay tf away from me your kind literally ruins this game",False,0,25623
its fun,True,0,24591
GOAT,True,0,482
overwatch cured my poop,True,3,25048
"this game, has made me cry more then my father leaving for milk!!!!! you should try it",True,0,2614
I lik te gam,True,0,2834
I would reccomend overwatch 2 everybode.,True,0,434
Moved the free currency far back in the battlepass so im either forced to pay 10 dollars or wait have the season to get 100 more coins to buy the battlepass,False,0,33667
fun game,True,0,25368
peak,True,0,32654
great game very chaotic until you learn the play.,True,0,11964
Pretty fun game,True,0,206
Remove Moira. Remove Sombre. Remove Sierra. Remove Jetpack Cat.,False,0,2134
"great game, will have you screaming at a cat that wont leave shii alone.",True,0,7557
permaban mei the devil's spawn,True,0,11631
"So long as you have friends yeah, if not? Get ready to have your bottom fisted in more ways than one.",True,0,2353
10/10 would not recommend,True,0,1048
"I remember when I was a boy.

I dressed as the popular video game character Scout from Team Fortress 2. To go to a convention called Eurogamer. Somewhere in the lands of England. I sipped on my overpriced Bonk! energy drink that was definitely a 30p corner shop energy drink painted over to look like the Bonk! drink in Team Fortress 2. The one that makes you temporarily invincible before giving you a moderate debuff.

So, buzzing my tits off on these cans of energy drinks, far too much for a child of my age, by the way. I got to play Overwatch for the first time after the pro players left. Or whatever they were, right. And I picked up the game and actually thought it was really cool.

And I got home on my Xbox One that was covered in dust, and I played it with my friends speaking through a Kinect microphone. Getting super angry at me because my microphone would echo into these judgemental, troubled children's headsets far and wide. Pretty sure it led to me being groomed and molested, actually.

Anyhoo, Overwatch was pretty peak for a long time. Then the gay ass double shield meta happened. Then that Mcree guy in real life couldn't get control of his frisky feelers, and he ended up just making Epstein look like a saint.

Then obviously the toxic ass community, followed by the wet wipe streamers and devs, just slowly began chipping away at the game's soul before completely killing it with Overwatch 2. A promise of stuff like, you know, the goofy story mode or whatever it was.

And the support mains pinky promised they'd stop being sensitive vagina's and the DPS would shut the ♥♥♥♥ up and get a job. You know what I'm saying.

The game just got more and more toxic, and the player base is a bunch of insufferable Reddit-dwelling goyim. 5v5 sucks ass btw. If you disagree, you're just wrong. Tanks on steroids are just mega cringe, let's be real.

Then, for some reason, they decided to just, like, remove random ♥♥♥♥ for a while, like point contest time, the stupid fire thing, and for some reason we can see everyone's stats, which is just a dumb idea.

Then they decided to just straight rename the game back to Overwatch, right, even though nothing changed. Nothing ever changes.

And then now they're blatantly copying characters from their main competitor, Marvel Rivals, which is also just kind of pathetic, let's be real. Marvel Rivals is Chinese spyware anyway. The game looks like a mobile advert where everyone has big tits and ass.

Speaking of which, the only good thing about Overwatch actually is the porn. 

Sometimes I'll hop on this game and play Junkrat or Winston for a bit, you know, cos I have nostalgia from when I was a kid and actually had friends, etc but even though sometimes, for a brief moment, I forget. It's not long before I see a message or a voice chat that warrants some form of slur, threat or rage-baiting comment from me in general.

Anyway, they brought back 6v6 sort of, but honestly, instead of making the game 5v5. Just make it so not every ♥♥♥♥♥♥♥ character has a shield, pal. I'm no game designer or balancer, but come on. You can change Sigma or Reinhardt to make them less boring with the shield fella without having to force 5v5 as the main mode on a template that was built blatantly for 6v6. 

Look, it's just not what it was back in the day. And yeah, you can say that I just have nostalgia. And I'm longing for a world far gone, and you'd be correct. But Blizzard seriously needs to stop with these goofy-ass new characters who are ethnically ambiguous/east asian and super hot and cool.

Like, yeah, we get it; we need to keep feeding the porn animators who probably work way harder than this company does, by the way, lmfao.

Honestly, go ♥♥♥♥ yourself.

- Mr Walker",False,0,2240
im gay,True,0,1591
"""We want a Ramattra mythic!"" okay, your getting widows 3rd mythic! arent you guys happy? no... no we arent who in the world asked for this",False,0,6660
"It's very fun to play, especially with friends, and also a good game to improve yours skills. I really appreciate the variety of gameplay styles and character designs",True,0,9064
its way too visually cluttered,False,0,456
game will ruin ur life,True,0,38709
great game in my opinion,True,0,994
"Overwatch is well and truly a 50/50 game. There are many things that make the game worth coming back to, but just as many things that make you want to kill yourself. 

+ The game is very well optimised in comparison to other esports titlet (MR comes to mind). With a modest, maybe even an outdated, dedicated gpu and somewhat modern cpu you can get well over 60 fps even in chaotic teamfights.
+ Many maps that have different nuances and allow for a wide variety of team compositions, there are no decided metas for every role (except for kiri)
+ Learning the characters details, strenghts and weaknesses allow for plays that feel just as rewarding every time you do them. 
+ The developers seem to somewhat care about the game. Their heart is in the right place but their minds are on Neptune

- Matchmaking is horrendous. The ranked system is probably, tied with some outstanding character balancing issues, the biggest problem this game has at the moment. This season is probably the worst season yet matchmaking wise. I went from Diamond 1 to Diamond 5 in about two weeks time. 
- Some characters are in desperate need of reworks/balancing. Kiri, Mauga and Hazard are some that come to mind. Kiri has been meta since she came out four years ago. 
- The amount of the attention that some characters receive cosmetics-wise is honestly disturbing. Kiriko, Mercy and Juno have received about one billion skins each while Wrecking Balls most recent legendary skin was 800 days ago.
- The community is a mixed bag. Either kind normal people (one in a krillion), femboy support players or absolute cretinous homonculi that mimic human sounds and actions. No inbetween.

All in all it is a good game that has some really engaging gameplay.",True,0,25841
"genuinely one of the worst games ever concieved. what started out as a good idea eventually snowballed into a huge mess. the gameplay looks like putrid vomit, and you can't even tell whats going on during the most intense of team battles. the game is ♥♥♥♥♥♥♥ HUGE and the optimization for it is even worse. even its contemporaries like apex and rivals run better on my PC that was built roughly 2 years after overwatch released. you can tell that they've just been desperately stacking content updates upon content updates because its the only thing that caters to its dwindling player base. all that just to add dozens of more heroes who get neglected in balancing, skins, and even lore. its the most desperate game of all time, the shop is only evidence of that. 60 dollar skin packs? are you ♥♥♥♥♥♥♥ tone deaf? ♥♥♥♥ this game, JQ rules",False,0,10615
"Nothing but a cash grab in modern day, I miss overwatch when you could buy loot crates.
I'd drop like 100$ on a season and get all the skins from it.
Nowadays look at the bundles, 20$ for 1 gold, two emotes and two sprays.
And like I'd respect it if the skin had anything custom about it like unique sound effects or custom particles but no, it's Werewolf Winston from like 7 years ago for 20$.
Loot crates weren't perfect but you could earn them, as far as I'm aware once you get every hero tot he max level you can't get more Ow coins or wtv they call them.
Not to mention you're at most going to play like 5 heros so you're going to run out of coins pretty fast unless you're forced to play a hero that you despise. ~~Briggette~~ 
I mained Lucio, Ana and Zen.
I tried the game again after about 7 years of not playing, last time I played was around when I eat men was added, aka Brig.
The fact they still think that hero is in a acceptable space is crazy to me, no skill stuns out the ass, I understand their should be heros for everyone of all skill levels but if I a Zen player get stunned by a fellow Healer that is hehe I'm a frontline and have a shield and a dash and a long range knockback tool look at me. :3
Also the fact that they added a better version of RHeart is such a joke, balance your classic heros and stop adding slop heros that no one cares about, like oh my god who on your team thought it was a good idea to have a dps that has a aoe ult that just melts every single hero in the whole game with little to no counterplay, meaning the girl with the bike.
Also those poor Mercy mains she offers nothing to the game low heals horrid ult, the only thing that can save her is if they give her back her season 1 ult and make her current ult on a 30 second cooldown so she can offer anything to the team.
Also, the Gargoyal skin for Winston is so close to being good, make his gun shoot red lasers and give his bubble like a grey or red tint, insead of it just being another carbon copy skin that does nothing.

The only skin I know of that isn't like give us 60$ for this weapon!!!, that does something unique is Jazzy for Lucio it changes his music.
What if every Lucio skin changed his music?
Like he's a DJ but he only knows two songs 4 if you have Jazzy, like what if any of his other skins played remixes of his base two songs.
THis game has so much going for it but it's held back by a team that doesn't know how to balance heros or make skins worth getting.",False,1,2309
İT İS SO GOOD,True,0,10216
"I quit when OW2 came out and didn't play until recently. But now that I've come back to check it out again I have to say I think Overwatch is in the best state so far, at least for pvp. Still disappointed they went back on their pve promises but whatever.",True,0,12042
"It's worth trying. I've had a lot of fun, and the learning curve is accessible. I'll never like microtransactions, but I'll give the credit for this game that it's not pay to win. Staying F2P doesn't miss out on anything besides some cosmetics and a PvE mode that I can't really care that much about.",True,0,1293
decent,True,0,3615
shoulda tapped in earlier,True,0,4431
"Takes up too much disk space, mid season patches take forever when it's literally only skin drops mid season. On the topic of skin drops, 80 dollar bundles for the same 4 characters every season is ridiculous, and locking content behind these walls (I.E, banners, voicelines, Icons, intros) where they are only accessible if you buy the full bundle OR the full bundle for the character they belong to is extremely greedy and only shows how much care goes into the game versus the goal of making money. The matchmaking is abysmal and makes the game extremely unfair to climb in competitively. How are you going to put me against the same team that stomped me 4 times in a row, and pair me with newborns each time that do not know how to play their respective roles and/or characters? I enjoy the game, but I wish it was owned by a better company that wasn't as money-driven, and had the player in mind.",False,0,37550
"😡😡😡
[list]
[*][b]HANDS OFF SOMBRA[/b]
[*][b]STOP MAKING SH1TSLOP MYTHICS[/b]
[*][b]STOP MAKING MYTHICS FOR CHARACTERS WHO ALREADY HAVE ONE. GIVE THEM TO OTHER CHARACTERS[/b]
[*][b]FIX YOUR TRASHY MATCHMAKING SYSTEM[/b]
[*][b]BEGIN TESTING YOUR UPDATES FOR OBVIOUS BUGS THAT ONLY A BLIND PERSON WOULD NOT NOTICE[/b]
[/list]",False,1,31523
It gets better when you are out of plat promise,True,0,21253
i love this game but they have to fix their issues with kicking you out of the game of a big lag spike and be be available to rejoin.,True,0,2734
overwrtatfc,True,0,1231
Very nice :(,True,0,3242
high skill ceiling makes it fun and distinguished player skill,True,0,73223
Wow dis game is so cool!,True,0,36063
Fun,True,0,21455
Angry people simulator,True,0,42909
dont play,False,0,14796
TF2 is better,False,0,422
w,True,0,751
this ♥♥♥♥ ♥♥♥♥♥♥♥ sucks how did they mess up the ranked system so much god awful devs too favoritism to the absolute max with skins as well. I miss Jeff...,False,0,18822
Filled with hackers and skins that cost more than gta 6,False,0,1223
rage fun jew,True,0,1777
"I love playing this with my friends, but the disk space is crazy. Still a good game but the disk space; even with the mid-season patches is really tedious",False,1,6658
this game is like crack cocaine to me,True,1,36590
"♥♥♥♥♥♥♥,wanted to try and play the game but it requires a post paid phone number,i cant even play the game if i am using a prepaid number,and i am not spending money to try and play a game",False,1,10
sesh,True,0,9037
no . just no,False,0,533
very fun,True,0,2225
yah,True,0,1472
addicting,True,0,69068
should lowk sue this game for addiction and how miserable it makes me,True,0,37509
"⠀⠀⠀⠀⠀⠀⠀⠀⠀⠀⠀⠀⠀⠀⢠⠒⢦⡀⠀⠀⠀⠀⠀⠀
⠀⠀⠀⠀⠀⠀⠀⠀⠀⠀⠀⠀⠀⢀⠆⠀⣿⡇⠀⠀⠀⠀⠀⠀
⠀⠀⠀⠀⠀⠀⠀⠀⠀⠀⠀⠀⢀⠞⢉⣽⡿⠀⠀⠀⠀⠀⠀⠀
⠀⠀⠀⠀⠀⠀⠀⠀⠀⠀⠀⡠⠋⢐⣾⣷⠁⠀⠀⠀⠀⠀⠀⠀
⠀⠀⠀⠀⠀⠀⠀⠀⠀⠀⣰⠡⠤⣮⣿⣵⠆⠠⠤⣀⣀⡀⠀⠀
⠀⠀⠀⠀⠀⠀⠀⠀⠀⡰⠏⠀⠐⢾⣽⣛⠟⠚⠛⠓⠒⠈⠱⡄
⠀⣀⣀⣤⣀⣤⣄⠠⡜⠃⠀⢀⣀⣼⣿⣿⠿⢦⣶⣶⣦⣿⣿⡟
⣾⣿⣿⠻⢿⣿⡇⠀⢫⣣⡱⣾⡿⣿⣿⣿⣆⣄⢀⢉⡉⣩⣿⠀
⢻⢻⡿⡎⠀⠀⢇⣀⣬⣷⠉⠙⠉⠙⣻⣿⠙⠓⠛⠿⣿⣿⠟⠀
⢸⣄⠈⢧⠀⠀⠸⡀⢀⣿⣤⣀⠀⠀⣺⡟⠿⣶⢦⣦⣤⡿⠀⠀
⠀⢻⣷⣼⡄⠀⠀⢱⣿⡿⠿⠾⠷⣶⣿⣷⣦⣌⢉⣻⠏⠁⠀⠀
⠀⠀⢧⣿⣷⡤⠒⠓⠁⠀⠀⠀⠀⠀⠀⠀⠉⠉⠋⠁⠀⠀⠀⠀
⠀⠀⠈⣚⡻⠇⠀⠀⠀⠀⠀⠀⠀⠀⠀⠀⠀⠀⠀⠀⠀⠀⠀⠀",True,0,2479
im going with the bandwagon,False,0,4307
Pretty fun,True,0,1101
this game is a literal toxic relationship,False,0,28660
best game ever. if you hate yourself already this game wont help but it will make you enjoy life just enough to keep you from the edge. 100/10 mercy gameplay. Hazard is also hot af <3 i will find a way to get him pregnant (i am a woman).,True,0,28896
its like u wanna stop taking heroin and fentynal and crack because you hate it but like u cant,False,2,94107
"thanks for the third widow mythic, but like give one to sombra jesus christ what a bait n switch",True,0,74163
"It's a pretty fun game, but you need to be aware of 10 game loose streaks where you'll hate your life.",True,0,53979
litterally worst game of all time do not download its ♥♥♥♥ its garbage its trash your teammates are bots from tel aviv sent by yahu to derank you,False,1,646
its good,True,0,16209
onkey,False,0,36546
"Used to love OG Overwatch. Bought the edition on PS4 that gave me all the sicknasty skins and a poster for it. That was Overwatch.

This is a cash grab wearing Overwatch's corpse like some kind of ♥♥♥♥♥♥ up techno-skinwalker, only this skinwalker actively molests the corpse any chance it can get.

I think I would derive more pleasure from jamming a superheated, rusty rail spike into my cervix and locking it there with an iron chastity belt than playing this game.",False,2,110
genji genji genji genji,True,2,25337
Батлнет говно полное,False,0,10
"played it for the yams, but sadly its lacking more yams",False,0,778
I love that i can make my day even worse with this game,True,0,10004
kuay,True,0,358
amazing,True,0,2712
"Ngl, i dont care about how people play games, but oh my god. Game itself is great but my teammates are actually odd critters. They HAVE to be inbred animals cause there is no way theyre normal. The way they play is so abnormal its insane. I could give helen keller a controller and she would do better",False,3,11395
great but after awhile its only fun with friends,True,0,14588
no,False,0,1993
güzel oyun,True,0,11031
no,False,0,3881
Great israeli representation,False,3,1701
"I enjoy the game casually but major issue. Recently I've been having the issue where mid game I get the message of ""rendering device failed"" then the game just closes. I've lost multiple ranked games due to this. You can check my specs, I run the game on high settings with absolutely 0 issues otherwise. This needs to be fixed.",False,0,39544
"Playing heal support is genuinely the equivalent of going to auschwitz during the holocaust, while being tortured by the kkk",True,0,3756
เกมนี้ทำให้คนหรือควายเล่น,False,0,360
hi,True,0,6700
cute,True,0,1919
i feel like sigma,True,0,17427
i have a love hate relationship with this game but i genuinely enjoy it. that is because vie gotten pretty good at it and because it produced my favorite fictional character. (Lucio),True,0,23780
"PLEASE bring back the OW1 characters abilities and stats ASAP, this game is clearly not good enough and it's severely lacking everything that made OW1 so good while having everything that made OW2 terrible, and the reason why i quit playing in the first place.

I've been an OW veteran so I've witnessed the rise and fall of OW1. But there are so many problems with OW2/OW2025 that it is just a mess.

For starters, many of the OW1 characters that mattered back in the day don't matter anymore. Bastion's ultimate has been changed and the damage percentages are GOD AWFUL compared to OW1. Hanzo used to be playable back in the day, and now he's about as useless as Genji, who also got nerfed. Cassidy (formerly McCree) is thrown down to the mud, Reaper has less damage than before, and don't even get me started on Soldier:76 and D.Va. Mei, who arguably was one of the worst characters back in OW1, has been beefed up to the extreme. Now as for the OW2 characters, many of the characters like Venture for example are too overpowered, same with Ramattra, Juno, and Mauga. PLEASE remove Lifeweaver, that character can literally ruin your entire playstyle and flow.

The only way this game can be saved is either bring back the REAL OW1 characters with their OW1 stats, OW1 ultimates while keeping the OW2 characters, or, just bring back a permanent playlist where people can only play with the OW1 characters as if they were playing OW1 but in a better engine. I do know OW2 had this particular playlist back then but was NEVER brought back afterwards.

Oh, another thing I'd like to add is PLEASE TONE DOWN THE SKILL BASED MATCH MAKING. I'm tired of not being able to play competitive because my boyfriend plays it. It was initially at 15 wins, but now 50? It's extremely excessive. I get it, it's to combat bots and whatnot, but my boyfriend plays competitive, I'd like to join him as he only plays competitive, but I can't and I have to deal with SBMM kicking my butt in public matches.

I'm still going to keep playing the game (unfortunately), but please Blizzard, just listen to the community and bring back what people loved about OW1.",False,0,860
pretty cool game its like overwatch except now they want you to play with one less tank. And they added in map voting and then made you get a random map anyway!,True,0,204
please please please,True,0,4046
Seru tapi skinnya agak gak guna soalnya first person apa yang diliat coba,True,0,2332
goonbait,False,0,2465
"Gentlemen,

I regret to inform you that I enjoy the game (again). 1,500 on Battle.net, quit in 2020, and here I'm back.",True,0,241
Not good anymore,False,0,704
♥♥♥♥♥♥ players all are bots,False,0,12630
Just play Marvel Rivals,False,0,6033
verity like hey its me its verity,True,0,5776
I remember now how to being toxic with myself,True,0,416
I got a deadly disease from simply downloading the game,False,0,46985
dva,True,0,5561
"I hate this game so much, I love it.",False,0,334
good,True,0,2107
why me,False,0,7023
Bad Game :steamsad:,False,0,971
"Honestly, games fine I just rage a lot for no reason",True,0,4669
"""SERVER CLOSED DUE TO UNEXPECTED ERROR"" EVERY COMP MATCH WE START WINNING!!!!!!!!!!1!!!!!",False,0,5433
"Adictive, soul numbing painful experiences",False,0,77370
This is a super fun first-person shooter game. I play it with my family and friends and it is fun to kick peoples butts with communication when family or friends are on. its also cool when you have a rando on your team and you have no idea who theyre gonna pick!!! unless theyre a hanzo or a widow. theyre terrible cheap characters. >:(,True,0,773
this sucks badly,False,0,3276
theyre all terrorists,False,0,1258
ya its alr,True,0,60759
good,True,0,764
"I used to play Overwatch back when it first came out in 2016. Before then, I didn't really care for multiplayer games. Overwatch changed that and became the most fun I ever had with an online game. With each update however, Blizzard was chipping away the things that made the game so fun to begin with. All for a sweaty eSports scene that felt unneccessary and unsustainable even back then.

Then the Blitzchung incident happen, and that was the breaking point for me. Not only had the game become miserable for casuals, but now the company itself was horribly crooked and immoral. And that ended up being the least controversial thing that was discovered about Blizzard at the time.

10 years later, Blizzard itself had changed, and Overwatch had finally found the sauce agian. Bringing back 6v6, adding new features because they're fun and not because it would be 'competetivly viable like Stadium and Jetpack Cat, ACTUALLY WRITING A REAL STORY WITH ACTUAL PROGRESSION!

The newest season and the addition of another mech-pilot waifu was finally the breaking point for me to redownload this game. As long as you can link your old battlenet account to steam, ALL of your progress and possessions transfer over. I was honestly prepared to start from scratch but returning feels like coming back to your old hometown. Some things have changed, there's plenty of new faces, but it still feels like home.

My 2nd ever match I encountered a team that had Jetpack Cat tethering a Pharah allowing her to stay in the air indefinatly camping the payload. My immediate thought was- ""This is so stupid... This game is SO BACK!""

It took 10 years of growing pains, but Overwatch finally remembered what makes itself so fun and embraces it.",True,0,2171
no,False,1,364
