review,recommended,helpful_or_not,playtime_at_review
Abandonware. Steam should remove this from sale TBH.,False,0,448
Shovel of crap,False,0,94
Abandonware,False,1,1633
"Still dissapointed that this game was never given the chance to reach the planned potential.

As amazing as some of Double Fine's games are, this is an example of what happens when management has to pull the plug on a concept they don't feel they can bring to its realization.

This was Double Fine's attempt at a management sim.  Similar to the Two Point games combined Rimworld or Prison Architect, with space exploration, aliens, and building.  Unfortunately Double Fine felt they had to pull the plug while they weren't even close to completing the roadmap.

Very sad, but they lived to tell the tale, got purchased by MS made little games for a decade, then recently got spun out again to be indie once more.  It's better than falling apart.  I hope the next Double Fine game is a great one.  This one wasn't given the chance it deserved.

I hear Space Haven is a great game and will check it out instead.",False,3,96
"While this is the reason I will never support another Double Fine Productions game, it is a pretty fun game. I recommend acquiring it in a way they won't get your money, since they do not deserve it for purposely pushing it to a mostly rigged-to-lose, 1.0, final release just to leave early access and cut their losses. Extremely promising with a fun gameplay loop, but sadly the depth drops off about 30 minutes into the game. Regardless, I had fun beating the unbeatable ""ending"" to the game, where you're just nonstop mobbed by dozens of invaders that you've already faced dozens of times by that point.",False,5,129
Dead game,False,4,104
abandoned and forgotten by developers,False,6,324
"Spacebase DF-9 is a colony management simulation developed by Double Fine Productions and published by Double Fine Productions, later distributed on Steam under Xbox Game Studios. Set in a distant future where humanity has spread across the stars, the game casts players as the administrator of an isolated space station tasked with housing settlers, managing resources, and surviving the countless dangers of life in deep space. Its concept is immediately appealing: build a thriving orbital community from a handful of rooms and personnel, then watch as its inhabitants create stories of friendship, tragedy, and survival. Even years after its release, the title remains an intriguing example of a game built on an exceptional premise.

The gameplay centers on constructing and maintaining a space station piece by piece. Players begin with a modest outpost and gradually expand it into a bustling habitat complete with sleeping quarters, recreational areas, infirmaries, security offices, and industrial facilities. Oxygen management, power distribution, and resource collection are constant concerns, ensuring that every expansion carries risks alongside rewards. Nearby asteroids can be mined for valuable materials, while abandoned ships drifting through space provide opportunities for scavenging. These mechanics create a satisfying loop of exploration, construction, and maintenance that encourages players to think several steps ahead.

One of Spacebase DF-9's greatest strengths is its ability to generate memorable scenarios through its simulation systems. Colonists develop personalities and react to the environment around them, creating moments that feel surprisingly personal. A station may operate smoothly for hours before an unexpected meteor strike breaches a critical corridor, causing a chain reaction of panic and decompression. Hostile intruders, alien infestations, and equipment failures add further unpredictability, transforming ordinary management tasks into desperate attempts to save the colony. The game's dark humor shines throughout these moments, giving even catastrophic failures an oddly entertaining quality.

Visually, the game adopts a clean and colorful presentation that makes managing a growing station relatively easy. Individual characters are simple in design but expressive enough to convey their actions and emotions. Watching crews move between departments and interact with one another adds life to the station, while the ambient soundtrack reinforces the feeling of being stranded in an endless expanse of space. The user interface is straightforward, allowing players to focus on building and responding to emergencies without becoming overwhelmed by excessive complexity.

Unfortunately, Spacebase DF-9 is equally known for its unrealized potential. Originally released through Early Access, the game generated considerable excitement due to its ambitious roadmap and the reputation of its developer. However, many of the promised systems never reached completion, leaving the final release feeling smaller in scope than players expected. Certain mechanics lack depth, and progression eventually reveals limitations in artificial intelligence and station management. Rather than evolving into a definitive colony simulator, the game often feels like a snapshot of a much larger vision that never fully came together.

That lingering sense of incompleteness ultimately defines the experience. There is still enjoyment to be found in building a functioning settlement among the stars and witnessing the emergent stories that arise from its systems. Players who appreciate sandbox management games may discover several entertaining hours within its framework, particularly if they approach it with tempered expectations. Yet it is difficult to ignore how much more Spacebase DF-9 could have been had its development continued. It stands as both an entertaining simulation and a reminder that compelling ideas alone are not always enough to fulfill ambitious promises.

Rating: 3/10",False,5,716
"peanut would love some pets and treats :)
　　 　　🌸＞　　フ
　　 　　| 　_　 _ l
 　　 　／` ミ＿xノ
　 　 /　　　 　 |
　　 /　 ヽ　　 ﾉ
 　 │　　|　|　|
／￣|　　 |　|　|
| (￣ヽ＿_ヽ_)__)
＼二つ",True,9,1787
"If you’re here on a historical tour of this ♥♥♥♥♥♥♥♥ of mismanagement, I would highly recommend the game “Space Haven”, which is feature-complete, well-executed, and supported by developers who care more about their customers than their own ego. It’s what this game could’ve been.

I think my experience with this game was like many. Encouraged by some excellent Early Access titles at the time, when Spacebase DF-9 hit early access, I naively assumed that I was buying something that would be worked on for years. Double Fine had published an exciting development plan. However, just a few months later, development was abruptly stopped, and the still very minimal, bug-riddled game was released as 1.0, with future plans quietly and unceremoniously removed.

In the fallout, Double Fine made statements claiming that they broke no promises and they simply weren’t making enough money on the game - which, honestly, never reached a state where it was functional enough to be worth buying.

My Steam Early Access purchase, like everybody who bought the game, was seen by Double Fine as a donation.

Note, at the time of abandonment, if I remember correctly, Steam Refunds were not a thing. If players were able to claim steam refunds, I doubt they would’ve even said anything.

It’s really a shame, as this was a game that had a ton of potential, and instead, it was simply the game that made me forever mistrustful of early access. Even a decade down the line, after formally abandoning the game and releasing code to the community, who fixed the game for free, Double Fine still has the audacity to claim DF-9 as a complete project that they have no shame charging for.

Double Fine has recently become an independent studio again. I have serious doubts that they will survive, given Tim Schafer’s now mile-long streak of financial negligence. He and the studio paint their players not as customers, but as charitable supporters patronizing their passion projects until they get bored and move onto a new one. They truly just don’t care as long as they get to make “their next game”.",False,27,882
i randomly remembered i paid money for this ♥♥♥♥ and i got pissed of and had to look it up and leave a note,False,16,103
Never made. Terrible.,False,3,6093
tim schafer's fraud extravaganza,False,3,523
"Spacebase DF-9 is broken, unfinished, abandoned, and should be delisted. 

If you want a finished version of this game, check out `Space Haven`.",False,36,22
This was a rip-off and I'll never buy another thing made or published by Double Fine. I don't care that this ♥♥♥♥ happened years ago.,False,6,297
"I still come back and think about what a waste this turned out to be, there was a lot of potential to be had and I really enjoyed what I played, but then they just abandoned it and declared it ""Finished"" That's good will you cant get back.",False,4,581
"I can not recommend this game. 



 It's not finished. I actually like the game though.",False,2,936
Seemingly abandoned and forgotten by developers. As stated by many others it is an unfinished mess. It always had plenty of promise and potential but alas no more.,False,12,2939
"Man I really wanted to like this game. I thought I remembered it being less harsh (aka buggy). Even with the unofficial patch, too many problems. Idiots pass out in airlock, now no one can enter. entire base dies slowly because nothing can get done. raiders come in and your security is weak and die. Everyone else who isnt security fights and dies, no way to get them to LEAVE. 
I've been patiently waiting for the other similar games in EA to finish so I can play those instead. 
Don't ever give your money to this company Double Fine. They really screwed themselves in insuring NO ONE buys games from this guy/team ever again (watch out for new names with same owner).",False,2,222
Double Fine Productions - pls stick to what u know. Point n Click!,False,5,13
"⣿⣿⡻⠿⣳⠸⢿⡇⢇⣿⡧⢹⠿⣿⣿⣿⣿⣾⣿⡇⣿⣿⣿⣿⡿⡐⣯⠁ ⠄⠄
⠟⣛⣽⡳⠼⠄⠈⣷⡾⣥⣱⠃⠣⣿⣿⣿⣯⣭⠽⡇⣿⣿⣿⣿⣟⢢⠏⠄ ⠄
⢠⡿⠶⣮⣝⣿⠄⠄⠈⡥⢭⣥⠅⢌⣽⣿⣻⢶⣭⡿⠿⠜⢿⣿⣿⡿⠁⠄⠄
⠄⣼⣧⠤⢌⣭⡇⠄⠄⠄⠭⠭⠭⠯⠴⣚⣉⣛⡢⠭⠵⢶⣾⣦⡍⠁⠄⠄⠄⠄
⠄⣿⣷⣯⣭⡷⠄⠄⢀⣀⠩⠍⢉⣛⣛⠫⢏⣈⣭⣥⣶⣶⣦⣭⣛⠄⠄⠄⠄⠄
⢀⣿⣿⣿⡿⠃⢀⣴⣿⣿⣿⣎⢩⠌⣡⣶⣿⣿⣿⣿⣿⣿⣿⣿⣿⣿⣆⠄⠄⠄
⢸⡿⢟⣽⠎⣰⣿⣿⣿⣿⣿⣿⢀⣾⣿⣿⣿⣿⣿⣿⣿⣿⣿⣿⣿⣿⣿⣦⠄⠄
⣰⠯⣾⢅⣼⣿⣿⣿⣿⣿⣿⡇⣾⣿⣿⣿⣿⣿⣿⣿⣿⣿⣿⣿⣿⣿⣿⣿⡄⠄
⢰⣄⡉⣼⣿⣿⣿⣿⣿⣿⣿⢸⣿⣿⣿⣿⣿⣿⣿⣿⣿⣿⣿⣿⣿⣿⣿⣿⣧⠄
⢯⣌⢹⣿⣿⣿⣿⣿⣿⣿⣿⢸⣿⣿⣿⣿⣿⣿⣿⣿⣿⣿⣿⣿⣿⣿⣿⣿⣿⠄
⢸⣇⣽⣿⣿⣿⣿⣿⣿⣿⣿⠸⣿⣿⣿⣿⣿⣿⣿⣿⣿⣿⣿⣿⣿⣿⣿⣿⣿⠄
⢸⣟⣧⡻⣿⣿⣿⣿⣿⣿⣿⣧⡻⣿⣿⣿⣿⣿⣿⣿⣿⣿⣿⣿⣿⣿⣿⣿⣿⠄
⠈⢹⡧⣿⣸⠿⢿⣿⣿⣿⣿⡿⠗⣈⠻⣿⣿⣿⣿⣿⣿⣿⣿⣿⣿⣿⣿⣿⡇⠄
⠄⠘⢷⡳⣾⣷⣶⣶⣶⣶⣶⣾⣿⣿⢀⣶⣶⣶⣾⣿⣿⣿⣿⣿⣿⣿⣿⣿⠇⠄
⠄⠄⠈⣵⣿⣿⣿⣿⣿⣿⣿⣿⣿⣿⢸⣿⣿⣿⣿⣿⣿⣿⣿⣿⣿⣿⣿⣿⠄⠄
⠄⠄⠄⠸⣿⣿⣿⣿⣿⣿⣿⣿⣿⣿⠘⣿⣿⣿⣿⣿⣿⣿⣿⣿⣿⣿⣿⠇⠄⠄",True,9,91
"It sure was thoughtful of Double Fine to unearth a prototype of an abandoned MS-DOS game and make it easily accessible for the public! There's a skeleton of a decent idea here and seems to run okay but I'm glad Bullfrog made Theme Hospital instead!

...what do you mean this was made in 2014?
This is still being sold for 10 dollars in the year 2026?
[i]There's a public apology by the Double Fine CEO posted on the Steam discussion board?!
[b]Oh nooooooooooo....[/b][/i]",False,22,137
I'm surprised this game is even for sale still. Shouldn't be legal.,False,26,2368
Game has been abandoned.,False,17,294
"[b]Do not buy![/b]
This game is an unfinished, buggy mess. There was a long list of promises that remain unfulfilled. Double Fine took the money and ran, even admitting that they stopped development because it was costing them too much money.",False,39,3955
um just dont in fact dont buy anything from double fine anymore,False,4,732
There are a lot of bugs,False,5,131
♥♥♥♥ Double Fine,False,2,164
Beware: Abandoned with lots of bugs and little content.,False,5,293
"great fun, turn based space stuff",True,2,272
After about 30 minutes of base building this game is very bad,False,4,336
"its a game, seems like a half finished thought. as of writing its a $10 game, i could see getting 10 bucks worth of entertainment out of it. but there are likely better options out there that explore this genre",False,8,388
I Love this game!,True,1,8435
Abandonware full of bugs and very little content. Avoid.,False,17,811
"no it's not abandoned they're just giving it a couple decades, trust",False,15,232
"I don't understand how they're still allowed to sell this, tbh",False,14,169
"I'll say it now, Space Base DF-9 is actually quite a nice game. its a little buggy but it has quite the charm otherwise.",True,1,359
Its good loved it when way back,True,1,377
"It stands as the ghost of abandoned promises, floating forever in early access purgatory. Pure abandonware with bugs crawling all over it, a half baked tech demo left to rot. To say the least, double fine is definitely doubly not fine.",False,12,772
Bought the game early access way back when and was at first happy with my purchase. However the game was abandoned before reaching any kind of completed state. I am only leaving this review because I am surprised to see that it is still for sale.   Double Fine does not support this game in the least and left it up to the community to finish it. They should be ashamed of themselves to leave this on the store for customers to purchase without clearly labeling it as unfinished.,False,5,6822
"Not finished and abandoned by the developer.
I expected way better from Double Fine back in the day.

Steam should stop selling this game or put an abandoned, or some other warning on the store.",False,17,955
"A promising premise turned abandonware by Double Fine of all companies. 

Truly a testament to the quality of Tim Schafer as a leader, while people may celebrate the quirky studio's successes this game is a true indication of what they think of their customers. 

Where is my damn refund you thieves?",False,8,343
Abandoned before finished.,False,7,429
Abandonware.,False,3,1826
This game had so much potential. It was never finished. It's been almost 9 years since I bought this game and I'm still so disappointed that I'm taking the time to write this negative review.,False,36,1223
Abandoned in 2015 with a fraction of promised content added and plenty of bugs left behind.,False,15,169
"[h3]If you look up the definition of broken and mediocre games, this game should be front and center...[/h3]
Abandoned and gutted before its time. I got this in a bundle of Double Fine games and felt that I at least had to try it out to see if the overwhelmingly negative score was corrected, and yea, it totally deserves it.. Ironically enough, Tim Schafer has some absolute bangers in his hall of fame with Monkey Island, Psychonauts and Day of the Tentacle to name some of the most prolific, and then there are the likes of Hack N Slash and Spacebase DF-9. Sure, this is the work of Double Fine which one could argue is a whole different company from his earlier works, but still, one starts to wonder how it could go so completely sideways. 

This game is centered around building and building a spacebase (no surprise there) while gathering an oddball crew of workers to populate it and raid mysterious space hulks in the vicinity. This sounds great on paper, but the game is janky, broken and most importantly unfinished and if it were not for the great work of the community putting out patch after patch to polish it up to a decent standard this would be a complete waste of space in my library. 

[b]Conclusion:[/b]Avoid and do not bother, there are far better games out there for this price. The fact that this game is still available to buy for 10€ is a scam, in my humble opinion. Somewhere in its DNA is the glimmer of a great game that never manifested itself, and instead we get an infested scrapcode filled with the broken dreams of all those who were left behind..",False,37,277
"BIG DUCK YOU, DOUBLE FINE",False,0,71
"Iconic classic game, still awesome to come back to even in 2025. Wish they would make a sequel or expand on the game in some way. Most fun city builder game I've ever played.",True,4,2348
"Great concept... and then, while half-finished, it was released and forgotten about.  Disappointing release from the developers who made so many good games.",False,2,231
Abandonware,False,14,179
"Seems like a good product with a lot of content and good music. 
I haven't tried it yet, but a community guide says it's a good idea to download the community patch.

Feelings: 90s bullfrog (theme hospital), Star Trek.",True,4,97
"The game was abandoned midway through development and is a candidate for one of the poster children of what you bring up when someone asks for examples of why early access can be a bad thing. It was left as a buggy, unfinished mess a decade ago and somehow has never been pulled from the store.

Even on sale, there are far better games to spend your time and money on.",False,20,781
Unfinished Abandonware.,False,8,190
"Abandonware trash, don't ever support Double Fine ever again.",False,3,409
Double Fine? More like doubling abandoning an early access game.,False,8,1269
"This is the game that taught me never to buy a title in early access. What was delivered as a final product is missing many promised features, and is an unstable mess... I was willing to deal with the bugs when it was being worked on but for a final product this is unacceptable. I haven't bought any other games from Double fine, and will continue to skip any game they make/produce.",False,19,5640
"Bit late, but by all the stale dingleberries of Tim's Schaffer's chaffed butthole, don't buy this unfinished scam.",False,12,58
"Unfinished and abandoned. No reason to waste your money on this game at all.

This game had potential to be great but it was kneecapped from the beginning. Every stage from Alpha, Beta, and Full Release is nothing like what it was supposed to be. With barebones development it was just abandoned without announcement that they were giving up on adding all the things they said they were going to do as described. Most of the systems are there in the most minimal effort way.",False,0,307
"11 bloody years and still pissed off. Fortunately, I never bought any games from Double Fine Productions before this, and I never will.",False,20,974
"Another ABANDONWARE title.

The utterly shameless developer abandoned the game in a half finished state, claimed that it is the community's privilege to finish a product they expect you to pay for. 
This game, while fun, is buggy and incomplete and certainly not worth any money.",False,35,664
pretty confusing,False,0,11
"I made them all fight to the last one standing in space.

4/10",False,2,35
Great game but unfinished. I bought it because I thought there is no way Tim Schaffer is going to abandon it. I was wrong.  He should make the game code open source so fans can continue it since he's not going to do anything with it.,False,8,393
The Biggest Scam Double-fine ever sold.,False,18,796
"I have nothing new to contribute but the game probably could have been good if it was finished, so as of now, definitely a no-go.",False,10,108
I love everything about this game except that it wasn't finished. I'd recommend purchasing if it wasn't unfinished. Unfortunately we'll never see it fully finished.,False,13,324
"This game was abandoned in an alpha state in Early Access. It should not be available for sale at all never-mind discounted.
So much potential wasted. Go buy Space Haven instead.",False,37,308
"Just go play Startopia, this game simply isn't that good even with the unofficial patch.",False,10,273
"My play time is real, this is the best game I own when it works! Build a space station, manage your crew and rehabilitate raiders which make the best security guards. Its like Prison Architect meets rimworld and does stuff Space Haven wishes it could.... When it works, sometimes fires just start and people start fighting and die, and theres always alien bugs popping out of peoples chests so morale gets real low real fast and people start failing to thrive... My best playthrough I had a crack team of Raider security specialists, all the best professions, and all the resources I could ask for, but I still died because raiders got to my power generator and oxygen recyclers went down. Its the best game ever but it isn't finished and sometimes you get really commited to a colony build just to have a fire bug and eat all the oxygen forever untill everyone suffocates.",True,3,11199
"Really fun game, but it got abandoned so the problems it has won't be going away.
Can definitely get more than 10 hours out of it. Also I think someone mad a mod for the game to fix a lot of issues so look that up. (Spacebase DF9 Unofficial Final Patch 1.09)",True,11,692
"[u]Review[/u]

This is such a good game that was never finished by the devs. It really is a shame that this was never completed, as it really is a great game that is extremely addicting. One can dream that Double Fine picks this back up again some day. As of right now, this game is unpolished and unfinished, and thus, isn't worth your money.

[u]Rating[/u]

★★☆☆☆",False,12,1001
This straight up shouldn't be sold. Calling it an alpha demo would be generous.,False,11,309
"This is the last game I bought in an early access state. 
The ""game"" has been abandoned in alpha state and should be removed from the store.",False,23,453
Abandoned by the developers in early access,False,9,191
"This steaming pile of ♥♥♥♥♥♥♥ is on sale right now.
I would pay to have this removed from my library and memory.",False,8,393
It's a crime that this game is still being sold!,False,18,283
Ick.,False,3,960
Unfinished & Abandoned,False,7,559
"Rimworld literally has workshop mods that  made this game.  Ive seen free web games with more depth and complexity. 

Other reviews say it better, cruddy company and even worse game.",False,6,825
"Wow, this dumpster fire is still for sale for 10 bones. This is a buggy incomplete mess that needs to be finished or taken down.",False,2,1448
"I remember when I was a wee lad and bought this game. After spending my parents hard earned sheckles, I booted it up played for a few hours and was disappointed to find a turd sandwich. 10 years later this game is still a turd sandwich.",False,17,361
Third best game on steam,True,0,186
You know you can still finish this right? Morally bankrupt company.,False,13,370
I got Double Scammed.,False,14,618
"Was just going to check this out quickly. Still playing. fun. intuitive, not over complicated while allowing me to do things freely and logically. so far.",True,2,54
"Game is unfinished, buy space haven instead, it has way more to offer than this",False,22,260
100% cut and run scam of a game. Unfinished and never will be. Games like this should be auto pulled from Steam and refunded. This is why I wont buy another game from Double Fine ever again.,False,25,221
"I really enjoyed this game when it came out.  Yes, there were a lot of bugs, but the concept was nice.  To find out later that the developer abandoned this game and laid off the team that was working on it was a gut punch.  The stupidity of the decision makers for this was so surprising in one way, but on the other hand, not so much.  When this game was put into early release and added on Steam, you truly expect the developer to do their best to make sure that the product is up to snuff for a commercial release.  What Double Fine Productions did was rush out an unfinished product because they did not see the sales number in early release that they were expecting.  The condition that they put this game in for early release was not very good and there were a lot of bugs.  If this is just some prototype that they came up with in a brainstorm, what they called Amnesia Fortnight, then it should have stayed in Alpha and finished more before releasing it into early access on Steam.  What Double Fine should have done was refund everyone their money back because they did not release the product that they were promising.  After this debacle, management should have been let go.  Since the release of this game, I have never and will never by a game that this company has developed or published.  I also cannot believe that this game is still up for sale on Steam and that is has not been taken down yet.  Unfinished commercial releases should be against the Steam ToS, but everyone will keep trying to rake in some money, even from unfinished crap.",False,16,750
"Abandoned, but BUY SPACE HAVEN!",False,12,768
"it's definitely not finished, but that was sort of the point. it's a prototype of a game from Amnesia Fortnight 2012",True,0,670
Sigh,False,2,1456
"Abandoned game, buy Space Haven instead, game is still alive and getting updated.",False,13,341
"The idea is very good, but sadly the game is unfinished and becomes unplayable in a short period of time. Dont buy it",False,5,621
"Spacebase is surprisingly rough round the edges for a Double Fine game, and feels unfinished. I would be optimistic if this was an early access build, but it's been out for 10 years. A game in the Double Fine catalog obviously best left avoided.",False,5,24
I simply cannot believe this game is still for sale.,False,14,1139
The potted plant does what? What about the other things like beds. Do they give a bonus if assigned? Does it matter if they are in a large room with many beds or does everyone want a room of their own? What.. I have search outside of the game for information..... lame.,False,3,116
"I loved this game till i didn't.
would not recommend!",False,2,1056
‎,True,3,953
"Although I'm not recommending it, this is an interesting concept of a game. If you are very adept at base builders and love to micromanage, this would be a game for you.

HOWEVER;
Don't go into it thinking it'll be a cosy 'sit back and watch them work' type of game because the difficulty ramping is not balanced. 
There are still bugs that mean your colonists are perpetually sad. And it doesn't make it easy to find what they were sad about to begin with.
Security detail is near useless
Shelves cost the same resources as an oxygen scrubber

And it's not like any of these bugs will be patched as it got stuck in dev limbo when the original indie-devs dropped it. And now even their website can't be reached so the fabled 'Patch' I've heard of can't even help.

TLDR: Could have been good, but no point in buying it.",False,1,1075
This could have been so good :(,False,0,248
"Amount of Double Fine games purchased since they ""released"" this pile of steaming poop: 0
12 years and counting.

Now they've gone independent and want people to pay to vote for their next game. Guess what they'll do. Create another terrible buggy diarrhea bag and call it finished, just like this one. 

I swore I'd never give these scumbags another penny. I have no regrets.",False,14,284
"apparently there is a fan mod, that fixes the game (So if you are interested, you should look into that), but aside from that this game is just plain unfinished.
So unless that mod really holds up that promise, I would suggest to ignore this game, for official support has long been abandoned.",False,12,285
"They shat the bed with this one. Abandoned and incomplete. So much promise - which made the choice to bail on this all the more disappointing. This could have been a really great game - but it's nowhere near ready and was dumped on the store as a finished product rather than scrapped as it should have been (presumably to avoid needing to give refunds).

The good news is you can pick up Space Haven and it will go quite some way to scratching the itch DF-9 should have.",False,8,591
Abandonware. Don't trust the dev anymore.,False,18,307
"Scam. They took people's money and abandoned the game. I won't ever buy another double fine game, and neither should you.",False,18,286
"I bought this in 2013 and played it a bit then. It looked like it could be something, but I guess a few years later (2015) they killed off the game. The good news is they released the source code and the community fixed the bugs and have been patching it. It appears the last patch and final to be coming out was released a year ago (early 2023). 

It is sad to see this go like it did since this could've been a lot more. But at least we got the source code and the community could fix the game and bring it to a point worth while. 
I can never recommend a game like this where they killed it off in such a way it literally caused Steam to change it's policy on EA games on them not using this as their only source of income. And even more, them charging you $10 for others (the community) doing 90% of the work fixing and you having to jump through massive hoops to find the fix and install it. I mean one of the people from the community worked on the patches for almost 10 years for free.",False,8,522
its just a bad city builder with no mod support,False,2,6226
It's super disappointing to still see Doublefine listing this game for sale 10 years later. The VERY least they could do is make this free as it was incomplete and broken at launch then abandoned by the company. The fact that a community patch is required to make it playable but their happy to keep clipping the ticket for sales is an embarrassment.,False,32,389
"Way too many bugs, and I'm not talking about the ones in the game, the link to a community patch by one of the reviewers is to a https site that a lot of browsers will pop up a warning to.... but the link is old anyway and even if you go there there is no patch or anything else there.

Don't pay more than $5 for the game, expect issues to end any game you play not being defeated or winning... the developers wont fix it.",False,3,9404
"The is Funded but we spend youre funds into another game we had to made, and hoped it will payback, but it didnt so youre screwed, as we used youre funds and wont develope anything for it anymore, Game! Great Example of shady scummy devs, Tim Schafer can be so proud of his company!",False,4,142
Half finished abandon-ware,False,12,224
Scambase,False,1,912
Feels unfinished,False,0,704
"It was promising but got abandoned pretty fast.
Shame on those who made that game be the failure that it is.",False,9,158
"---{ Graphics }---
☐ Is this real life?
☐ Beautiful
☐ Good
☐ Decent
☑ Bad
☐ Help, my eyes are bleeding

---{ Gameplay }---
☐ The pinnacle of gameplay
☐ Exceptional
☐ Good
☑ Alright
☐ Meh
☐ Like watching paint dry

---{ Audio }---
☐ Eargasm
☐ Very good
☐ Good
☐ Not too bad
☑ Bad
☐ I would burst my own eardrums

---{ PC Requirements }---
☐ Skynet
☐ State of the art
☐ Powerful
☐ Mid-range
☑ Potato
☐ 486

---{ Game Size }---
☐ You will need to invest in a quantum singularity to hold all the data
☐ It will take up your entire drive
☐ Will eat a significant amount of your hard drive
☐ Workable
☑ Small
☐ Floppy Disk

---{ Difficulty }---
☐ Cuphead
☐ Nightmare
☐ Hard
☑ Medium
☐ Easy
☐ Button or key mashing

---{ Story }---
☐ Baldur’s Gate 3
☐ Awesome
☐ Good
☐ Average
☑ No story
☐ Writers should be fired

---{ Game Time }---
☐ Infinite
☐ Marathon
☐ Long
☐ Average
☐ Short
☑ Over before it began

---{ Bugs }---
☑ Bugthesda
☐ ARK: Survival Evolved
☐ Many
☐ Average
☐ Minor
☐ None

---{ * / 10 }---
☐ 10
☐ 9
☐ 8
☐ 7
☐ 6
☐ 5
☐ 4
☐ 3
☑ 2
☐ 1",False,2,2875
"I love this game. IT is challenging, all while maintaining being fun.",True,2,3307
Unfinished game,False,6,688
"The game was unfortunately abandoned unfinished by Double Fine, there is a fan patch though.",False,2,457
"fun at first, but a bit bland",False,0,496
"Like the other reviewer stated, this IS a fine game from all that I can tell so far.  It has PATCHES and fan made LUV :)  Also when I bought this game some trading card for their other title appeared in my library giving me this as a gift I can keep or give to someone else FOR FREE!  So I mean come-on this game was already super low cost on sale, and now you just doubled my value with the free game trading card, wow...tyvm!  I will give it a whirl soon if I can once the patch it installed and I know I can have a complete run.",True,0,8
Not a lot of depth and controls are painful. At about 10 hours I have bought and maxed out everything you can. I have memorized which choices are good/bad for my base. if you lose it is usually because the controls or menus don't work like you want them to. As of a fan of Double Fine Productions this is disappointing and would not recommend even at a low cost.,False,2,627
Sad.,False,0,22
"[quote][b]Warning: Broken Game![/b]
This game has design/implementation defects that will render this unplayable for many gamers.  The game was abandoned by Double Fine in an incomplete state, yet, unethically, they continue to try scam gamers into buying a product they know is defective, unfinished and unplayable..[/quote]

Spacebase DF-9 is an extremely promising looking sci-fi base building/strategy game... and there's a huge market for such games if done right, which this isn't.  In fact this is a cautionary tale about not judging a book by it's cover... and while the traditional meaning of that is we shouldn't dismiss a book just because it looks bad, when it comes to video games, it's the opposite.  Some video games may look really fantastic but turn out to be duds... especially when they're not even complete games.

How did it come to this?

The core problem here is that this isn't a sincerely made, professional game, it's a Game Jam/demo project.  Game Jam and other student/project games are not made for gamers, they're made for the benefit of stroking the ego of developers.  It's obviously not possible for a game slapped together over a few days to be of the same quality as a properly, sincerely made game from a full development team with a full budget who take the right amount of time and put in genuine hard work to create a product for gamers.  Sure, it is possible to slap together a game in such a manner, unprofessionally.  This is a lot like driving a car using only your feet.  Just because it can be done, doesn't mean it's a good idea, and often ends up in disaster.

After the game jam, Double Fine made a commitment to finish the game... then didn't bother, they just abandoned it.  They took all the money from gamers based on this promise, abandoned the game, and kept all the cash they scammed out of gamers.  Completely reprehensible. 

Reviewing SteamDB to check how popular this game was with players reveals a surprise... there's a very healthy spike in player counts for the game.  How is this possible, if the game is incomplete and unplayable?  This only happened once, around the same time that trading cards were applied to the game... so this is just card idlers getting their cards and moving on.  A closer look at the numbers shows the game just has a couple of players every week running up the game and idling it for cards, then deleting it.  We must ask how it benefits gamers for there to be so many games like this, with no merit as a serious game, that only generate sales from people idling and selling the trading cards.

The developer is deliberately and unethically trying to scam gamers into paying them the greedy, cash grab price of $10 USD for a game they know is broken.  Don't give it to them.  This is also competing with over 9,000 free games available on Steam, many of them far better than this paid product.",False,5,190
so glad i could give double fine my money so they could push out different games and abandon this one :))) why are you still selling this lol,False,8,444
"This game is made by doublefine. Why is that important? Well the leader of that company (Or former leader if he's already been fired by now, I have no idea) is a man named Tim Schafer. Apparently he was there when games like monkey island and grim fandango were made. I've heard they are great and were absolute classics.
So what is the issue then and why have I brought this up in the first place?

Well the studio he was in charge of by the name of ""Doublefine"" had a period I like to call the ""Indie phase"" where they hosted game jams and picked the best games out of the ones on display to be made into fully fledged games. One of the games they picked came out somewhat half baked. It was called ""Broken age"" and was forced to launch with only half of the game playable, so the studio could make enough money off the sales to create the second half of the game and add that. 
This might not seem so bad until you realise that the company had made a kickstarter for that game and promised the backers a full and ready game if they backed it. So understandably many backers were upset about this.

But Broken age wasn't the game that got the rawest deal. That was this game Spacebase DF-9. While I didn't back it on its kickstarter (Yes there was a kickstarter for this game too) I did buy it in early access. Now thankfully the game is playable.
Its a quirky yet fun space colony management sim where you get to make choices that effect your colony now and then.

But there is a glaring flaw here and it is the reason I cannot recommend the game. Because the whole project was dropped like a hot potato, there is a point in the game where the progression and content grinds to a halt. And I don't mean you get drip fed more content, I'm talking about walking into a fully fledged brick wall.

Your colonies/bases will be doomed eventually because of this. They may thrive, they might become sprawling megacentres that act as a refuge for humanity. But eventually they will wither and die due to enough natural space born disasters popping up and screwing the place over. I also encountered a game breaking scripting error once.
I was constantly choosing a dialogue option that sent attacking forces of pirate raiders away, and all of a sudden, something gave way in the code. 

Every single pirate raider I had convinced to leave my colony alone came swarming in like a bunch of army ants. That save file stood no chance. Everyone died horribly. 
In the end I'm sorry if my review made you upset, because to be honest I was getting upset while writing this. This game could have been great, but its been left behind.


Please, don't buy this game. Its not worth it in the end. 
Also for my final note I wouldn't recommend buying anything else from double fine either considering their track record. Except psychonaughts 2. I heard that is a really good game.

Anyway, that is everything I had to say.",False,20,1250
"The elevator from ""The Shining"", but with barf",False,1,5
"Buggy. It has some weird aspects where items aren't usable due to distance or orientation.  The game crashed after 13 hours of the plan, and now it's completely broken.  The late game is cheesy and grindy.  Wait until the finish it.",False,5,753
The crowning achievement and pinnacle of Tim Schafer's career.,False,13,80
"I stumbled upon this randomly after getting scammed in 2014.  I can’t believe this is still for sale, Shameful.  Unfinished, broken game that they unethically labeled as released.

They decided it “wasn’t profitable” yet they kept the profits they made from me.",False,38,221
Promised lots and is just a shell,False,8,74
the ai has no sense of survival and the tutorial is rubbish,False,0,570
"not really playable, abandoned game, not worth the money.",False,15,113
"I got this way early, and back when it went on steam, it was during a time when this genre was dead. It had pedigree, it had promise. None of that came to fruition. This was some game-jam demo that got a half hearted dev cycle, and it was cancelled the second it didn't do big numbers. It's abandonware. It was okay in its current state, as a work in progress. There may be mods that make this playable, but it isn't worth it. There's not enough under the hood to sustain more than a couple of hours of play.

One of the sadder outcomes in game development, but don't ♥♥♥♥♥♥♥ buy this.",False,7,1518
I just hope this game have achievements.,True,0,1170
"Good idea, but the workers are so blind - they don't know how to priortise work, nor can you set them to a specific task.",False,2,280
Abandonware. Don't do it.,False,22,147
"It was fun, until you realized it was somebody's failed university project. I doubt that it was, but it sure felt like it.",False,7,257
Abandoned immediately by Double Fine. Such a disappointment.,False,15,202
"Houston, we had a problem... and that problem was Spacebase DF-9. This game had all the potential to be an interstellar masterpiece, but alas, it got abandoned faster than an astronaut's lunch in zero gravity – and that's saying something!

I mean, seriously, it's like they planned to launch this game to the moon but forgot to pack the rocket fuel. I was eagerly waiting for the 1.0 release, but it's as elusive as spotting a comet in the daytime sky. And yet, here they are, still trying to sell it, like trying to convince me that Tang is still the official drink of space.

So, if you ever feel like taking a one-way ticket to disappointment, Spacebase DF-9 might be just the game for you. It's the cosmic equivalent of finding out your spaceship runs on cosmic fumes and duct tape. Someone get these developers a telescope so they can see where they went wrong!",False,11,1225
"Sorry, Double Fine, this is not your best work!  The game showed promise, but is basically unfinished and has a number of bugs.  I believe there is a community patch that fixes a lot of problems, but really the game should not be sold in the state it's in.  I quickly discovered that I wasn't going to play it for more than a few hours.",False,2,255
♥♥♥♥ you doublefine,False,20,1582
"I bought Spacebase DF-9 back in the day and I love the promise it had. Today I still hope Doublefine will do something with this. A revamp, a new version, something like Spacebase, because it was a flawed masterpiece for those that love Themelikes.",True,2,6218
"Was one of the first game I ever bought.  Begged my grandmother to use her credit card so I could simply get the money onto my account back in high school.  I enjoyed Double Fines stuff and really enjoyed the game.  Then they ran off with the money.  Honestly, ♥♥♥♥ Double Fine, and the people who oked this ♥♥♥♥♥♥♥",False,1,1277
"I did not expect much, and I was dissapointed.",False,1,131
"Didn't realize I never reviewed this game. As an early access backer of this game, all I can say is F Double Fine and all their future projects.",False,11,76
Just stopping by to beat a dead horse.,False,21,164
How do you kill the goodwill that Psychonauts generated? This game... right here.,False,7,4230
.,False,0,204
Sometimes you lose when you buy into EA.,False,4,122
https://sourceforge.net/projects/spacebasedf9-patch-1-09-final/,True,52,13
Linux version runs like ♥♥♥♥ and it's abandone-ware,False,3,302
Watching YT lets players try out each new alpha back in like 2014 was always a great time and after many years I got my hands on a PC that can run steam and come to find out that this game is just another forgotten and abandoned mess is just sad. On top of the devs giving up they still think this is worth $10 after all these years is wild.,False,8,75
"They still sell this?

Genuinely ahead of its time but abandoned before it could thrive.",False,6,14
♥♥♥♥ doublefine,False,0,76
"Better than Space Haven (the game the company made AFTER this one to trick you into buying it twice)

I actually really enjoyed this game but they got so much flak for it spending years in EA that they pulled the plug before it was complete to retaliate against the haters.  Even in the state it was in the last time I played it, it was better than Space Haven currently is.  Too bad the Devs were A-Holes

Side Note:  The Devs changed their studio name and are the same devs who are making Space haven.

So Space Haven is really just ""Spacebase DF9 2: we ran and hid""",True,0,171
"If you can get for a dollar or less its worth it, but this games ""finished"" release is so disappointing I can't put it into words. Community patches make it playable",False,0,511
There are far better space station management games out there.  Do not buy.,False,0,128
Dont get,False,0,631
Perfectly entertaining and serviceable game.  You're required too explore how things work out in the deep.  I survived the crisis.  Turns out most machinery had at least a power requirement.  Maybe you need to be a Handy People.,True,0,854
gudn't,False,0,86
"""Double Fine, you pay twice."" -Mr. ♥♥♥♥♥♥♥♥.",False,0,587
"fun unfinished game, a lot of people are annoyed by its current state... i guess since i didn't pay much for it, i can focus on the gaming experience rather than fun/$/hour. For what it is, it's a fun game for few bucks, 11$ is too much i believe.",True,1,831
Garbage,False,0,172
Weee funnnn,True,0,2799
abandoned,False,0,502
"Spacebase DF-9 is an indie game of the simulation genre that invites players to build and manage a space station. The gameplay is very interesting and appealing to fans of simulation games and the game has many strengths. However, there are also some disadvantages, which I will summarise below:

1. boring gameplay elements: some gameplay elements can become repetitive and monotonous, which makes the game boring.

2. lack of depth: the game does not offer much depth when it comes to long-term strategic decisions, which can make the game monotonous and superficial.

3. incomplete gameplay: the game still has many bugs and missing features, which is understandable especially for an early access game, but can still frustrate.

4. weak AI: The AI of our crew members is sometimes illogical and difficult to predict, which affects the gameplay and can lead to frustration.

In summary, Spacebase DF-9 certainly has potential and will appeal to fans of simulation games. But the lack of depth and the presence of bugs can frustrate the gameplay.",True,3,123
"Well, this sucks. The challenge curve is ramps up to impossible much quicker than you can research and build defenses. There is only ironman mode, where you cannot save your game as you go. If the raiders don't kill you, the space debris strikes will. Or the killbots. Or the fact that your machines speedily degrade. No wonder DF is giving this away for free, I would be very annoyed if I had bought it.",False,5,828
Absolutely horrible! Basically unplayable and broken. I received it as a gift copy or I would demand a refund!,False,0,71
"literally just buy any other double fine game, this game is just abandonware.",False,8,404
"DoubleFine make buggy games, and this is both buggy and unfinished. It should really be free. 

It's fun, though, and full of potential. Hopefully the team over at https://www.spacebasehub.net keep working on it.",True,1,181
"Linux native version does not work. Switched to using Proton and could not even finish the first step of the tutorial before my guys died. 
What a bunch of ♥♥♥♥.",False,15,6
Wont be supporting DF in the future.,False,6,582
"I really wanted to like the game, but the balance is just not there. Even if you pick a low-threat zone, you are constantly getting attacked for whatever reason. Game also keeps trapping my builders in walls they just constructed. If you build a wall and then you tell your builder to build a door and other walls, they usually go for the walls and then at a later date they come and build that door. I ended up just leaving holes on the walls in order to not trap anyone anywhere until a door was built.",False,5,248
abandonware,False,0,139
"I got this game as a gift and immediately interested in playing it. Definitely my kind of game, it looks fun and easy and overall cute. BUT NOPE! THIS GAME IS FRUSTRATING. I tried many times making new base, trying different combination of places that would be good enough to enjoy it but also occasionally engage in combat. This game doesn't have the same balance of any game in this genre. It really doesn't have a breathing space for you to ACTUALLY BUILD your base. The hostiles just keep popping up every few minutes and by the time it takes your crew to rebuild and fix everything, yet another group of hostiles come on their merry way to ♥♥♥♥ you up even more. I honestly tried again and again, building new base because I had hope and see the potential of this game as it is quite fun while it lasted. But it really just kick you in the butt on every turn. Your crew died and depleted so fast it doesn't even contribute anything even if you put them all on one task only to fix the base faster. It either caught on fire or your crew died in combat or asphyxiation just to name a few of causes. It is so hard to maintain the prosperity of your crew and build the base when you can't even do basically anything. And I mean, anything. You can't get things done because you keep getting shot and raided or horrible virus monster eating you alive. So disappointing and just plain infuriating over time to play this game. Such a missed opportunity as this is such a fun game while it lasted. But yeah, don't waste your money over this game. Not worth it at all.",False,2,408
I got beaten by the tutorial.,False,1,68
"[h1] 𝔸𝕨, ℍ𝔼𝕃𝕃 ℕ𝕆! [/h1]

Well, humble bundle... I wanted to help out the victims of the Syrian and Turkish earthquake... but not on the expense of my sanity.

This game... man... For those who actually bought it; I feel bad for you! Really, I do! I'll tell you a bit about the premise, if you're still interested in the worst game ever on Steam lol
You're on a spaceship, and simulating a situation where you're supposed to survive! You get settlers in the ship, that can build, do multiple mundane activities but not all at once! You gotta select them individually and put them to a task... Now, the game starts off by saying that ""your settlers will die without an Oxygen tank, set one of them to build it"", so after telling you absolutly nothing in the tutorial, you actually find the Oxygen Tank and you build it... Keeping up with the tutorial's checklist, doing what is asked of you... and you think you're getting somewhere; so you speed up time to get stuff done faster, your settlers start now moving and working at a reasonable pace... Two minutes in, and then they all get seizures and die Hahaha! I actually laughed at that, really hard. They just are like ""Nope, enough work, I amma just die now"". The failure message states that ""Your ship has ran out of Oxygen""... Umm, Okay! So I decide to give it another go and go slow this time... The settlers all die again at the exact time all at once and the message persists despite my monitor displaying that I've got 72% Oxygen on that crappy ♥♥♥♥.

Figures the game doesn't want to be played... So I shut it off, put it down softly and wrote this review. The rating? For the first time ever: THIS IS a [b]0/10[/b] game. Thank you Humble Bundle!!!",False,28,25
"Dont buy the game, I like many others bought in to the promise and I got stung. Oh well that can happen thats the risk you take. But please they are selling an unfinished game thats buggy and it will never be fixed. people have talked about fixing the bugs but that didnt go far.

This should not be sold please do not give them your money.",False,6,782
I have a gift copy of this steaming pile of :♥♥♥♥:,False,9,90
hilariously bad,False,3,49
Abandonware,False,1,274
abandonware. Avoid. New options out now that scratch the same itch better. Space Haven being one of them.,False,49,91
Don't buy!,False,10,489
"I played this game very briefly years ago, when I got it as part of a bundle. I recall really liking the concept and the feel, but quickly realising that it was currently in a completely unplayable state. As such, I left it, and decided to come back to it when it was finished. Fast forward to now, and I'm immensely saddened to see that this game was completely abandoned by the devs. I've seen that some of the playerbase have taken it upon themselves to mod and fix the game, but I have yet to test it to see what it's like. That being said, if you like the look of the game, maybe download the unofficial fixes and give it a go. Although only if you already own the game, because having to pay for the game in its current state may as well be theft.",False,13,49
"I bought this game and then like a week later they said it was done but it was basicly bare bones and had none of the stuff they promised and then like 2 days later the CEO Tim Schafer uploaded a bunch of pictures playing around with 100 usd bills, that's all I have to say about this ""Game""",False,36,598
The Reason I will never give money to Double Fine again.,False,17,127
Double Fine still SELLING this abandon game is a stain on the company's reputation. Give it away or take it off Steam.,False,56,304
"Game no longer works.  Have uninstalled game, deleted files, still will not launch properly.",False,9,33864
boycott double fine,False,5,717
Abandonware - leave it.,False,14,202
Spacebase DNF-9.,False,3,138
Bad abandonware,False,14,22
legally purchaseable abandonware you can buy right now!!!! :O (don't.),False,29,435
"Weird, buggy game, lots of fun!",True,0,1097
Never gonna buy a game from this studio ever...,False,6,132
Abandoned and buggy.,False,12,531
"I found the workings of the game confusing. You never get told how to succeed and most importantly, you can never control the characters, most of the time they are stuck in space until they die from lack of oxygen. And even after creating a room with the seed and an airlock, that leaves scarce ore to create a refinery. And it also does not help that there is no way to save the game. This seems like an early release, so i will gladly revise it when the game is improved, playing it is extremely unfair ton those playing it.",False,1,154
Abandoned do not buy,False,11,897
"It was a nice game in its prime, but its abandoned now.",True,2,2281
"It wasnt bad, just wasnt finished...It works.... most of the time.... Its fun to boot up every now and then....
:(",True,1,1492
"the mechanics of this game are awful. no matter what you do, there will be some freak event where one bad guy randomly appears on your base and singlehandedly kills two thirds of your crew. 1/10 would not recommend",False,0,2675
Its as shallow as a kids pool,False,3,188
This was a fun early access beta game that never left early access.,False,4,75
"A fun tech demo, but it lacks content and is balanced in such a way that making progress is basically impossible.

My main issue is that even on low threat systems which are close to warp gates (basically how often you get new units), there are so many raider spawns and your civilians are so stupid that it becomes impossible to build up a large enough workforce. As an example I had 2 raiders spawn in my canteen. I sent my security which consisted of three units to stop them. However my security decided to go in one at a time, allowing the raiders to focus fire them. The raiders them proceeded to camp in the canteen and kill another 3 civs who decided to go in because they were hungry before finally leaving the room and immediately getting mowed down by my turrets. In theory I had the upperhand, but due to elements I could not control I ended up loosing 1/3rd of my population to one engagement.",False,1,373
i cannot believe this game didn't have a tutorial until the final update,False,1,6
This game initiated my distrust of Double Fine Productions.,False,2,220
Not Good,False,1,277
Don't purchase. Coulda been a cool game but it was never finished :/ Not feature complete even remotely.,False,3,393
"Avoid this trash.

Game was a gem in the making but the developers abandoned it in order to funnel resources in to other projects and left all backers ♥♥♥♥ out of luck.

Shame on Double Fine & Tim Schafer.",False,17,30
"This game is currenty being sold as part of Humble Bundle's Day of the Dev bundle, despite the fact that it's been abandoned in a terrible state by a dev who beforehand had never showed signs of just throwing away a game. Nowadays the unofficial patch hardly works and the game is plagued with crashes on newer hardware, making it a nightmare to play.",False,20,783
Abandonware.,False,16,137
"How is this still up on the store for sale, especially at a price like that?  Was an unfinished, buggy, waste of everyone's time.  Both Steam and Double Fine should be ashamed with themselves for leaving this store listing active.",False,36,742
"Really addictive, until you find out the game isn't completed",False,15,710
"[b] Trying everything on the Steam Deck # 9 [/b]

Tim Schafer talked about the nearly two years of development time this game got, dumping more than what they could make from the game, it was scuffed after the first year, towards the end they just torpedoed it off Early Access and right into the store.

It was fun for an hour or so but it just became a total mess once the base gets larger. It's really only about 30% of a full game, so many things are missing. Only get this on sale or free with a bundle because for $10 bucks, I just cant recommend.

However ! Since Double Fine came through on their promise and made it Open Source so the community can work on it, I'll give them a thumbs up.

Note For The Deck: Runs great, trackpads are great for mouse movement, though as the base gets bigger, zooming in/out begins to get cumbersome.

-  We always had hope we weren't going to end it, until the end. 3/10",True,4,159
Typcial Indy Unfun mess trying too hard to be challenging.,False,0,4915
Not a very good game,False,0,3024
"Probably the most shameless example of the early access program I've personally had to experience firsthand, as there was little, if any, of the usual excuses, dissembling, or hand-wringing that I know of - Just this near-featureless.. tech-demo? 

Still available for purchase...

Best Avoided.",False,9,495
iits a grate fun rump until your police dont lisson to you and you die,True,0,1809
Abandoned before it was even remotely completed. Avoid.,False,10,531
"This ""game"" is boring. Build a base, mine, build more of a base...rinse, repeat. It's not clear what the point is and the construction tools are janky. Can't recommend this one - it's worth neither your time nor your money,.",False,6,46
"Even with the patch (stopped 2016!) it still isn't playable even if you know how to get a start after playing the tutorial the game often crashes.
So don't even brother looking to get the game for free",False,24,75
"Abandonware, game is buggy and it's clear there are features missing that need to mesh together for other systems to work.",False,6,212
"Sorry to say but this game just isn't finished and never will be. The beginning half of the game feels great but as you play you encounter more and more issues that make it impossible to play. Combat is the most broken, impossible system I have ever seen in any simulation game, ever. Let's talk about some issues:

-Derelicts (ships that spawn with loot / enemies) if you explore them, you're almost guaranteed to have a crewmate get stuck there and slowly suffocate and starve. Since you can't directly control anyone, the only way to save them to to build a path from the derelict to your ship. Also, it is functionally impossible to order your crew to fully explore a Derelict. They just won't do it.
-Incapacited crew/raiders can stay that way for so long that they'll literally starve to death. Additionally, enemies can just stand up and be completely fine afterward and go on a rampage, so if a raider goes down but doesn't die, you have to deploy security for them for weeks at a time.
-You can get pop-ups for events / problems that have been solved. These pop-ups never go away and will eventually open back up no matter what.
-I've lost several new games simply because my crew won't go inside and refill their oxygen. This has a risk of happening with every new game.
-Raiders can be ridiculously strong, able to kill (with only one raider) over 15 crew without being downed. Even if your entire crew is security you'll probably die to what is effectively a bad rng roll.
-Corpses never go away. The community patch fixes this but parasite corpses aren't removed.
-If one of your crew dies on a derelict, your crew will all automatically go to try to loot their body. If the derelict isn't empty of enemies, this means that your entire crew will eventually die trying to get loot. There is no way to stop them from doing this. 
-There's not prioritization of tasks. Even if your crew is literally dying and need to act immediately, they'll still stop to chat and ask people their favorite bands.
-Wounded crewmates will continue doing harmful tasks even to certain death. You can order them to go to the infirmary, but they don't listen and will die anyway.
-In the community patch, meteors will hit parts of your station. You get a warning and opportunity to avoid it, but you can't order your crew to move away so it's really just a random 'these crew members die' event. The game is FULL of these.
-Music just sometimes stops playing completely until you go into the menu and turn it up.
-Practically speaking, it's near impossible to catch illnesses and there's literally nothing you can do to change the result besides employing more doctors, so this event also serves as a 'these crew members die' random pop-up. The base game also has way too many random diseases to look out for, and each of them needs to be researched to effectively stop them, and research takes nearly 10 hours of real time per disease. This is faster with more researchers but everyone in this game just dies randomly with no ability to stop it.


Basically, this game is an embarrassment and is not really a game in its current state. It is an RNG button with some slight amount of interactivity but gives you so little control and has so little content that appears so often that functionally, the only thing you actually control in this game is heavily repeated dialogue that determines how many crew members you hire once every 2-5 minutes. Since your entire crew is likely to die about every 5 minutes, really these dialogues don't represent a choice at all, since you have to hire more to keep playing the game. In other words, this is a management sim where in reality, you are a passive participant that is watching events as they transpire.

This isn't a finished product, it's barely a game. It shouldn't be on sale at this point.",False,12,260
"I'm not too sure how this company is still in business. Just saw a new game called Gang Beasts by the same people, and I'm like.... hang on. Go back and finish the game I already bought before I give you any more money. This game had so much promise, and it's basically playable. They just up and finished the early-access alpha and dumped that on the unsuspecting public, with no budget for developing it from a beta. That's what this is. An untested beta with balance problems; the scenario which triggers events has no mercy. I think it's a simple timer with no conditions at all, and there's no time to research everything, get enough crew to handle the bad dudes who attack, or build up much of a base. You might think you have a big sprawling base, but it's definitely not well defended.",False,16,11471
"While I don't mind the devs calling it quits once the game had a functional amount of content, even if it's nowhere near as much as i would have preferred, I very much DO mind them calling it quits while there are still quite a few game breaking bugs present.

just found this out after leaving the game on the back burner for a few years hoping it would be finished.

Not happy.",False,12,3592
"Oh my, this is rather terrible. This isn't a game, it's a tech demo. And the tech is bad.",False,8,35
abandoned game that somehow is still on the shop? don't buy it,False,38,1151
"extremely dumb ai, a lot of bugs, abandoned",False,7,6645
"I reopened this years later and I remember why I stopped.  It is just not a complete game.  It is at best a glorified sandbox with not true purpose.  Too many glitches and broken AI.

Oxygen can be produced for non-attached segments.
Raiders just roam the halls and don't seem to need food.
Ships spawn on asteroids 
If more than 1 ship hails you, you cannot open the 2nd dialogue.
Would like a priority setting for technicians 

...and so many more.

It is just not a complete game.",False,7,862
"A sad failure of the Early Access system. A space station manager game that emphasized character needs. A bit like the Sims, really.

The game wasn't bad, per se, just unfinished, and it had potential. But the money dried up and so did the game. I enjoyed it while it lasted, but it must suck for people who paid for a game they expected to be finished but never was.",False,9,1527
Why?,False,5,8
Legit bad. Unfinished mess. It's RimWorld if you took out all the stuff that makes RimWorld sort of playable.,False,5,2232
"This game is just broken. I'm prepared to weather some glitches with Double Fine games because their many positives so outweigh their issues. But this game just doesn't work, at all.  Doors will fail to open, characters will asphyxiate in  oxygen rich rooms. Steam wouldn't allow a developer to sell something so dysfunctional as early alpha, I don't know why they allows this to be sold as a completed game.",False,13,469
"This is one game that was never finished. If you look at the news, you will see that it was in Alpha testing for 1 year, then went straight to release. It skipped the Beta testing. The last news from the 1.0 release was 1 month after it was released. The fact that they are still charging $10 for this 7+ years later is ridiculous. If this game was finished it might be worth $10 today, but at its current level of completion, it might be worth $1 today. If you buy this game, you are paying $10 for a game demo that was released as a full game. Go buy an actual game with your $10 instead.

The worst gameplay mechanic that other games got right 17+ years before this game was in Alpha is people assignments. Here you have to assign each person to a job. The bigger the base, the more people and jobs. The game doesn't tell you if a job needs filled, you have to search for one.

The rate of decay on equipment is intolerable. If this was real life, most equipment takes over a year to breakdown through constant use. In the game, things breakdown within 2 game days. This wouldn't be so bad if people didn't have to sleep for a good portion of that time. If you line the outside of a small-medium base with turrets every 5 blocks, by the time 2-3 mechanics get around to all of them for repairs, it's time to do it again.",False,8,1412
Unfinished game with many mechanics not fully implemented.,False,6,60
"Play Space Haven, it's very similar to this but hasn't been abandoned by the developers. Even if a game looks alright (and Spacebase was when it first came out) don't buy it if it's abandon-ware. It sets a bad precedent, that game companies can release unfinished early access games and still make money off of it. Again, buy Space Haven, it's basically the same thing but better and still being developed.",False,14,571
"After retrying many times, I can only conclude the AI is too bugged to stay enjoyable on long playthroughs (random task priorities, unable to keep panic under control, unreactive security even during ongoing fights).
Would have been nice otherwise.",False,5,3409
"I like this game but i have to give it a bad review. The developers up and left before actually finishing the game. I think there are mods that help to improve the game and add an endgame but overall it all kind of just sucks. 

If you want to play a better version of this game then look no further than Space Haven.",False,9,1017
The fact these people are still charging even ten dollars for this bare-bones abandoned early access game shows just what kind of developers these people are. I cannot recommend that you buy this game. Buy literally anything else.,False,20,1255
would of been good if the a.i was fixed but its broke game glitches to much and is unplayable it needs major updates to fix,False,1,906
"This was abandoned early in development and shouldn't even be on the store.

Double Fine stated the game wasn't profitable enough to finish so they pushed it to 1.0 in its totally broken state and said they were done.

Absolutely disgusting practice - Double Fine deserves zero trust after this one since they proved they're willing to pull stunts like this.

Just because someone made a patch that fixes things up doesn't mean you should endorse or purchase this game, if they handled things differently than perhaps but not with where we are today.

Absolute scam of a company who continues scams to this day",False,34,362
Frustratingly good for an hour until it becomes clear how unfinished it is. Even the community patches can't fix this mess,False,3,243
Its fun but once you get to a certain point its nonstop raids and you either beat it if your base is designed well enough or lose,True,0,1285
Game ♥♥♥♥♥♥ sux,False,1,765
Followed the development progress. That's why I have so many hours in. There's not much real gameplay in there. The product is also not finished with quite some bugs.,False,6,2433
Got this game for free and i still want a refund. Stay away,False,11,359
Abandonware.,False,10,1125
"After playing for 7 hours, the game now freezes every time I try to launch it. I  have even tried uninstalling and reinstalling, and deleting my saved games. DF-9 is just broken.",False,10,441
double fine moment,False,1,312
DO NOT PAY FOR THIS GAME! READ THE OTHER REVIEWS! <3,False,2,542
"Unfinished, basically unplayable and abandoned. Double Fine took the money and ran.",False,10,90
"This game was abandoned by Double Fine while in Early Access. It is a simulator with barely any depth, and will quickly bore you. Do not let the Double Fine logo fool you. They took early access money, realized the game wasn't profitable, slapped a 1.0 label on the game and walked away. 

Double FIne's history is riddled with bad project management, with Spacebase DF-9 being the ultimate example. It is amazing that after so many years they still ask money for this. This game would work as a free smartphone game, but for now it stands as a testament to their own incompetence.

Buyer beware.",False,39,1217
"This game feels more like a proof of concept than an actual game. It's got the basics, but things are horribly unbalanced and there's significant bugs. Earning any resources (mining, research) takes forever, while you can loose resources very quickly, like if a raiders attack or even just AI stupidity, since you can give direct commands to your people, and they're stupid, so they'll do things like hold a conversation in the airlock while one of your crew is starting to suffocate because they can't get in. :/ As you start to build up you need people on certain roles full time, but since you start off with so few people and the only way to get more is pure luck, you'll constantly be understaffed. Probably the biggest problem is that when you start you start with nothing but a seed pod you have to build a station around, which makes things really hard and doesn't make any sense since you just came here by spaceship? It should give you the ability to start with your choice of ship design (several of the deleric ships you can come across are well designed, so they could have easily used those).
I'm honestly surprised DoubleFine even released this, it feels like a game still in Beta and I'd expect better from them. But if you want to play a space survival game, I'd recommend go playing FTL instead",False,0,471
"Played once and never touched it again. abandoned game, don't buy.",False,7,170
Proof that even a well-known developer is willing to sell a game in early access and then abandon it. A good reminder to only buy a game in early access if you like the game as it is.,False,5,558
"A promising game abandoned by a (formerly, to me anyway) prestigious developer.  I will never buy a game from Double Fine again.",False,15,444
"This game is just way too buggy, even with the unofficial patch that's supposed to fix a lot of things. I'm continually stuck in crisis mode, trying to get a functional base, while people die of things they need, but won't build them, or the airlock gets stuck randomly and decides it's not an airlock anymore so I have to build a second airlock in order to build a room for oxygen in order to prevent my people from suffocating. Then raiders attack and kill my workers who won't work anyway. It might be a fun game if it worked as expected, but due to its buggy nature and terrible UI I wouldn't recommend anyone even starting to try it.",False,2,1933
"Well, folks, we got scammed. Happens to the best of us.",False,14,235
"SCAM! This game is NOT complete! It never will be! It's NOT a game, but a techdemo, it is UNPLAYABLE! REALLY! They abandoned it, took the money and ran!",False,9,47
"I am so angry at this game and what Double Fine pulled on this. I understand cancelling a game. What I don't understand is how you can, in good conscience, cancel a game, not refund the players, but on top of that also implement a bunch of new features, but not the items or things those features rely on, essentially breaking the game entirely.",False,8,583
Abandoned,False,12,1195
a story of a game developer that shot themselves in the face with an abandoned project,False,6,470
"DO NOT BUY THIS GAME 

Saw that it was being advertised by Steam again so had to comment

I have never got annoyed and angry about a game before couldn't think of a reason why I would,  until this one!",False,5,3375
its good until it breaks. then it done. never playable again.,False,5,1100
"I don't think the title is as bad as the rating suggests, but I can't recommend it at the end of the day for most people either. 

If you like space-base building I thought it was a fun couple hours seeing what it has to offer. But it could certainly use some polish. I could see this an enticing 1.0.0. release into early access, but given that this is the end result it is rather disappointing given the lack of polish. 
- no way to monitor power production
- role swapping for dealing with raids is tedious
- Turrets dont' seem to be too effective as a defense system
- The building system is a bit chunky for something with so few items. 

So overall, fun for a certain crowd, but not well developed enough to warrant a suggestion to most opeople.",False,7,438
so yes this game was abandoned by the devs. its an unfinished POS and steam needs to pull it... but if you want a game like this but a thousand times better and is still being developed for then i would highly suggest a game called space haven. fantastic game and lots to do. also you can have multiple ships or bases and you can build them from the ground up. Space haven is what this game could have been.,False,5,268
"This game was abandoned early into EA, thus the content is limited and bugs are plentiful.
If you like this kind of game, check out Space Haven instead.",False,37,261
"Quick cashgrab, then abandoned.",False,12,827
I still haven't forgiven Double Fine for abandoning this. Will continue to actively not support them as a result.,False,28,310
An abandoned game. One of my Early Access regrets.,False,10,481
Abandoned. :(,False,11,189
abandoned garbage. Very bad work double fine,False,12,893
"Mixed. 
It actually turned out somewhat playable. I did not get into it as I had no real in-game goals but it may be worth it at a nice discount and with reasonably low expectations. 

[h3]Additional Details[/h3]
[table]
   [tr]
        [td]Operating System[/td]
        [td]Ubuntu Linux 14.04 x64[/td]
    [/tr]
    [tr]
        [td]CPU[/td]
        [td]AMD FX-8350[/td]
    [/tr]
    [tr]
        [td]GPU[/td]
        [td]GTX 750[/td]
    [/tr]
     [tr]
        [td]Last played[/td]
        [td]March, 2017[/td]
    [/tr]
    [tr]
        [td]Technical Notes[/td]
        [td]No major problems[/td]
    [/tr]
[/table]",True,22,423
"Just wanted to add my review to all of the other negative ones. Shame that this was completely abandoned. It's cool that fans have made this game better, though, mods are essential.",False,5,121
This game is a sad,False,2,26
Esentially Sim City in space. The ability to lay out your space station exactly as you want allows for a fair amount of creativity. Easy to lose yourself playing this one.,True,2,969
Abandonware.,False,19,1793
"Don't buy, it's an abandoned unfinished and buggy product.",False,8,1132
A friendly reminder to never buy Double Fine or Tim Schafer games.,False,14,972
Buy Starmancer from Chucklefish instead,False,7,187
"I actually REALLY like this game. It kind of reminds me of Startopia with a few cool design choices. Sadly , it's mega hard and comes across as super unfinished.",True,2,249
Abandoned? Buggy. A mess. No.,False,4,27
"This game could've been cool, but it's very buggy, unfinished and clearly abandoned. Please don't buy it.",False,17,40
Even with the community patch the ai is broken and will sit around in the airlock causing half the crew to suffocate.,False,4,579
"I bought this game a few years ago, it worked and was good fun playing it.
Then it stopped and had all the usual problems everyone else found.
New PC, Win11, better GPU, SSD, reinstalled it then pressed play and it loads up in exactly the same as it was, broken! So, at least we know cloud saves work!
Disable save to cloud, 'escape' key from the still same everyone dead no walls screen, Menu screen, click Start New Base, select place accept to launch, aaaaaaaaannnnnnddddddd.....................................

..............BLACK SCREEN.

Oh there's an unofficial update v1.09 nice, but then that gets auto removed by antivirus for being unsafe.

F this game, don't waste time messing about, get something else.",False,0,4484
"Never finished, abandoned by publisher. Extremely limited gameplay and loads of bugs. Mostly unplayable and shouldn't still be listed for sale. Don't waste your money unless it's under a buck.",False,26,1196
even with the patch i dont like this game,False,1,22
"A terrible game, abandoned by the developer. It shouldn't be sold on Steam.",False,35,585
"It's an insult to all those that paid good money for this abandoned game that Steam is still selling this ""steaming"" POS! Do you have no conscience Steam? No morals??",False,2,193
"This game could have been cool, now it is abandoned and looks like Habbo Hotel",False,1,99
"Fun game
very much unfinished, and because of that there are a lot of bugs that ruin the game.

Doesn't help that it's also abandoned.",False,1,554
"boring game 
what to do?  God knows >.> 
and...User reviews: Overwhelmingly Negative .. okay..",False,2,6
unfinished,False,3,7269
"I don't understand why they're still selling this for more than $2, and 75% of that $2 should go to the people fixing it through modding.",False,2,971
love it!!!!,True,0,10263
"Not worth the price for a game you have to find others to finish. It would be nice if the patches/mods that are out there would be listed via steam for the game in order to help others, but to try to hunt for fixes & hope it isn't spyware... well, I'd skip. Other then that I loved the game for what of the game play you could do. You can only play so many times till the AI starts to freak out & all you can do is start again & again.",False,6,1987
good game,True,0,5
"Spacebase DF-9 is a game where you control a space crew and you survive in space.

The game really doesn't set anything up for you in terms of a story, so that's about all I have for the first line above. You pick a spot in the galaxy, which have different environmental clauses that'll affect what'll happen around you and that's where you'll place your base. You will learn the game as you go as the game will give you notices as to what you need to do. So, naturally, the first thing you need to do is to build the base, which will include the essentials being a power supply, air supply, airlock door room for entering and exiting space, and many other life and resource necessities.

Overall, it's sub-par to other games I'd presume only because I've played minimal games like this, but it doesn't seem to do too well. I've had my space crew keep roaming outside only to kill themselves through asphyxiation as well as I've seen enemy AI do the same when both could've easily boarded the ship to live. The crew don't always act immediately on the actions that I tell them to do (build a room, mine some asteroids, etc.), so it was delaying my gameplay.

The visuals are rather simplistic, but not very appealing. The sound effects and music get repetitive.

I don't see a lot in this game, so this is a no for me.",False,0,112
"Seriously, how have they not removed this.",False,3,275
0/10 - unfinished abandonware,False,3,268
"it cant be that bad, can it? arrested development narrator chimes in- it was
1/10 abandoned",False,7,335
"I decided to start going through some old games in my inventory and see how they are.  This was a game that I really enjoyed while it was in development. A non-ascii Space Dwarf Fortress?  Sounded good, and adding that DF suggested if not outright promised a deep and compelling world unfolding as you played.  

I looked at the store, it was $10 and mostly negative due to being released unfinished and abandoned.  Double Fine allowed feature creep and ambitions to overwhelm them and decided instead of pretending they would work on a project that had grown larger then they felt they would ever be able to do, they would instead release it as is and stop support for the game.  This plan was (I suspect) so they as a newer studio would be able to move on to other games and not be bogged down on an endless development cycle with a single game.  

How is this game?  It is (imo) 100% an unfinished Spacebase Startopoia.  It has a very similar feel and honestly doesn't look that old.  As it stands you will get overwhelmed with people just moving into your base and chewing up resources until everyone dies.  You'll get endless waves of pirates and derelicts until everyone dies, and you'll have builders brick themselves off into rooms and suffocate if you don't watch their every step.  

The game is compelling before everything goes to awry.  And that chaos that unfolds can be fun trying to get on top of it to start with, but it is never ending and dooms most playthroughs to failure.  It isn't that it is too hard, it is just unfinished with ideas implemented before they were worked into actual mechanics.  

I doubt it will as most everyone pretends this game never existed, but should it ever find its way to a sale of 50% or more it is worth $5 to see how long you can hold of the forces of chaos!",False,2,2213
"So much potential, too bad the Devs abandoned the game. This wouldve been such a great gem to find had a REAL & dedicated company produced it. Time to put it into my 'Trash' folder :/",False,4,636
How disappointing.,False,5,1444
"Abandoned early access game.
Don't buy it",False,7,1535
abandoned and very bugged,False,6,573
"Even if you can play this with an unofficial patch I still wouldn't recommend. The devs basically said ""We've got your money, time to run!"". And that's exactly what they did. I would recommend never buying anything from Double Fine Productions after the stunt they pulled here. 

Steam can you unlist this abandoned excuse for a game?",False,23,328
Broken Abandonware,False,14,120
"⠄⠄⠄⣠⢴⢴⡴⣤⢤⣄⠄⠄⢀⠄⣀⡤⣴⣺⡽⣯⡷⣦⣄⠄⠄⠄
⠄⣔⢞⢝⢝⠽⡽⣽⣳⢿⡽⣏⣗⢗⢯⢯⣗⡯⡿⣽⢽⣷⣟⣷⣄ ⠄
⠄⡗⡟⡼⣸⣁⢋⠎⠎⢯⢯⡧⡫⣎⡽⡹⠊⢍⠙⠜⠽⣳⢯⣿⣳ ⠄
⠄⢕⠕⠁⣁⢬⢬⣌⠆⠅⢯⡻⣜⢷⠁⠌⡼⠲⠺⢮⡆⡉⢹⣺⣽ ⠄
⠄⠄⡀⢐⠄⠄⠄⠈⠳⠁⡂⢟⣞⡏⠄⡹⠄⠄⠄⠄⠈⣺⡐⣞⣾ ⠄
⠄⢰⡳⡹⢦⣀⣠⡠⠤⠄⡐⢝⣾⣳⣐⣌⠳⠦⠤⠤⣞⢼⢽⣻⡷ ⠄
⠄⢸⣚⢆⢄⣈⠨⢊⢐⢌⠞⣞⣞⡗⡟⡾⣝⢦⣳⡳⣯⢿⣻⣽⣟ ⠄
⠄⠘⡢⡫⢒⠒⣘⠰⣨⢴⣸⣺⣳⢥⢷⣳⣽⣳⢮⢝⢽⡯⣿⣺⡽ ⠄
⠄⠄⠁⠪⠤⢑⢄⢽⡙⢽⣺⢾⢽⢯⡟⡽⣾⣎⡿⣮⡳⣹⣳⣗⠇ ⠄
⠄⠄⠄⠁⠄⡸⡡⠑⠤⣠⡑⠙⠍⡩⡴⣽⡗⣗⣟⣷⣫⢳⢕⡏ ⠄⠄
⠄⠄⠄⠄⢈⡇⡇⡆⡌⡀⡉⠫⡯⢯⡫⡷⣽⣺⣗⣟⡾⡼⡺ ⠄⠄⠄
⠄⠄⠄⠄⡮⡎⡎⡎⣞⢲⡹⡵⡕⣇⡿⣽⣳⣟⣾⣳⡯⠉ ⠄⠄⠄⠄
⠄⠄⠄⠄⢯⡣⡣⡣⡣⡣⣗⡽⣽⣳⢯⢷⣳⣻⣺⣗⡇ ⠄⠄⠄⠄⠄
⠄⠄⠄⠄⠰⡙⠺⢪⢪⡺⡵⣯⣗⡯⡿⣽⢽⢾⣳⠏ ⠄⠄⠄⠄⠄⠄
⠄⠄⠄⠄⠄⠐⠢⠄⣀⣀⢉⠊⣊⣉⡬⡶⡻⣝⡞ ⠄⠄⠄⠄⠄⠄⠄
⠄⠄⠄⠄⠄⠄⠄⠄⠄⠈⠙⢙⢑⢹⣘⠮⠛⠈ ⠄⠄⠄⠄⠄⠄⠄⠄
⠄⠄⠄⠄⠄⠄⠄⠄⠄⠄⠄⠂⠁⠑⠁⠄⠄ monke",False,12,157
"Why abandonware? Worst game in my library according to steam reviews, and steam reviews [b]never lie.[/b]",False,8,940
"I like games from Double Fine Productions.
And I just enjoyed pretty much all of them.
But: Spacebase DF-9 is really disappointing.
It's an early access title sold as a full game.
There's plenty of unfixed bugs everywhere.
Last update happened in 2014, that is sad.
And yeah, it pretty much feels like a scam.
Charging money for this is quite 'scummy'.
Unfinished product for 9,99€, full of bugs.
It's playable with the fan made mods, tho.
Mods can actually improve this gem a lot.
But as it stands: It's not worth your cash.
This should not be sold in the first place.
And I have to give it my negative review.",False,11,353
"Spacebase DF-9 is an incredibly fun base building/colony sim. Until your toons build themselves into a room and suffocate. Or dismantle a floor and eject themselves into space. Or decide to take a nap in the doorway to the inner airlock suffocating all toons in their space suits.

All things which happen FAR more frequently than you would like. All things which were not terribly surprising when I bought this as an early access game. 

Except it's no longer early access. Doublefine did some great initial work but then instead of completing the game they simply walked away from it.

This game is broken, shame on you doublefine.",False,7,568
Early access abandon ware. Don't buy.,False,26,66
"Abandoned game, good, but still abandoned.",False,17,1451
"Whenever I see this game I get reminded of how much I loved Double Fine.
Then I get sad. Then I remember quality over quantity. Then I remember greed is bad.
Finally I remember to never buy anything Double Fine ever again.",False,26,649
Garbage game. Bought it in way early access. Got left behind by the developers. This game is a cautionary tale of buying early access games.,False,10,651
DO NOT BUY. Total garbage. The devs should be ashamed of trying to sell this junk. Nowhere near finished. STAY AWAY.,False,8,320
Abandonware,False,7,160
Basically a scam - can't believe it hasn't been pulled from the store yet.  Do NOT give these people your money.,False,30,224
Can I get a refund 7 years late?,False,6,530
"I don't know why people don't like it, it's a fun game. And they released the source code for it.",True,3,18
"It's too bad this game has been abandoned since it has the bones of a good game, but it's frustrating and not very fun to play it in the state it's in currently.",False,1,199
"I only played for a short while, lots of potential but there are so many bugs and from what I'm reading support for the game has stopped? Either way I've played it enough to know I never want to play it again. A real shame.",False,8,84
♥♥♥♥ these developers,False,8,110
"ABANDONED EARLY ACCESS TITLE, DO NOT BUY.

WHY IS THIS BEING SOLD?",False,43,400
"Purchased this game back when it was an early access game. It was shortly thereafter abandoned by the development team and never finished. It had some really neat features and could have been a really cool game if it had been finished, but as it stands, don't even waste your time and money on this game.",False,12,588
"[0.5] Controls & Training & Help
[0.5] Menu & Settings
[0.4] Sound & Music
[0.5] Graphics
[0.5] Game Design
[0.5] Game Story
[0.3] Game Content
[0.4] Time to complete feels ok? (or if the Game can be repeatedly played again)
[0.3] Enjoyable & Fun?
[0.2] Could hold spot in Favorites?
[0] BONUS point: Review for VR

Stars received: 4.1/10 ___ Note: v.2 [0.0 to 1] = personal impressions

Game description key-points: SpaceBase simulator
Overview: idea is very good and approach, but not for this game unfortunately. Game was abandoned with multiple issues.",False,3,92
"Purchased this years ago. It's a rimworld clone with the following exceptions:

* lower performance compute

* characters have one job rather than prioritizing an array of jobs

* no tech tree

* events are totally randomized and uncontrollable

* no game goal

* less than five minutes of music audio

* worse graphics

* no development in years

If I could get my money back, I would. If I could spend those dollars on a gofundme to give butt cancer to the publisher for accepting monies for this scam title it wouldn't bother me to drop the cash right in that project. This is as close to cash rake and tax avoision I've ever seen (yes, it's a word). It's worthy of criminal investigation for fraud",False,2,2229
The fact double fine still sells this should be illegal. Bought this back when it hit the store and had lots of hope for them to take the money and dip. Never bought a double fine product since and never will.,False,35,723
how do i have 90 hours on this game i have no recollection of ever playing this game,True,2,5339
2 weeks after game was prematurely released it was completely abandoned.  I would not recommend game even if it was free.,False,13,17
"Unfinished , buggy, no way of stopping people from willingingly walking into an enemy filled area. This is review has had more time spent on it and is better written.",False,3,144
"Owned this for a long time, and have had some decent fun playing now and then, still pick it up once in a while, but I couldn't recommend it to anyone else due to its infamous state and condition. Which is honestly a shame, a lot could have been fixed for me personally had the AI just been more ... hm, functional.",False,4,1128
"This would have been a fantastic game.....except that it was abandoned mid development.  It's buggy, especially with the AI.  The AI makes this game nearly unplayable, and it completely lacks tools to mitigate that.  Citizens randomly abandon tasks for minutes on end, pick the most asinine tasks to complete first, leaving critical issues for later.  Raiders attack far too often and you can't send security to them, you just have to hope that security wanders in before too much damage is done.  It seems to be impossible to make citizens happy.  Just terrible AI and job management systems.  Shame that it wasn't fixed up before full launch.  Hard pass.",False,7,764
"In all fairness this game was fantastic while it was still be developed. I dumped a ton of hours into it, and it had so much promise. For what's there, it's still fun to be honest.

However I can not recommend supporting this game. After being forced to 1.0 and abandoned without finishing development, this game has literally given me Early Access trauma. I'm making this review because I'm appaled they have emoticons and backgrounds in the new Steam Point shop when they disappointed their entire fan base that was following production of this game.

A couple other people in the reviews have mentioned Space Haven, I would 2nd that recommendation. Go give Bugbyte your money cause they actually support their products.",False,23,12370
"Double Fine permanently lost a customer with me. Instead of finishing the game they slapped a ""done"" sticker on it and shipped it. It's a buggy pile of unfinished crap that could've been good.",False,12,180
"This game used to be unplayable (crashes and stupid situation where you cannot progress anymore), until I found about the community patch (available here: https://www.spacebasehub.net).
Not everything is polished and perfect, but I am on 8 hour long game and so far enjoying it.

Sometimes the AI goes a bit stupid (with reaction to fires, or lack of oxygen, ..) but it stays manageable and I did not get stuck in a situation I could not get out of.

Before the community patch, the game would crash occasionally and sometimes the AI/characters would be stuck. No more with the community patch.

Thank you Derelict Games for patching this game and make it enjoyable.

With the community patch, this is definitely worth buying when on sale !",True,18,539
"Go buy ""space haven"" instead, it's what this game wanted to be.
This game has long been dead in the water.",False,15,1945
It's abandoned. Not worth $5.,False,8,755
Double Fine Productions abandoned this game during development. What a trash company. It looked like it had such potential.,False,8,364
Nice,True,0,232
Double Fine are on my do not buy list,False,8,247
Abandoned unfinished.,False,13,206
"seems that there are unofficial patches for the game now but still gets a negative review since the developpers let the game die and let the buyers with a pile of sh*t.

Didn't try the patches but here are the links i could find.... use them at own risk
http://www.doublefine.com/forums/viewthread/17289/
http://www.spacebasehub.net/",False,2,688
"Betrayed by Double Fine. If you buy this for anything more than Free, you are getting ripped off.",False,6,304
Abandonware at its finest,False,3,225
You want to space a few hundred astronauts?  Have I got the game for you...,True,0,557
lol they're still selling this game? It's completely abandoned.,False,14,304
How is this abandoned game still being sold?,False,69,229
"Dont even consider this game it wasn't finished, and mostly doesn't work",False,11,369
Gotta love abandonware. Spend your money on anything else.,False,9,91
Abandoned in Early Access.,False,3,216
"Dead, Abandoned and Unfinished piece of garbage.

DO NOT BUY UNDER ANY CIRCUMSTANCES.

Buy ""Space Haven"" instead which is *excellent* and simply better than this in every single way.",False,56,4049
Game was never finished. Do not buy,False,7,514
"This game is a definition of a FUGAZI - fairy dust, it doesn't exist, it's not fleeping real...",False,2,6
"Abandoned game without much content.
Do not buy it.",False,16,294
"Was a good game,just needs some work,and it will be good enough,debugged,and ready for people to love,its not worth the 10 dollars,but i was good when i first got it,just needs to be better,i would recommend it if you have extra money,all the game needs is work,to debug some stuff,add some stuff,and become a great game.",True,0,975
"Spacebase DF-9… oh boy, what a backstory this game has… It started as a humble pitch in Amnesia Fortnight 2012, and the idea got enough votes to be made into a playable prototype in just 14 days. Not only that, it even got greenlighted to be made into a full game. So far so good. The game went into Steam Early Access, which is something I am always skeptical about, but as long as the game eventually gets fully released, I don’t really mind. But suddenly, the developers pulled the plug, and magically the game was finished and out of Early Access. What sorcery was this? Obviously, the game was still unfinished, with some crap responses from the publisher. To make matters worse, they released the source code, a middle finger saying that the community can and should finish the job.
Now, to be fair, it’s a sad story, but in the end what matters is the game itself right? Well, it’s a space management title, a genre I’m not really a fan of. But alright. The game starts with you picking a location to build a base, which basically acts as a difficulty select screen. Ok. It even has a special one designed to be a tutorial. Ok. Let’s try the tutorial then. I managed to complete it, and immediately saw how clunky it is to play. Navigation between menus is a mess and time consuming. After the tutorial things get worse. Plenty of times the crew members just ignore your orders or take forever to do anything. At this point I almost gave up on the game, but there is an unofficial community patch that essentially fixes a lot of bugs and adds some more features.
That patch is the supposed community salvation for the game, but even that one seems abandoned. Still, props for the people that spent time trying to fix and finish this mess of a game. Truth be said that patch really improves the overall experience, and I managed to play some playthroughs for a few hours this time. Unfortunately, the crappy foundation is still there, and it’s just a meh game. In the end, I just cannot recommend this: official release is unfinished, crappy publisher decision and PR, and even the community can’t save this disaster. While it is playable with the unofficial patch, I still didn’t like Spacebase DF-9. It’s just an average space management title, and there are way better titles in the genre that deserve more of your time and money.",False,33,926
"Developers abandoned game, fan continuation is abandoned. Unless it's for a dollar or less AVOID THIS GAME. Posting this now to help keep people from getting fooled.",False,50,137
"Abandoned game.
Do not buy it.",False,14,75
"Great 2D space base builder game that you will have some fun with at first but then you realise the game has a number of flaws that need fixed as the AI can be a little buggy most of the time and this can cause you to lose the game a no fault of your own, also it could do with some extra features, such as more research options, spaceport, trade centre, games room, command centre, cloning centre to make your own crew and even a school to help sculpt your crews abilities etc just to allow you to do more in the game.

Characters in the game appear amusing and the game has a lot of potential for fun but sadly just as you get into it some crazed mad max of space redneck comes along and ravages your space port. That and the buggy AI where crew will just start acting with no priorities or just the opposite of what you expect them to do.

Game also needs better ways to defend against asteroids and raiders as found I could be playing and suddenly been hit with 3 raider ships, only to just beat them off to be left with minimal crew who them decide to loose the will to live and then some asteroid impacts the base and you cannot repair anything in time to be raided again with another raider attack and each level will usually end the exact same way each time.",True,1,715
"This game can't be won. You can't save and load progress. You can go only as far as as a nice base before the base is destroyed by huge waves of raiders (about 60 super raiders on 50 citizens). Don't bother, not worth it.",False,2,778
"--I got this game from a Humble Bundle and played it without knowing anything about the game. It is NOT worth the~ 8€ they are currently asking for in the shop. --

I had a few hours of fun with it. It tries to capture the charme of a game made 30 years ago and in some parts this works very well. There are enough little details and animations so the space station feels alive. Events like appearing spaceships and raiders are a fun at first but become repetitive after just 5h of gameplay. 

Sadly you can tell the game was never finished. I thought i was playing another Gamejam project and i thought wow this is quite impressive :). 

For example even the most basic stuff like building a room can be quite annoying and complicated. Citizens don't react to enemy fire while in space and the needed defensive turrets can only be placed facing north and east while the attack came from south. Sometimes weird and fun stuff happens but no gamebreaking bugs yet...",True,3,304
"Good lord, I just don't even. In the beginning it seems like a really nice looking game with a supposed slick manner of progressing the game.
Then you realize how dumb people are. How impossible it is to bother with raiders, and even fires. Why can't one of the dumb af crew just grab a fire extinguisher from the other room? Why can't I prioritize fighting raiders? Why is there so little control in a colony game?
If I'd have made this game I'd be deadly embarrassed. What an awful game.
On top of that, it's been abandoned. A good reminder why Double Fine studios should pack their bags and leave the gaming world permanently. How dare they still spread this game.",False,6,153
"Appeared in my steam library after redeeming a different game from DF's Humble Bundle (did not use the code I was given, this just showed up out of nowhere). Decided to try it despite the negative reviews, and my partial dislike of management games. Immediately saw why it had negative reviews.
Never even got past the damn tutorial. UI is a bit confusing to me but I can partially blame myself tbh; I have a bit of a smooth brain :P
The music is alright though, I'll give it that. There's a dozen different space management building games out there, buy one of those instead of this one.
Overall 1/5. Not DF's greatest work tbf.",False,9,15
"Ah Double Fine, company of ""how do we manage consistently getting more money than almost any other indie dev only to squander it"" Seriously, they make some good stuff here and there but ♥♥♥♥♥♥♥♥♥ they just do not care sometimes, and this is the best example of that. They took advantage of Early Access and dumped it by the way side as soon as profits slowed from this game. They knew full well this game couldn't be remotely considered done, and they left it anyway. Cause that's what they do, make a good game, then make a few mediocre ones, then just unfininished schlock. Then they get money from everybody to start the cycle over, with increasingly high costs for increasingly low quality.

It speaks volumes that they did a bad enough job that I decided on a lark after playing a different game of their's to finally review this, and *BOOM*, suddenly paragraph of vitriol over a game I haven't cared about in years.",False,22,569
"Almost good. Everything is there for an enjoyable base-builder survival game. But the interface and menu is unintuitive, and I keep getting more colonists, even though I don't want them. I have never had enough beds for everyone, because they don't stop joining my colony, even if I don't want them.",False,3,245
♥♥♥♥ double fine.,False,9,284
"I've bought this game around 4 years ago, but I was Very wrong about this game; i filled with flaws and really bad executed things, the only good thing of this game is the idea at the base.
During all of the period that I had the game, no changes were made and it still in it's original form.
The game can be interesting in the first hour or two, but than it becomes really really repetitive and boring.
DON'T WASTE YOUR TIME AND YOUR MONEY ON THIS GAME; is probably the WORST game that I've ever played in my entire life.",False,3,465
"[h1] DO NOT BUY THIS GAME [/h1]

Don't play this game. You have been warned, the [b]developer has abandon this game[/b] long time ago, community patch has no sign improving. Play [url=https://store.steampowered.com/app/979110/Space_Haven/]space haven[/url] instead.",False,25,513
"This game is rather infamous for Double-Fine going early access with this and then when they ran out of money, promptly abandoned it. Abandoning a game and leaving it to the modders to finish it is now called ""Space-Basing."" It's a trope namer.",False,46,1075
"Unfinished game... this came in a Humble Bundle so no refund.
This is one of those greatest mistake moments for Double Fine Productions.
If you are looking for a space station builder/management game, look elsewhere.
Overwhelmingly Negative, thats an understatement...",False,7,156
"This unfinished game shouldn't be present on the store.

Go see Space Haven which is a clone.",False,8,121
"At first I thought the game looked fun and It was for a while, gave me a feeling kind of like FTL and it was pretty good. 
My problems with it are that it can go from doing really good to all your guys are dead in about a minute. A random raider attack with 5 raiders all with lazer guns and your security team dies almost instantly. You can't edit or upgrade what weapons your guys have without researching new weapons and researching takes forever especially while you are trying to keep more than 5 people alive at a time. If you have more than 1 thing set to build at a time, you can't tell your builders to focus on one project over another. My builders would 1/2 build a room and then go off to do something else when I just want to get my medic room finished to heal my sick and injured characters, that's when they decide to build my cabinets or have a lunch break. FINISH THE DAMN WALL!!!! 
I think the most civilians I had were 13 but, they had illnesses, some getting killed by a parasite and then right after a raider attack killed the rest all within about 3 minutes. 
As many others have said the game is unfinished and forgotten about by Doublefine. I thought I was just stuck in the tutorial forever but, it seems that's the whole game. the game could have been really cool, too bad Doublefine saw something newer and shinier to pay more attention to...",False,2,710
lol. Never finished. :D,False,1,377
"Space Base DF-9 is probably one if the worst scams on steam. The game was never finished and it still is ♥♥♥♥♥♥ in its current form. 

After choosing a location on the map your 3 crewmen spawn near your pod, the game doesn't try at all to tell you what to do and your oxygen is slowly decreasing over time. If you somehow figure out what your doing and somehow build an airlock and a life support, your might run into a problem like I had where one of my crewmen refused to get into the station. 

This game has probably the worst camera angle ever. It becomes hard to place objects smartly when everything is covered up by something else. A basebuilding game shouldn't have the same camera as fallout 1 and 2.  

After your colony gets started you will start to get messages from NPCs asking to join your colony, While other basebuilding games like rimworld and ONI will allow to look at the traits of a colonist before they join you, Space Base just lets you see that NPC's gross face. 

Sometimes a derelict ship will appear some where on the map. If you send a security team to explore the ship and there is a hostile alien on board, most of the time the security team will not do anything and just stand there as they get killed. This is as far I've gotten in this ♥♥♥♥ game. 

In conclusion Spacebase DF-9 is a hyper ♥♥♥♥♥♥ game and a waste of $10, It is probably smarter to get 10 copies of save Jesus, because then you might get some enjoyment out of your friends reactions when they see a gift of save Jesus.",False,3,141
Game was left unfinished.,False,11,187
"DO NOT BUY - Buy the newer ""space haven"" game on steam, looks like what this was meant to be, and by trustable devs too!

It's unfinished (yes they literally just silently went from ""early access"" to a ""finished"" product, that doesnt count).
The code is so buggy, many times inhabitants do random things rather than what you ask.
DOUBLE FINE can no longer be trusted as developers IMO. I really liked this game and it had so much potential, but they just didnt bother to fix and finish it.",False,2,225
Literally a scam.,False,1,259
"It really feels and looks unfinished. Shame, it could've been good",False,0,446
"An unfinished mess.

Had potential mine you.",False,0,851
"Go play Space Haven.

Df9  is hot garbage, that was dropped like hot garbage.",False,1,752
"bit late but this game had so much potential and i loved it back in the day, the devs have completely abandoned this game, and therefore i would not recommend purchasing this",False,1,1503
"Haven't played in forever, but it was a promising game to get behind. Developer essentially took it behind the barn to kill it off though, and never came up with the final product. Sadness.",False,0,4245
"Abandoned. They basically gave up, and teamed up with a new dev, to create Space Haven. Which is literally a copy paste of this.",False,1,252
"Incomplete and abandoned, do not buy.",False,1,223
lol,False,1,158
Was fun but it was never fully cooked.,False,4,649
Unfinished and abandoned. Buggy as an abandoned house. A great shame as the premis is vey good just let down by the developers.,False,2,722
"Dont buy this, for the love of god its not worth 99 cents. i expected to at least enjoy what they had made before abandoning it, but no game lasts longer than an hour because everyone just starts dropping dead and will get severely depressed. Nobody does their jobs after a certain point, meaning everything youve done has gone to waste and as far as i can tell theres no way to fix the bug. Just for the love of Gabe dont make the same mistake i did.",False,8,310
Would have been better if it was finished and not abandoned.,False,0,767
"Man, I bought this a while ago. I remember when I was a kid, full of spunk and vigour, wanting to play a space game where you made a station... then I grew up real quick and played this and suddenly it fills me with the urge to go back in time and ""teach"" my younger self a lesson... with a revolver... 

Jokes aside, this game is fun at the start but with nothing to do, you find yourself getting bored real easy. I heard it was abandoned a while back so meh, whatever.",False,0,324
Abandonware from outer space.,False,0,823
"Essentially abandoned in early access, which was probably the publisher's intention from the start.",False,1,355
"If its on sale its OK, but your pretty much done with it in 2 hours. It feels very unfinished, its full of glitches and some gamebreaking bugs. 
Good example of whats wrong with the entire game industrie: Release unfinished crap, (make empty promisses), move on to the next project, repeat.",False,0,470
"This game looks great on the surface and in the ideas they threw together in the planning stages, but execution is incomplete and lacking in real effort. Double Fine decided to release it as a completed game in order to fill out their repertoire of games, but THIS IS NOT A FINISHED GAME. I cannot recommend this game.",False,1,176
"Neat little game. Nothing much, not worth a full price purchase but definitely good if you want a cheap knockoff of Rimworld's various in-space mods.

4/10, would play if bored, but wouldn't suggest burning any more than $5 on it.",True,0,315
No instructions,False,0,181
"I must preface this with the fact that I do like the game. It is a cute little sim. However, the game is clearly unfinished. It is rather buggy which makes it difficult to play. There are no clear directions. The controls aren't user friendly. Sometimes you just gotta guess what's wrong. Most of the time it's not something you can fix and you just have to watch everyone on your base suffocate because the game decided you don't have air anymore, or despite knowing how to fix the problem none of your citizens respond to your directions anymore so you just gotta restart.

I love most of Double Fine's other games. I wish they would just finish this one.",False,4,1244
Not bad for $10.,True,0,392
It is a fun game.  I'm not sure what else to say.,True,0,3885
Abandoned and unfinished.,False,1,238
Basically doesn't work at all. Complete trash.,False,3,359
"This really should not still be for sale.

**Edit 2023: Super really should not be for sale...",False,3,962
"2/10
This game is meh, if you can get a base going without all your people dying then its ok but 6 out of 10 times you die before your base is built.",False,1,757
"I had this game for many years, including before it was abandoned. this game may NOT be good to most of you but it sets an example on how abandoned games like Spacebase-DF9 can be great but would suck with no updates, but you can get your own updates from mods that most people are still continueing to make.",True,2,5013
"Unfortunately abandoned unfinished. Could be good, however in the current state lacks of basic management tools, priority queue is missing, few content, AI is lazy (population was idle most of time), lots of bugs (e.g all my crew was killed trying disassembling my own turret gun. Or even, you can sealed the air in the room without sealing the doors.!?!?
Sorry Steve, you died with air decompression blast for your own sake).

Can't recommend.",False,1,598
"Fun, themehospital in space. downloading and replaying while I wait for spacehaven",True,1,4511
dont buy this - it's so glitchy that it isn't playable.,False,2,975
Abandoned and unfinished. I have not bought a Double Fine game since.,False,32,62
"7/10 

don,t understand the negative reviews",True,0,2676
"No point in playing. The user experience is not finished, so frustrating I just stopped early on.",False,1,8
"Honestly I lost all respect for Double Fine over this game. They released the game as game as ""early access"" then abandoned it after they took a bunch of people's money. What little playtime the game has is heavily buggy. 

Trash move from a trash company.",False,8,1140
"Unfinished game, should not even be sold.",False,3,117
"It's a cute looking game, but the difficulty of constantly fighting with a behind-the-scenes AI is just too much to be enjoyable. Half the game is just a guessing game. Losing so much time to setting everyone to Security then back to their proper jobs and then five seconds later doing it all over again. Being stuck on derelict ships because they refuse to leave while they suffocate or burn to death. A single Raider climbing on your ship and three-shotting all your generators. Turrets blowing holes in your own walls and the resulting Builder running into the room and being sucked out into space. A whole roster of Technicians not being able to repair everything so you have to just dismantle and rebuild anything that gets too damaged. Crew members fighting even though they're Very Happy. Even when you pick a region that should have the lowest difficulty, it feels a lot like trying to do a Zergling rush in StarCraft II but you go to attack and Terran already have upgraded tanks. It's an interesting base-building game that borrows a lot from Sims, Dwarf Fortress, and Rogue-likes, but falls flat on its face with poor control, glitches, hidden mechanics, and terrible balance.",False,6,1221
"Fun, but can be frustrating & buggy at times",True,3,4371
nope,False,2,1018
time well spent,True,2,929
"Game was abandoned by developers. Some others got a hold of the code and made it better. Then they abandoned it. So, while a very fun game to play do not purchase it expecting a fully fleshed out and completed game. I also highly recommend looking into the third party produced enhancements it makes the game much better.",False,29,17320
"It's barely even a beta. They took the preorder money, spat out a barely functional game with almost no actual content and ran away.",False,12,1054
Abandoned unfinished game. A good example of why it's never a good idea to buy games when they're still in early access.,False,9,202
Why is this game still being sold?,False,29,1109
"It's abandonned and glitchy, has a steep learning curve and isn't actually finished.
Avoid it, unless you hardcore need something new to play. Pay as little as you can for it, if so.
There ARE some user patches after 1.06 at spacebasehub.net, but I just installed them now to try them, I don't know what effect they have on gameplay yet, but I highly doubt they solve everything. For the average person, this game will only be an excersize in frustration. Too slow paced for the content to keep you interested, and too fast paced for you to figure out what's going before you just die.

*edit* ok so I'm running the usermade unnofficial patch 1.08.1 It DOES help with quite a few things, namely a lack of content, but also some major glitches. HOWEVER things are handled a bit differently, particularly in the security area. And there's a game crashing glitch with the way it's done, so be careful how you manage your security. There is apparently a 1.09 coming eventually, which will likely address this, but it's not a hurry and will be the last. I understand why. I still don't recommend this for any one looking for a casual game, it's just not... all there. and it won't hold your hand until you figure it out. You're going to fail, a lot. If you're willing to zerg your way to success, you'll enjoy this, and only if you spent less than $3 on it.

Edit: 1.09 is out and solves a lot. It's still a little glitchy but the save system is upgraded and most of the issues are minor. None CTD anymore. It's playable and enjoyable in its current state, Not perfect, but fun.",True,0,14205
"Buggy and abandoned by it's developers, the game is not unplayable but there are probably better space survival games out there.",False,6,108
"made a terrible mistake with this one, listen to the warnings.",False,8,245
"Standard stuff. Got this a while back in alpha, DF decided to abandon it and left it the shell that could have been.

Shame really.

Don't waste your time with this or any DF alphas.",False,13,541
"Learning curve can be STEEP! Too easy to click on the ""Learn to Play"" option and have it totally wipe your base and put you into a tutorial base. You can be going strong, huge base, well-trained people, and then ONE raider can walk in with a phazer rifle and mow down half of your crew, damage your reactors and send the survivors into a panic state. START RESEARCHING EARLY!!! Despite all this, I found it incredibly hard to stop playing. Needs a better save system though and a more handy ""how to"" referral guide, rather than a hotlink to a tutorial mission that wipes out your progress.",True,4,852
its a solid fun game,True,1,304
Why? Why does this game exist? because I feel that it exists to torture humanity,False,1,679
"Very slow
But interesting",True,1,14178
Abandoned.. 80% completed.. player community having to patch and finish what the Devs would/did not do.,False,19,1195
Devs have abandoned the game. The community has kept it up a bit but as far as I know they stopped in 2018. I really like the game and the foundation Double Fine has laid out but I still don't know why they abandoned it.,False,6,1929
Rushed and abandoned in favour of Gang Beasts. Game was in a buggy sorry state once 'completed' do not buy this. It had potential and was more or less shelved after everyone gave their kickstarter money in.,False,5,2326
I like the idea of Spacebase. I wish the game made it to the finale version. Sadly it did not. Game has lots problems. Guess i have learned my lesson for buying an early release.,False,3,515
even though abandoned and unfinished still offers a enjoyable exprience but limited content means there is little to do,True,8,141
"absolute disaster of a game that had a lot of potential and was, for what its worth, fun. the dev studio should be ashamed at how they managed this.",False,3,1158
"Double Fine used to be my favorite company until this. They cheated people and still have the nerve to continue selling it. They even kept it under Early Access to show how little they care after screwing us. If you want a good example of double fines moral fiber, this game is it.",False,36,736
"i bought this game early on and it had a lot of potential but was sadly abandoned by Double Fine.
Sure it was a business decision, but still sad.

Can't recommend, it's unfinished and officirally abandoned.",False,30,808
It's trash ........................,False,0,503
"A horrid buggy mess that's been abandoned and left to decompose. 

2/10 - shame  on you, DF.",False,17,2092
Could have been great if Double Fine Productions hadn't abandoned it.,False,0,179
"Unfinished, had potential but was dropped far too early by DF.

Do not buy.",False,0,537
"This game doesn't work at all, all you can play is the tutorial and even that doesn't work properly i wish i could just never downloaded it it was a waste of time. And i got it for free.",False,0,8
Not going to waste further effort besides; this game is at least part of why steam refund came to be.,False,0,45
"even tho the game is a little buggy, its worth 7 hours at least, and i had a good time playing it.",True,0,458
"I really liked the game.
I mean it's broken as is and there's no tutorial and you gotta figure it out as you go.
Other than that, once you get the hang of it, it's fun.
Maddening fun. Really tough balance. Plus it's a downward spiral once things start happening, especially balancing inhabitants mood swings. 
I shouldn't like it, but i do.
It's a style of game I like and it does enough right to keep me coming back.
Excited to see the progress the new team makes with it.",True,12,1778
extremely buggy,False,3,813
"I bought this game back around 2015-ish and logged a lot of offline hours.  

Understanding that the Dev team has abandoned the project, I never had any expectations for future releases or features and just played the game as it was.  This game is by no means a great example of a colony sim, and there are dozens of better games that have released in the past few years that make this game obsolete. (Rimworld, Prison Architect, Oxygen not Included, etc...). 

However, for the current price of $10, given the years of hard work that has been put into developing this game (and that is still being put into this game) by a group of independent modders that go by ""Derelict Games"", I think you should still consider grabbing a copy if you find yourself in need of a game to fill that colony sim itch.  I've personally always enjoyed playing the game.",True,0,1063
good,True,0,1136
"I want my money and 68 hours back from this absolute fiasco. I expected better from you, Double Fine.",False,1,4116
"Broken. Buggy. Incomplete ... *** Broken. Buggy. Incomplete ...  *** This message will repeat *** Broken. Buggy. Incomplete ...  *** Broken. Buggy. Incomplete ... 

Don't buy.",False,8,22
"The game is broken, too many bugs, was fun while it lasted.",False,2,3296
This game is dead and not at all worth your time. An early example of the failures of Steam Early Access.,False,4,99
great game very fun for casual or serious play,True,1,1082
"Incredibly buggy and frustrating - you can't directly control units, so enjoy watching them run around in circles dying instead of coming inside your base to breathe.",False,3,771
I don't recommend this game.,False,6,19
"It's a fun and enjoyable game, with plenty of challenge which isn't overly difficult.",True,0,412
"this game does not work, extream bugs make it unplayable",False,2,854
Wasted Money,False,2,33
its ight,True,0,455
doublefine can suck one. Thankfully the community has better devs than you guys. only recommending because of what the community is doing.,True,19,518
"It had potential and suprisingly is STILL listed as EA.

For anyone that runs across this.

http://spacebasehub.net/

https://sourceforge.net/projects/spacebase-df9-unofficial-patch/",False,16,1770
"I bought this game when it came out, and had high hopes for it. It was chugging along just fine for a while, updates were happening, then suddenly, NOTHING.

No explanation, just abandonment.

I had expected more from this company than total silence and abandonment.

Since then, I have never bought a Double Fine game and I urge everyone else to boycott this company that treats its customers like garbage. I also took note of the devs and have nothing to do with them if they go to, or found new companies.

EDIT: Reason for posting in 2019, going through my entire library and writing reviews for exceptionally bad or good games.",False,6,2876
I bought this when I was young and stupid,False,18,77
"The game was barely playable when it came out, and the updates were so sparse that it had no chance of improving and gathering a greater audience. DoubleFine wanted a pop indie game where they replaced the ""independent developer"" with ""some cash"" and when that idea inevitably collapsed in on itself they pulled the plug. Tim Shaffer himself used the failure to endorse the game's now grotesquely incomplete 1.0 version, which they continue to sell, before he scurried back into the scat-stained crags of Southern California.",False,5,557
"This made me hate Double Fine and I have not purchased a single one of their games since. They abandoned this unfinished game, yet continue to sell it. ♥♥♥♥ you, Tim Schafer. Tim Schafer blocks people on Twitter that point out his name is an anagram for Mr ♥♥♥♥♥♥♥♥ and I think that's funny.",False,10,324
"A Game that had Potential. 
If there was modding it could be perfect, or if it was still updated. 
But unfortunatly this game is just mediocre at best and Unfairly difficult, Ugly and Way too buggy to be worth anything.

It could have been so much more.",False,1,587
Game so good i feel no need to purchase any other game from this studio.,False,19,370
Why did I buy this?,False,6,205
"Wikipedia Sums it up well.

After the release of v1.0 on November 21, 2014, twelve employees were laid off including the programmer and project lead JP LeBreton. On December 16, 2014 Greg Rice posted on the official technical support forums stating that there were no further plans for patches and there was no team assigned to the project. Double Fine officially ended support for Spacebase and abandoned the game in May 2015.",False,29,228
"This game really interesting me as it has this older game feel, however the common theme of comments was this game is not too bad. I purchased the game. I started playing I cheated a little I used You Tube to learn how this game works. This game’s tutorial sucks in my opinion, they need to make like a hints pop up and you can disable when you have learnt what the hell you are doing. I can see this game being one of those you play while you have no more data for the month. #SA Vibes.
I would not purchase this game or DLC’s connected to this game.

Graphics OLD – 2 stars
Gameplay (once you master how things work) 3 stars",False,2,434
"DoubleFine released this as an early access game. Then they decided that they didn't want to finish it and ""released it"", running off with the money. The current state of the game is very early alpha and unplayable.

If they were a small start-up games company that failed, then it'd be kinda understandable. Either way, as an established and supposedly successful company DoubleFine shouldn't have been relying on early access to fund their game (it's also worth noting that they had won funding from The Indie Fund - even though they couldn't really be described as indie devs).

In other words, DoubleFine took funding from Indie devs and money from early access buyers, and in return gave.. Nothing.",False,13,145
"2019 August.
Can confirm that the game is just 0% finished.
Utterly unplayable, menus don't do anything.
When you have two monitors, the secondary monitor will start to flicker.",False,2,493
this the first time 26 cents wasn't worth it.,False,2,5
Unfinished game. Early access scam.,False,7,291
"I wish I hadn't ignored the bad reviews and bought this game purely because it was on sale very cheaply. There's a lot of potential here, but it's all just that - potential, completely unrealised. Literally nothing about this game is satisfying or fun. Even with the community patches the game still doesn't function properly. I restarted over and over, trying to learn how to get the best start, until I finally got a good starter base going with all my colonists fairly well satisfied...only for one of them to arbitrarily go insane and start wrecking everything. Builders float mindlessly in space ignoring tasks until they die, or just mooch around the base playing handheld games while you wait forever for an important construction job to get done. Technicians wander around ignoring broken machinery, or if you're lucky, happen by and repair it in tiny increments of 5% or less before wandering off again. Miners stand in corridors staring at walls while you run out of resources to build with. Security guards stand idly in adjacent rooms while raiders kill your colonists.

Not worth the frustration.",False,11,340
"I bought this, so now I'm not going to buy Psychonauts 2.
Take this Tim Schafer, you ♥♥♥♥!",False,5,409
"Devs who abandon like this make me happy there's an ""Ignore Creator"" option on their page",False,27,637
"DON'T  not even worth 1,22",False,7,153
"just here to tell people that there is an unofficial patch that people can try! I believe it is still being updated every now and again, so if you bought this game and genuinely enjoyed the experience despite it being abandoned by the original devs, please go check it out! (check the steam discussion page for the unofficial patch)",True,10,1149
"Abandoned and pushed out prematurely.
Early access Roadmap was just wiped and Doublefine declared it was gold!

If you want to see what doublefine thinks of customers buy this.... then never buy from them again!",False,15,190
"I'll be honest, this game had a LOT of potential, but ended up as one of the poster children for how early access goes wrong. 

People bought this game as an early access because Double Fine had a great reputation (at the time, anyway) and were promising the moon with it. Unfortunately, development went over-time and over-budget. Eventually, Double Fine just called the current release the final release and released it from the Early Access program, even though it was full of game-breaking bugs and more than half the promised game functions weren't developed yet. 

The devs then had the gall to tell players that it was absolutely fine and to quit their complaining. 

This game is why I will never give a cent to Tim Schafer or Double Fine again. 

Do not buy this game.",False,69,1651
"This game blows. When you're doing well, you never get to fight anyone because no one comes into your base. When you're down on your luck, they send ships full of marauders every few seconds which makes it so you can't possibly keep up, let alone put out the fires and busted stuff they cause. Oh, and in case you're wondering, I chose to set up my base in a place where the threat level was ""Extremely Low"" so I could avoid these issues while I get good at the game.

No wonder it's only $1.50 to get a copy, not to mention that it's only version 1.0 and people were talking about it back in 2014... (5 years ago)",False,9,311
ok,True,1,1317
This right here is why  I will never support games in early access anymore.,False,9,88
"A lesser appreciated title, a challenging game for sure. Once you get started, you have to be fairly attentive with different things. Always keep an eye on new arrivals, sometimes they aren't fresh friendlies. If you see a derelict, salvage it. If everyone dies, try again. Needs work to its core, but I still play it from time to time.",True,1,2541
"Interesting game, But in the end the bugs and unfinished quality leave it flawed.",False,6,662
"I've bought 400 games on Steam over the years, and this is the one I regret buying the most.",False,52,580
Its abandoned,False,15,402
Reviews never lie.,False,2,261
Unfinished game. Even on sale don't bother picking it up.,False,2,422
"Hah, hahaha. no. just avoid this mistake.",False,0,123
"This game is a simple yet well done addition to your library. I've gotten quite a lot of enjoyment out of it and appreciate the simple,  but well done design of it.",True,2,1923
"A great space/spaceship focused game that requires planning/thinking. If you are into this type of game, I highly recommend it.",True,0,211
Seems cool! Kinda like a inspacesimcity-meets-thesims,True,0,29
This game is great if you like games that you control a group and try to survive,True,0,532
Dont bother with this game. It is dead.,False,0,113
Please start building this game again! im starting to get the hang of it! im addicted to this game!,True,0,61
"Incomplete game
The developer decided not to finish it.
DO NOT BUY.",False,0,401
Disappointment. The developer decided not to finish it. Don't buy,False,0,101
An awesome idea that got left behind by the developer. :-(,False,0,463
They left it unfinished. IT's not even really a full game.,False,0,353
"Okay so lets be real up front.. Double Fine dumped this game and ran with the cash. Now that being said this is a pretty fun game. I keep coming back to it. It's quite relaxing. I make up my own challenges and achievements along side the in game ones. It's quite enjoyable as a base building game. I wish they would of polished it more before they abandoned it, however,  for me its paid for itself several times over.",True,0,770
][,False,0,346
"DON'T BUY THIS GAME

-This game had such potential but was never finished by the devs. I've ♥♥♥♥♥♥ around with it for a couple years whenever I install on computers. It's NOT finished nor will it ever be so please don't buy. Only reason would be supporting double fine or looking what not to do for developement. DO NOT BUY.",False,32,249
I really wish I could recommend this game. It was heading into a good direction. Than the developer half way trough production says it's released and abandones it. And now this is used as a cautionary tale of never trust Early access.,False,49,1843
Unfinished,False,0,759
"I think when games get abandoned, they should remove them from the store. I bought this game because it was from Double Fine. I wanted to support them.
I should have just sent them a PayPal donation so this wouldn't be clogging up my library.

edit: Even worse, this game is part of a bundle. 
REMOVE THIS GAME FROM THE STORE AND ALL FUTURE BUNDLES.",False,0,56
"I'm having fun
kinda glitchy tho (raiders shooting ppl through the floor?)
a bit overpriced tbh",True,1,2172
just no,False,0,493
Game sucked.,False,2,212
"This game has a potential. It would be nice game to play if it had been finished. But since then, just make yourself a favour and do not waste your time on it.",False,2,898
Spacebase DF-9 is the reason why I don't buy games in early access anymore.,False,26,183
bad...,False,0,22
"I've played it for a few hours now, had to restart multiple times as I finally learn something that wasn't really explained. I'm still trying to figure out a lot of it. Unfortunently, I don't think I can really recommend the game in its current state. Maybe if it was only a couple bucks, or free. It's a good concept, and it was diverting for a few hours. But with it being abandoned, I just don't think it's worth the cash for it. I'm honestly not sure where I got it, I don't remember buying it, it probably came in a humble bundle or something. If you really like building and planning, it's ok. But there are far better games than this that fit that niche in my opinion.

If the dev's ever come back to it and actually do something with it (unlikely) then I might re-evaluate. For now... meh...",False,5,354
"my eyes were burned from playing this husk of a game, so i could never refund it.",False,0,390
Abandoned.,False,0,1678
"I have to say, steam should remove the game from the store and FINE the authors for failing to update and patch the game that has had ABSOLUTELY zero updates from the company.(last update was when the game first came out)

Now, dont get me wrong. even though this game was......ok....... it was an interesting concept and kinda fun when i did play it. but if the game devolopers are just going to makes games that are not finished and then abandon and hurt, their community; then i have no sympathy for them in the least. they need....are REQUIERED to finish the game to at least a stable and and not so broken to make it at least fun and playable. even though, this game will be negitive i do have to say one thing positive about their abondoned comunity. they have steped up and have tried to make the game playable and fun. If steam doesnt want to remove it, then give the mod authors that are trying to fix the game the right and sales to make it better. the company had abandoned the game. at which point they dont want it anymore.",False,0,2165
"This isn't a game. It's an abandoned, unfinished, early access proof of concept that isn't even halfway done. Buy it if you're not a fan of having money. The best thing to do would be to ask yourself if you would spend the same amount on a literal steaming dog turd, and if the answer is yes, then go for it.",False,5,614
This game is completely unfinished.  Not even half finished.  Why is it even for sale?,False,9,60
The game is abandoned. Here the content is only for a couple of hours.,False,4,1531
This game has a lot of potential but it has too many bugs for me to be able to enjoy it.,False,3,112
Not a fun game,False,0,142
"If this was what the game was like in early access about 2/3rds of the way through development, it would be fine. As is, there are too many bugs, half-finished features, and gaps in instruction.",False,3,73
"Love this game and it seems pretty finished to me as it is. Don't understand what the hate is all about. If anything it can get frustrating because there's still a couple things I'm not clear about, such as setting up proper defenses and sending someone to explore derelicts. But I think it's awesome. This kind of unnecessary negative feedback just demotivates developers IMO. It's a cheap game. Take it for what it is or leave it and move on to a game you like instead of whining so much.",True,3,327
"Just like everyone else said, the game is unplayable",False,6,266
"I bought this product without so much looking at the reviews. My fault. It is unfinished and lacks everything you'd expect from a game. The only positive about this game is the fans, who programmed the unofficial patches (currently V1.08.1 available on [url=http://spacebasehub.net/]spacebasehub.net[/url].

You need to have balls to continue to sell this product in it's state.",False,41,225
Unfinished Double Fine game that will never be continued.,False,6,465
Incomplete trash,False,7,48
"abandoned by devs, incomplete, buggy",False,9,1138
its not finished,False,6,1529
this game shouldn't be for sale.,False,10,1188
Bad,False,4,685
"This is 50% of a good game.

Too bad the Dev's Abandoned it and left us with half of a game.

Do not buy.

So the code was released and there was a bit of fan driven work done on the game.
These fixes are cool and make the game a little more complete but don't think that this makes the game worth buying now.  This extra stuff is more so that the people who already got ripped off get a little fun out of it.

Do not buy.",False,24,640
Abandonware,False,8,119
Abandonware,False,4,19
"To be short, it was an incredibly promising and interesting game concept that ended up getting abandoned before it could actually grow into a full fledged game. I don't understand why it is still being sold when it is essentially abandonware.

It's a real shame, because it looks pretty gorgeous and the few mechanics that it has are really well-executed.",False,6,81
"While the game has been abandoned, which means no more patches. I find myself loving this game. It's sortva like X-com, but with a lot more chances for things to get you killed, which is what makes it fun. You WILL loss people, that is 100% certain, but they I rarely found myself on the actual loosing side of the game. Sadly you cannot save without quitting, which tbh hasn't affected the experience that much for me. If you ignore the fact it was abandoned and give a shot, you will realize it's actually a good game that just had a bad fate. 
+X-com-like experience
+Hours of randomly generated fun
- Can be quite punishing at times, depends on your luck and how well-made your base is.
-Must quit to save
Final: 7/10 Give it a shot.",True,4,2691
abandonware,False,10,805
"Fundamentally it is just broken and abandoned sadly.

Edit: frankly, I'm surprised it is even available for sale on the store?! Steam know full well this is not going to be fixed...
It is like a bus company offering fares to destinations but everyone knows it will only take you halfway and boot you out?!",False,4,912
"Just go buy Space Haven, it's a new game being developed and is much better already..",False,9,419
"When I backed this, I had no idea that Double Fine's Tim Schafer had such a record in the industry for chronic mismanagement. I also had no idea that his development plan was *entirely contingent* on the absurdly optimistic presumption that this game would equal the financial backing of Prison Architect, one of the most successful projects ever to be released through Steam's Early Access program (by a studio which, it must also be said, allocated funds cautiously and responsibly, rather than haemorrhaging cash with nothing to show for it).

The fact that they splurged all their funding without coming close to completing the game would be bad enough, but the insult of slapping a 1.0 on an unfinished project (and the ludicrous claim by Schafer that he actually considers the game complete) is a kick in the teeth. Make no mistake - this is a deeply unsatisfying, barely playable mess, and to sell it under the pretence of having finished development is as shameless as it is reprehensible. More galling, there was clear potential for an excellent game here, so abandoning development wasn't merely an act of utter disregard for those of us who supported it, but also a foolish lost opportunity.

Not only should you *not even consider* buying this, but you shouldn't buy *anything* from a studio that treats its customers with such contempt.",False,51,115
"This game had fantastic promise, and was a lot of fun given it's stage of development. There were some derpy pathing and AI issues, and a handful of glitches, but nothing that was a major game breaker. But that was it. Development stopped completely. It's quite offensive that this game is still for sale with no indication that anything has happened for years. Can't recommend.",False,7,2857
"This game has a ton of promise, but Double Fine just bailed on it and called it done. They offered a free copy of a different game to those that bought early, which was nice as a mea culpa, but if you're still considering it now, there's nothing in it, just an alpha product that will, at best, leave you wishing for something more. Clearly talented people worked on it, and there's a lot to like, but that doesn't make it any fun in its present and final state.",False,5,65
"DO NOT BUY THIS GAME!! It was never completed and abandoned by the devs when they had enough money from early access.  Its is broken, buggy as hell and really not very enjoyable.  It should be removed from steam because it's a con so don't be fooled into it.",False,29,1183
"Don't bother wasting your money, the developer doesn't care about the game or investing any time into it",False,6,2352
"Bought this years ago when it came out, I dread to think how much I paid but I remember it being a considerable amount for an early access game back then. As others have said it was updated consistently for a while, with the updates not really fixing the bugs and usually creating more. It has obviously been abandoned now like so many others, there should really be something put in place for people to get their money back.",False,4,236
"Double Fine abandoned this game many years ago. I was lucky and got it on discount. 

Just don't buy this game regardless of price don't give the asses at Double Fine and money.

If you're really REALLY sure you want to buy a 10% completed mess, there is a unoffical patch that you can download for free. It improves a number of things.",False,6,3685
"Seems interesting so far, and i didn't run into any major bugs... The only things that felt missing were a few QoL features, but i managed okay without them.

Will update this review if i need to, but i'm enjoying the building+managing+researching+chance-taking in this game. Even if people complain it's abandoned, it felt engaging and entertaining. Maybe this genre is not for everyone?",True,10,1732
POS Developers that enjoy walking out on projects half-ass finished. IMO they didn't deserve my money when I bought it and shouldn't be allowed to sell games ANY WHERE EVER AGAIN.,False,6,528
"I couldn't do anything with it, so not really a game.",False,4,196
"Quirky little concept of a game. It was entertaining for a couple hours despite the bugs. Can't endorse it though, as the devs threw it out the window completely but are still selling the dumpsterfire.  2/10 for wasted potential, for shame doublefine. Go buy rimworld instead, or hell, even startopia.",False,10,737
"Tim Schafer is a hack. This project got through their ""internal greenlight system"". Then they made it into early access.

He later only left the game with one dev and after some time just abandoned it. He just ran with the customers money. THIEF

Its and unfinished garbage that will never be finished. He should have made the game open source. Its very well known that their ""fans"" make better games than them. They always end up taking up ♥♥♥♥♥♥ game ideas into their ♥♥♥♥♥♥ company.

Thank god they stopped all that stupidity and are focusing on a single game now",False,7,144
"Long since abandoned, and sadly was ""Rushed to release"" and basically we were told ""If you want to fix it, you all can try, we are done working on it.""",False,14,129
"Fun game for like 30 minietes tha game was abandon long ago, like 2015. There are way better space games out there. Meeple Station seems to b every similar.",False,6,1144
Abandonware. I don't care how cheap it is or will get; give your money to a better developer.,False,23,49
no,False,2,191
"So this is one of those times where I should have read the reviews. And believed them.

It's an ok game and if it had a creative mode (i.e. no random fighting of raiders or staff), it would probably be ok. But any time there's fighting, you literally have to fight to get the AI NPCs to go where you want them to go and do things. Of course you're fighting that anyway for all the other aspects.

It's all the headache of colony management and none of the rewards.",False,5,344
"Why is this game still not removed from the steam store ?

it was abandoned, unfinished, bugs everywhere, can't progress, and yet here we are, still with a price tag for people to buy it...

Don't fall into the scam, it's overwhelming for a reason, don't buy it.",False,5,6
"I bought this game when it first hit early access. Despite being a larger studio, the developers abandoned it.",False,7,329
"This game has been dead since its ""release"" and no amount of community patches can ever bring it to life. There's just not enough of a game to patch.",False,6,316
Yet another hard lesson about why I shouldn't buy early access games. My games list has started to become a graveyard of half finsihed games. I trusted these developers and wanted to give them money to help them. Now I just feel dumb.,False,3,115
I thought this game was really fun although it is a bit weird I really enjoy the mechanics in this game :),True,0,2364
"So much potential but it was never finished. Don't buy this..

I see a lot of reviews recommending this game because a different team is putting out unofficial patches for this game. I mean thats cool and all, but don't reward the developers that abandoned the game with your money. 

Pirate this game and play it with the unoffical patches if you desperately want to.",False,1,262
"I bought this game when it was in early access.

It had such great potential until they just abandoned it. 

The gameplay was fun although sometimes perplexing. The pirates could just do whatever they wanted to do and the space parasite(?) was (at least for me) super random. I would look at someone and they would not be infected, about 2 seconds later a space parasite would burst out of them.

Such great potentail...Oh well.",False,0,3098
never finished.,False,2,634
"It's a shame, because I actually enjoyed this a lot when I played it a couple of years ago, as everyone else has said though it's been completely abandonned (for a long time), so I wouldn't recommend buying it. 

That said, if you own it anyway, it can be fun to mess around with for an afternoon if you have nothing better to do. 

This is one of those games I do genuinely wish they'd come back and fix. 

If they'd allow someone to take over and continuing making it (for all future profits), and someone does, then I'd also really like it. Sadly that will never happen.",False,1,1472
"I know I'm late to the party, but I just got around to try this.
While there is some sort of fun to be had for periods of time, that never lasts long.
After dying relatively quickly the first four times, I had at least developed some sense of what was supposed to be what and thus managed to hold out for a while, expanding my base.
But after that (not too long) while it became apparent that there was not much content left to explore.
Shortly afterwards a horde of 45 Raiders came by to eradicate my 17 fledgling space-pioneers, with no way to get around it.

In short:
Hard to figure out, boring once you figured, frustrating overall.
Really don't buy.",False,19,313
Abandone all hope ye who enter here.  Abandonware...,False,6,327
"Nope, just nope. Save your monies.",False,1,345
"If you wish to have a great little escape for a few hours this game is great. I may only have nine hours in this game but I keep coming back to it. Albeit for thirty minutes at a time. Do not buy this game hoping for something it isn't, it is not finished and it never will be. It is still playable, just do not spend money on this hoping for something fantastic.",True,4,582
"A buggy, unfulfilling experience; The bare bones of a space station building game with pretty much nothing beyond basic management. Characters do not develop or become interesting. Mechanics are unclear and unexplained; and Management tools are non-existant, so good luck working out what is going wrong when something does go wrong. And something will go wrong (because of pathing, collision detection, the base having invisible holes). A few hours of base setup game, that will ultimately leave you wondering where the other three quarters of the game are. Not worth the price tag unless your time is worthless.",False,4,858
This game crashes constantly. Unplayable. Would be a good game if it actually ran.,False,3,78
"I owned this game since it was in EA (I got it on sale) and never installed it, after it was cancelled I forgot about it. Then I ran across it in my library again so decided to install it. After giving it 13 hours here is my assessment.

Pro:
1- Functional but buggy, Its a decent time waster if you install the unofficial patches.
2- Rogue-like (ish) (if you like that sort of thing) its not specifically marketed that way but it has the unforgiving hallmarks of said genre, things can cascade from ""No Problem"" to ""Your Last Colonist was just sucked out into space"" becuase of battle damage leaving a hole in your station that you cant seal off and cant repair becuase there are raiders rampaging in your base, your airlocks are all broke and the doors leading to the hole have all been wrecked by the 7th or 8th raider team. This doesnt appear to be due to a bug but its hard to tell
3- I got my money's worth, I tend to have a $1 per 1hr of entertainment rule on purchases, im at 13 hours and I got it for $5 so even at full price it would have met my standards
4- Has some interesting elements and random events but you get pretty good at figuring out which are the good and which are the bad and how to avoid them

The Cons:
1-Buggy, security wont always explore derelicts properly, They will sometimes continue to target an incapacitated crewmate who you had them knock out while they were rampaging and many many others I cant even list them all here
2- Abandonware/Cancelled at this point even the team that was putting out the unofficial patches and upates has abandoned it. It is what it is and it will never change. 
3- gives you a look at what might have been with proper support and development which leaves it feeling unsatisfying


TL;DR if you are looking to waste an afternoon watching station after station get destroyed after you spent hours building it up, if you are the kind who enjoys walling sims up and letting them die, you can do that here too, you can even vent the oxygen from the room if you want. If all that appeals to you AND You get it on sale, it will scratch an itch for at most one afternoon

I cannot recommend it due to the fact that its utterly abandoned and has been for several years. I can see what it might have been with proper support however and it would have been fun.",False,12,837
"No, never completed by developers.  Any (if any) products they develop in the future should be boycotted.  Just another example of mismanagement.",False,4,659
"Ok so I did kill a lot of hours playing this game, and I don't hate it. The game has some really nice qualities, and some real depth to it. But it is enormously frustrating! The AI is, well, stupid. I've seen much older titles of the genre with far better AI. A game of this genre should have better AI!",False,4,5396
This game was extremely fun and challenging. I can't wait to see what they decide to do with it next.,True,0,2709
"This game has been for awhile now one of the many gems i would go back to time and time again.

ok sure its not completed and it probably never will be. however despite all that this game and its potential for more while frustrating at times is still unmistakably amazing.

The devs did release the code and there was an unofficial patch which made it even more enjoyable. however the downside is with all its potential its not completed 

crafty buildy games are my jam and add survival in space you hit the jackpot but i still would only give it a 4/5 even though i really wanna give it five only for the lack of finishing the game.

I really wish they would pick this game back up and work on it!!",True,3,7660
"One of the many abandoned Early Access scams out there. I so wish I never paid full price for this piece of crap when I did. Damage is done, this game stopped rolling updates about 3-4 Years ago as the hype for it was building. My Advice, ignore this piece of garbage and check out Rimworld, a much better sci fi simulator.",False,32,111
This was a ♥♥♥♥♥♥♥ scam and was canceled. Do not ever trust this publisher.,False,6,428
"Double Fine completely dumped this game, without issuing any type of notice or appology. This is an incomplete, albiet fun, game that needed to be finished for all the other players who bought this half-game. Don't buy this game, it's an abandoned early access title.",False,15,561
"A dead game that developers gave up on.
I then got banned from their twitch chat when I tried to ask what happened.",False,8,423
"Has a cool, solid core idea that could've worked well but was abandonned. Don't buy unless you're not money concious and it's on sale.",False,6,148
"To understand why this game is so widely panned, it's important to know that it was originally sold as early access and was unexpectedly cancelled. I don't blame Double Fine for this - they were self-funding the project and were hemorrhaging money - but it alienated a lot of fans, from the game and from the studio. And nowadays Spacebase DF-9 is held up as one of the great failures of early access as a funding model.

With all of that said, the situation today has changed somewhat: it's a $10 game on Steam, and what you buy is what you get. And is it $10 worth of game? Absolutely! It's a fun and addictive little diversion. Like everyone else, I'm disappointed that it didn't grow to become the $40 game we knew it could be, but the game that is there is charming and memorable.

And next time you buy an early access game, remember that all you're buying is the game as it stands today. If you're not happy with the asking price for the amount of game currently available, there are plenty of other places to spend your money.",True,137,2726
"I really want to like this game. Really. But it's got serious issues with play balance. It doesn't seem to matter what ""threat level"" the area has, Raiders appear with great regularity. Your people die very easily. Construction takes a lot of time, with no way to prioritize what gets built first. Cosmic events (space debris and such) occur quite often. 
If the devs work out the bugs, I'll annotate my review with the upgrades. Until then, I have to go thumbs down.",False,5,712
Devs abandoned the game despite getting funding for it.,False,7,57
abandon all hope,False,2,113
"Buggy, hard to learn, and overall not a super clean game. Overly complicated at first, and games like this rely on the player's ability to just sit and dive in for hours, which is pretty much impossible in this game.",False,6,54
They need to add to this game.  It feels unfinished.  I'd buy it for $1.,False,3,1410
This game is a trash heap that never got finished and continues to scam people for money. Double Fine Productions needs to be wacked with a legal hammer.,False,5,673
"I like that Steam gives me the ability to ""ignore"" entire development studios now, like Double Fine for instance.",False,8,726
"Bought way back in EA, Only game I regret buying more then my pre order of No man's Sky.",False,11,121
Complete andonware. Dont buy. dont waist your cash.,False,7,741
"This is like starbound but in 3D: poorly release.

Also it is technically abandoneware that is not free, stay away from this or PIRATE IT!",False,28,203
If you buy this game youre commiting a crime against Humankind.,False,8,262
Scam,False,7,285
"Nothing to say that others haven't. Backed it waaaay back, decided to try it again recently, nothing's changes. Apparently abandoned.

Don't buy it.",False,19,458
"DO NOT BUY, THIS GAME IS A SCAM!
Devs ran off with money after squeezing every penny out of the playerbase - with half the intended features never implemented.

Make sure to call out scummy practices like this wherever they occur.

EDIT: Oops, sorry, wrong page.",False,5,302
"Not even worth buying on sale. Developers just left the sinking ship, and the game seems half finished even all these years later.",False,4,674
On a scale of Cobblestone to Dust II this game is a bit like Aztec. Nobody really remembers Aztec.,False,3,12
game is totaly abandoned never left early acess what they have is unfinished. missing to much content,False,7,1559
Wowee,False,2,655
"Abandoned game.

I bought it on Early Access, and I'm here to advise you not to. 
Do not reward developers or publishers for such nonsense.

edit:
I should note that it's less of an abandoned game and more of an abandoned WIP.
Would've been alright if they more-or-less finished it before moving on, but it's very unfinished.

It has its moments, but save your money for a complete game from a dev who deserves your support.",False,15,3458
"Abandoned by the developers years ago, don't waste your time buying this.",False,9,692
"Needless to say, Abandoned by the Devs/Publishers because of ""not a enough"" Early Access Sales and dev team wanted to put all the blame and (double)financing on the early access supporters though then take any risk, while riding on the wave of their other games.

And this ends our daily horror story of Early Access.",False,9,103
Nothing to see here... Just move along and forget you ever saw this page.,False,7,332
Permanently early access,False,10,59
"DO not buy this game! It is overwhelmingly negative for a reason. The game has been all but abandoned, wasted potential. What is actually in the game is very shallow. Once you get a working base (usually through pure luck) you just end up losing anyway to raiders who kill everyone. The game's save system is also very strange, you can only have one playthrough at a time, and have to erase your last one if you want to start a new one.",False,10,552
"Absolutely terrible excuse for a game. Even with a trainer this is not fun, not finished, and nearly impossible.",False,8,565
this game made the frogs gay,False,4,426
Spacebase DNF.,False,6,68
"I personnely love Spacebase DF-9 but there are some stuff i dislike and just have to deal with it but the game is still great and sadly the devs stopped woking on it for a very long time and the game is mostly disliked and viewed for being 1 hour of content and fun but i disagree cuz i had ton's of fun and never truely did erveything that the game had to offer.
I recommend the game but many will not cuz it has bugs and gliches in it, so maybe get the game if theres a sale if you show  interrest in it. Thanks for reading and im sorry for my bad english.",True,3,1579
"TLDR:  Out of early access in name only, this game is abandoned by the developer unfinished and full of bugs.  You shoudn’t buy it.

I still think there’s a lot of potential here, but Double Fine walked away instead of finishing it.  If this were still in early access and still being developed it would be worth checking out, but unfortunately it’s neither of those things.  I bought it in early access and knew there was a possibility of it never getting finished, but I certainly didn’t expect that to happen with Double Fine.  I’m amazed they’re still selling it.

Here's some obvious missing things (there are probably more):
- Overviews of things like moods, productivity, disease spread, food supplies, facility utilization, etc.
- Cleaning up blood / etc from the floors
- Ways to draw player’s attention to things like broken walls or that there are X raiders and Y killbots in the base and where exactly they are (it tells you when they enter but that notification stays even if turrets take care of them at the door)
- Specify higher priority for certain build or repair jobs (sometimes you really need another oxygen recycler but your builders are more interested in tearing down the derelict vessel)
- Selecting the next thing to research without needing to find your research lab and click on the empty floor or wall space

As is you can sort of get a space base started, but the game quickly reveals how unfinished it is.",False,17,1325
Abandoned,False,9,172
"Obtuse and a bit broken, do avoid so you don't have to wait for the refund.",False,4,7
"I don't understand all the negative reviews.  I've really enjoyed playing this game.  I do wish there was more items that could be build for your Space Base rooms,  but the Unofficial Patch 1.08.1 adds some extra features which the game developer should have added and more.  I've spent days at a time playing the game.  Its easy to figure out and you can really have some fun designing your base and protecting it from intruders.  Its worth the $10 price tag,  but if on sale I would grab it.",True,2,3314
"Such a promising game sadly abandoned before completion and marked as ""released"". There was about an hour worth of gameplay and that hour was fun and promising. Unfortunately they never completed the game so we'll never know the true potential of this game. Do not buy, this should not be on the steam marketplace at all.",False,3,161
DO NOT BUY THIS GAME AND SUPPORT THIS DEVELOPER!,False,2,1565
very very very bad game i have ever played,False,0,10
Abandoned game that was never finished. Do not buy.,False,3,661
"Abandoned in early access, minimal content and basically called ""good enough"" with no refunds to anyone after screwing us all over. Soured me on the company as a whole.",False,3,134
Abandonded unfinished mess.,False,2,157
"They gave up on this game, unfinished and only released to get it out of early access.",False,4,250
"...Why is this game still on steam? Developers had pushed it forwards as early access but then abadoned it without any chance at a refund, it's a half finished piece of work that they wanted to charge for full price and now they're putting it on sale to milk more out of it?",False,3,352
"Devs abandoned game and said there was enough content, this game made me swear off buying anything made by Doublefine, they should be ashamed of themselves.",False,8,373
"Do not buy. Unfinished early access game, dropped by devs with no compensation to those who owned it. This game shouldnt even be for sale anymore.",False,13,2760
"Why do I keep playing this glitch-y abandonware...

Original Posted: Jul 21, 2018 @ 4:28pm

they ran out of money, no more updates -_-",False,0,5016
This game isnt worth and amount of money,False,4,387
"The developer may have abandoned the game, but at least he made the game open source! :P
idc, for whats already here, the game is worth it if its on sale, but only if its on sale. Its not really worth the 10$ base price, if its on sale for 5$ or less, get it, otherwise, wait until it is.

WARNING: the developer stopped working on the game, so no more updates
ALSO: you can still get the game for free on their website! :P",True,20,351
"The Early Access concept for Spacebase DF-9 was great, but the devs just discontinued the development, released a unfinished product wich did not meet my expectations at all.

Shame of you Double Fine!",False,9,893
"Why is this even on the store anymore? How can a developer, in good concience, keep a game up for sale that was abandoned half-way through development? And it's still here years after its release. Please DO NOT SUPPORT THIS GAME, even if it only costs $1.",False,10,457
"I'm not rating this game but rating DF.

This was nothing more than a cash grab and I now find that they're having a fire sale on their games as of today's date, July 21 2018. Any where from 50% to 85% off. Do not reward these guys by buying any of thier ♥♥♥♥, no matter the price. Developers like this need to be shut down, and since Steam refuses to police Early Access we need to vote with our money.

DF can eat ♥♥♥♥ and die as far as I'm concerned.",False,9,436
♥♥♥♥,False,1,1055
"this is abandonware there was much planned but the list was abandoned and removed
I think the UI, graphics and ambience are actually okay to begin with but that's it for example the events get really repetitive and there is a lack of threats",False,3,1816
"Their behaviour is disgusting in the development of this game, last double fine game I will ever buy",False,5,335
the fact they are  still selling an unfinished game still for $10 is a reason I wont buy a product double fine has had their hands on,False,0,119
Just get Startopia instead.,False,6,186
"They took everyones money and then stopped developing this title.  this is the last DF game I bought, or will ever buy.  These guys weren't a startup company trying to make it.  They were a well established company that sold a product and then ran off with the money.",False,7,510
"They should release the source code, maybe the community would do something for this game.
Dont buy it, they dont deserve a cent over this.",False,2,366
Do not buy! ;(,False,1,57
"KISS
Keep it simple stupid. 


Dont get this ""game"" for more then a dollar. One day something will grow from this ♥♥♥♥ but right now it needs some good old life cycle to ""fix"" this.",False,3,821
bad dev,False,2,723
"This is the hill Double Fine decided to die on?
So many promises and now still puting it on sale. As a fan I obviously had faith in them releasing another perfect game.

This time however. They not only came short to their promises. They simply pretended they never made any. The game is good as is and have fun modders. promised features never came. The game plays like a good tech demo. I decided to invest in said tech demo. And seeing it on sale now is just disgusting to me.

Of course double fine will live on thanks to their old success. But the way they treated this game means the end for my journey with them.",False,5,61
"It's unbelievable they still sell this game when they abandoned it in early access years ago after just a few updates. This game had alot of potential and the way DF handled this, has destroyed any DF game for me. Do not support them, do not buy this game: it offers next to no content.",False,3,195
no,False,1,412
"How DARE this game still be for sale. Do not pay a singgle cent for this LITERALLY unfinished mess. DF bailed on the production of this game, it is not AT ALL, finished. The source code was abandoned to the small community that remained in hopes of cobbling somethingg worthwhile from the ashes of this project and I've no idea how their progress is going, but it is WRONG that DF collect any money on this game whatsoever. Do NOT support this just because it's on sale and you like the studio, this behavior is abhorrent in a dev and cannot be supported.",False,125,944
The game has potential. Its just to bad the devs abandoned it.,False,5,2534
Abandonware.,False,6,250
Awful broken game.,False,5,211
"A little rough and simplistic when I first purchased it, but showed promise. First patch increased complexity slightly, but caused several bugs. AFAIK bugs were never fixed, and development was abandoned. Nearly unplayable.",False,9,209
"I loved this game, then they abandoned it. Particuarly with the bug where you can't remove raider turrets, so everyone in your base dies.....",False,7,3015
"it's ok, but it's abandonware....lots of bugs...sigh. I had high hopes for this game. \
The game is on sale now for a $1.49 but it's still not even worth it that much. Get startopia instead",False,3,711
abandonware crap.,False,10,174
"Even with the Unofficial Patch available at http://www.spacebasehub.net, this still crashed repeatedly for me. It seems like it would be reasonably enjoyable if it ran reliably. In July of 2018, v1.08.1 does not run reliably. The build on Steam was even less reliable.

This is effectively a beta. Even 85% off for $1.49, I felt like it wasn't worth keeping. Played the Tutorial three times in about 50 minutes and it crashed in three different places for no apparent reason each time.",False,4,52
Unfinished and abandoned.,False,7,11
"First rate ever, an un-finished game and probably will never finish.",False,3,443
"Had a strong start, but don'y waste your money...",False,0,1390
"Like a version of the Sims but a every 5 minutes a hyperactive low-functioning child grabs the controls and adds a poorly placed extension to your construction. This inflames the already dismal performance of crew ai and pathfinding. Baffling because the developers other games are generally well received. 

This one sucks though.",False,3,167
"As you have listed this product on sale I think I need to post a warning for potential buyers.
You lost one more fan with this title. I will not support your company again.",False,6,488
There is nothing I can say that has not been said before.  The game wouldn't be worth a free download nevermind the asking price of 9.99€.  Be careful with early access,False,7,351
(its been totally abandoned) Its a shame as the game had potential.,False,5,315
"The game had potential, but it's been seemingly abandoned in its unfinished state -- a state that's not particularly engaging beyond the initial play.",False,4,177
This game had a lot of promise but the developer has since stopped development and abandoned the game. There is a fan project trying to finish the game but it's just not really worth it.,False,4,391
"Here's a quick something:

Game was half developed, not finished at all, and dead.

The development went for several months and they found out it won't make any money so they just abandoned it.
Do not buy it.

If you are looking for games like these, try out The Spatials: Galactology.",False,36,355
That moment when you come back to an early access game and find it has been long since abandoned.,False,4,1068
"Bad, like nearly everything Double Fine produces.",False,3,91
"Unfinished, unbalanced and unfair.

Game was part of a bundel. Didn't read any reviews before I started to play the game. Gave the game a fair try. But the game feels unfinished, unbalanced and unfair. The game gets very difficult after playing for  a while. Most upsetting about this is that Steam keeps selling these halve baked and unfinished games.",False,45,880
"This game could have been fantastic.

Unfortunately Double Fine's Standards have taken a nose dive off a cliff.
Not to mention that this was released too early and abandoned soon after. 

A game famous for how underwhelming it is. 
You're better off buying games from 10 years prior. 

DON'T BUY.",False,26,64
Abandoned pretty much as quickly as it came on sale. Bad developer cash grab.,False,0,283
"$10 for a half finished cancelled project?
I should ask for a refund.",False,1,1515
"You know, you go onto Steam. You see a company that you know, and they ask you how their game is, and you just have to say that it's fine, when it's not really fine, but you just can't get into it because they would never understand.",False,0,141
"Great little colony game! When you start a new game (I'll call it a mission), you get to pick a point in the solar system with 4 variables:
Warp Gate proximity determines how often ships and visitors appear.
Magnetic Fields determine the presence of derelect ships to investigate.
Debris is how many asteroids are to mine, and how often you're hit with them. (not often)
Hostilities is of course, how many bad guys show up.
There aren't really any specific points per say, it's more for RP.

You can't research anything.. but there are in-game Goals, and the graphics fit very well. AI can be fairly stupid at times, like boarding a derelict craft and getting murdered as soon as they pass the airlock.. I lost 8 staff this way, until a couple of builders managed to deconstruct their airlock! I then cut little holes in each room's wall to suffocate the occupants! BWAHAHA. You can have doors on the outer wall that are sealed, then lock intruders in their rooms and manually open them.. many ways to play.

As I said, you cannot research your armor or better weapons.. but for 300 materials you can mount a laser turret into the airlock and around your base to vaporize any intruder in a couple of hits :D.

Another fine feature is that you start the game with 1,000 power but if you save & exit, then load again it drops to 500. I almost lost everybody to a station-wide systems failure but here's what I did:
Space suits provide 8 minutes of O2 so first I put everyone into space suits by giving them the 'Builder' job, and built a 6x6 room with a Fusion Reactor in it for a total of ~300 materials, which I had already. In a gamer point of view, this seems like a terrible job at programming but imagine if in the real world, your station suddenly lost all power for no dicernable reason! In that regard, the bugs give the mission more unpredicabilities to work around :).

Currently around 5.00 would be an adequate average for the amount of time you may spend on it (I've been playing about 5.5 hours today!) and how you RP the scenarios. There's a user in the Discussions who is trying to fix the game through patches (modding). v1.08 is available at the time of this review, but v1.09 has haken 6 months already. Hopefully we can research soon, then it would be worth the $10-15 mark ;).",True,3,394
Terribly handled Early Access from Doublefine.  Makes me unwilling to support them in the future.,False,66,99
"Well, here is an actual review of the game. Not all those silly little kids who've played only in-development and early-build games demanding updates. The game is actually pretty good, better than 99% of the stuff out there, which nowadays is not such a hard thing to do.
 
On the plus:
+High-level of polish
+Nice music & sound effects
+Intuitive menus & controls 
+Price tag gets -85% when on discount.  

On the negative, it is more of nit-picking and quality-of-life that exists in top polish games.
-Tutorial being on the short side; if you skip the tutorial you may miss why you need certain things
-Lack of description of objects purpose; 
-Short notifications; Raiders are coming ! Where ? They are already killing your crew!
-Attacks and events seem unbalanced by player development? First run a derelict flew by, scouted it with 3x 3* security. All died by killer bot. 
-Lack of numerical representatio; Pawns are ""healthy"" ...ok, what does that mean to me if a weapon does 10 damage or 99?
-Defense turrets are nearly useless
-Some bugs that I caused myself by being stupid
-Being used to Rim World, didn't like that pawns can do only one thing at a time

All in all, good game, enjoyed it, recomended.",True,5,98
"Its a good game when its 50% off,  I WOULD NOT pay full price. As soon as you get the game, go here http://www.spacebasehub.net/ and get the patch. Otherwise the game isnt so great, Ive never wanted to kill a computer until playing this game pre-patch.",True,45,1075
"I remember seeing this game a few years back on Youtube and it looked good at the time and when it went on sale last year I decided to get it. Long story short:
[list]
[*]Buggy
[*]Abandoned 
[*]AI is suicidal
[*]Tutorial doesn't tutor
[/list]
Also I've perma broke it even after un and reinstalling numerous times.",False,1,171
"They let everyone buy this game decided to abandon it then had the nerve to act righteous when people want their money back this game should be free. I'm so mad I bought this before refunds were a thing, but I can at least warn all of you not to buy this",False,226,34
"it's a shame because it was a great concept and initially it was good but it just got given up on.
I expected better from Double Fine!",False,21,101
"Abandonware

I mean it's OK the first couple of hours to play; but when you realize it'll never be done you don't want to play anymore.
You're better off getting something else",False,8,1125
"This AI is to stupid to live, with the crew, excerzising in air locks, charging towards enamies, trying to repair stuff while being shot at, waiting to change before fighting back and more. The game soon becomes a endless Raider attack even on low threat, where if you are not dumping every mineral you have to turning your station into a pin cusion of guns your entire crew will get killed.

And dont forget once people get killed people get sad and try to kill everyone else, so pretty soon you are a ship full of sad sociopaths trying to die at the hands of endless stream of raiders. ♥♥♥♥ this game and ♥♥♥♥ DoubleFine for abadoning it in this state.",False,3,284
Zzzz,False,2,73
Abandonware,False,27,199
Abandonware.,False,14,191
"Developer straight up abandoned the game, what a waste of money.
A perfect example of early access gone wrong.",False,5,569
"Abandon ware, The game isn't done avoid at all costs.  Literally every other dwarf fortress clone is better than this.",False,1,240
Simply never finished. Game shows promise but clearly is not done.,False,13,520
"I was sat on a random game picker last night that picks games from your library. I was going to lpay each game for about 10 minutes then move on. Then the sun came up and I was still playing Spacebase DF-9.

It's super unfinished and its really tragic that it was abandoned.",True,0,330
"I bought this game in middle school and was hype to play it

A few bugs here and there, and a bit light on the features, but no worries. I'd played minecraft and was ready to wait for updates

But the updates never came

Thanks for wasting my 20 bucks double fine, I hope losing an avid gamer as a customer forever was worth it",False,17,77
"They ♥♥♥♥♥♥♥ abandoned it, amazing.",False,6,86
The worst.,False,1,956
way to take the money and run dev...thanks...,False,2,908
"Great concept, but unfortunately it was very poorly executed.The tutorial jumps you straight into managing some basic aspects, but doesn't explain important features that you'll need to know when actually playing the game proper. 
The AI of the inhabitants seems almost suicidal too. Often my base would run low on oxygen, so I would place some oxygen converters for construction only for my builders to continually float around doing nothing until everyone was dead. If there was a solution to this it was never pointed out or made clear within the game and after a shory while and numerous restarts I found the game unplayable.",False,9,97
"Don't give Double Fine any money, Tim Schafer has proven over and over again that he can't be trusted with money on his own.",False,10,293
"This game is a bloody joke, I can't tell you the amount of games I've started and restarted because of my crew being dumb and making stupid mistakes which costs me the game, if I fail at a game fine by me, I deserve to restart it but when I fail because your game is blatently broken from the get go it's so annoying.
Spacebase is a game in which you establish your own base with the use of initially a 3 man crew and can accept more in but have to balance oxygen consumption as well as various other micromanaging aspects which indeed sounds fun but here's my issue, the AI is blantently broken, I've had times where I've assigned 2 crew members to be miners out of 4 and sent them out to excavate debris for materials, but the idiots stop and idle half way through and do nothing but stare blankly at the bloody rocks as they use up their oxygen and eventually sufficate and because this is early game I have no hospital to send them to so they die of lack of oxygen which is dumb as hell since it wasn't my fault the idiots died staring at rocks and forgot to breathe. The game starts off quite difficult and leaves you pressed for time which I actually like as it pressures you into keeping your crew alive, unfortunately I can't tell you about the late game cause I can't get there cause half my crew die looking at rocks, then another few die at a random event that sucks them out of the airlock or they simply get killed by pirates. Another thing that's dumb is you'd have crew members doing excercise in the base, right fair enough, but they do it in the airlock so when someone comes in that crew member without a suit gets sucked into space and dies. This game is broken and the devs have long since abandoned it which is a shame since I've heard great things about double fine but this is the first and last game I shall ever get from them due to how bad the quality of this game is. What's a real shame is the gameplay is solid and I enjoy, semi clunky but if they stuck at it they could've refined it but they stuck this out here and expect people to buy it. If you saw this on the likes of NerdCubed's channel like I did and expect it not to be as bad as the reviews said it would be like I did, take this as your warning, this game is a peice of ♥♥♥♥ and doesn't deserve your money, go buy Planetbase which is an infinetely better game and actually works for one and doesn't have an bs involved.",False,15,645
Full of bugs. Abandonware. Avoid!,False,2,316
This game is actually pretty good despite the “ negative “ rating,True,3,530
It has been abandoned and it's unfinished.,False,22,2888
"You know? I actually was having fun with this game. Then raider attacks happened so often even in a low threat area that it was impossible to do anything. Security is absolutely terrible and the A.I. is so bad they can't defend themselves from raiders at all, so you just die. There is no way around it. You will always lose at least 1 or 2 people during a raider attack even if it is just one raider. Eventually, you will just be wittled down or have 6 raiders attack at the same time and kill everyone. Terrible game and unbalanced. I get it if they wanted to make some hardcore or difficult game, but this is just unfair",False,2,94
Abandoned game.,False,15,329
Game is not finished.,False,5,1139
abandoned!,False,5,13
"I was boarded 3 times by raiders in 5 minutes in a low threat zone. My security team won't subdue a crew member throwing a tantrum who is destroying my reactor because they are too busy doing situps. Most of my crew that wasn't killed by raiders, killed eachother...",False,4,400
"Anytime some poor sucker buys this, and does not return it, Satan adds another checkmark to the list of reasons DoubleFine is ending up next to EA in the pit of corporate hell.",False,12,101
"Bought this for maybe $2.00 a while back in a sale and I still feel ripped off. As other reviews stated, this game had an incredibly promising concept but was abandoned by developers. I appreciate the isometric graphics and most of the simulation, but to put it simply, the game isn't worth buying in its current state unless it goes down to 99 cents or so and you like modding. I've heard there is a promising modding community. This is irrelevant. Modders shouldn't have to finish an unfinished game the developers left us with. The game is fun at first, actually. It's fun for about 30 minutes, when the content and new gameplay that you are presented with just... stops. There is nothing past that point. Just disappointment.",False,11,56
Delet this.,False,9,681
"In the beginning I hated this game. I felt it was too comfusing and unplayable for such a simplistic game. It has a simplistic feel to it, but only after you learn how to play it. I haven't played it for months because I couldn't get how to play it even with the tutorial. After coming back I did the tutorial again (sucessfully this time) and rather enjoy it. It does not seem like this game will ever be ""updated"" or ""completed"" so don't expect that to happen, if you want the game, get it for what it is right now.",True,0,55
Unfinished And Abandoned!!!,False,10,7121
"This is still for sale?
It should not be",False,14,0
had alot of potential. all of it squandered. stay away,False,10,189
kinda hate it no creative mode we cant test stuff and do more stuff :(,False,4,523
"So much hope, so little delivered.",False,12,396
"[June, 2020]
You may be curious of why this game has so many negative reviews thats probably why you click on the store page of this game. This game and its developer is the reason why early access can never be fully trusted, Barely polished and abandoned we all saw potential for a spaceship crew management game.

IN SHORT... If you could rent a goat for $10 and pet it just for a day. You wouldn't regret the goat and be proud you didn't spend you $10 on one of Steams Early Access Unfinished Failures. 

*You may think the playtime I put into this game is not enough to justify my review but trust me as a consumer and someone that loves video-games I've purchased games I don't even get the chance to play (e.g Nether, Survival).


- You don't have to read this part - 
An Early Access game I do not regret purchasing years back is Rust, as I put an amount of playtime into the game when the game was in alpha and looked like an unfinished Unity asset game. I thought that Rust would've been another bad purchase on my, but if you look at Rust now in its 7-8 year development cycle (which is hella long). The game is still flourishing and the developers are still committed, updating the game occasionally keeping the game alive and its community on board. 

As I digress, early access is not such a bad investment specially when the asking price for an unfinished game is affordable. If you are interested in a small or indie company developing an impressive game please do some research before throwing your hard earned simoleans ($) on a game that has barely been worked hard on by its developer.   
 
 
OLD REVIEW [March, 2018]
If I had a chance to go back in time and choose between either spending $10 on this game or paying a farmer $10 to pet his goat for 1.1 hours...

I'd choose the goat.

P.S - Don't buy.",False,16,67
"Devs abandoned it and left updating to the community
Don't touch this unfinished mess with a 10 foot stick",False,21,566
Why in the ♥♥♥♥ is this game still for sale? It was never finished.,False,21,877
I love this game!,True,0,2412
"Game is quite enjoyable with the unoffical patch. Still, screw double fine.",True,17,216
"Seeing another developer taking a crack at something like this (Starmancer, being published by Chucklefish) reminded me just how infuriating it was to have bought this only for Double Fine to abandon it because Tim Schafer is a condescending blowhard who can't properly run a project to save his life, with a large portion of his history in game development amounting to ""wastes other peoples' money."" Before the questionable fine print in Fig's terms of service, before the inability to finish Broken Age in a reasonable length of time (and showing it,) there was Spacebase DF-9 and it's transition from a low-numbered alpha build to 1.0 with with a thunderously awkward shrug.

Avoid.",False,11,14
"trash, cant even refund :(",False,10,227
good game people just get mad,True,3,620
Now.... Why did I buy this sh*t !?!,False,5,101
I like this game (:,True,6,60
"Great concept from, a typically, good developer. Abandoned though, to persue other projects.",False,8,785
"While this game has its many bugs, you can see that it has potential. Well, it would have potential if it had not been abandoned a few years ago. Luckily there's an unofficial patch for this game which fixes many bugs and adds a lot of new content which actuallly fits the game's original content.

Still, the game is fun. It is one of the few games that makes me feel like I care about my people, it reminds me of Rimworld in a way. If this game is ever on sale for 2 bucks it might be worth picking up, otherwise it is a waste of money.",False,41,214
"Had potential, was abandoned before completion. Saw reviews recently were only ""Very Negative""  Pushing towards Overwhelmingly because there's no reason to give this a positive review unless you're the developer.",False,8,1386
Dead game,False,4,660
A terrible game in which the devs never bothered to finish anything.,False,9,300
"This game is garbage with with so much promise. The main problem is that there is no recovery time between ""random events"". Once you have any station at all you are just constantly attacked and infested. There is no down time to recover and rebuild. Eventually everyone is just security and angry/sad because most don't want to be. Yet you still lose people as they won't attack.

It came in a bundle for $0.40 and I still feel I paid too much for it.",False,14,294
this game not fun you don't have the time to build everything you need and they die so fast and everything this will not be good game when you don't get people or you never can save and see if they spawn some other time i sorry people that made this if you make that more easy to survival in the 1st 10 day that be nice intill you get that i done with the dumm game,False,0,112
As many others have said: the potential here was massive and what is there is a solid game. Unfortunately it has been abandoned by the developers and thus will never be finished. Save your money! Do not buy!,False,8,238
"DO NOT BUY, ABANDONED GAME - I WANT STEAM (REQUEST) TO REMOVE THIS GAME FROM THEIR STORE. 

if you really want to buy it then check this [url=http://www.spacebasehub.net/] link[/url] here which is the unofficial page for mods and patches.",False,19,339
Spacebase DF-9 is one of the best games i have. i would of loved to have seen it finished,True,0,2016
"Just wanted to add to the pile of negativity. Bought this upon release. It was promising, it was fun. Updates were improving things and hope was high. Then it was dead... Back to Rim World.",False,5,730
"The game was VERY fun at the start, it wasn't till the devs pushed this game into a hole that made this game awful.. This game hasn't been updated since 2016 I would honestly save your money for another game or wait for this game to go on sale.. I'm highly upset that this game was thrown away..

Double Fine Productions should be ashamed for not finishing this game I refuse to support these developers..",False,2,1771
"This was the last Kickstarter game that I backed.   When I first played the game it was imcomplete and not ready for the public.   After giving it a chance again and seeing no real improvement, I would strongly recommend avoiding this one.",False,0,192
Broke the tutorial...,False,0,104
Completely unfinished game.,False,1,106
Abandoned. Do not buy. Steam should deal with developers who commit fraud,False,61,982
Don't buy this incomplete game.,False,2,407
"$ PRICE / QUALITY

☑ not worth
☐ acceptable
☐ absolutely worth

ϟ REQUIREMENTS

☑ minimum
☐ medium
☐ high end
☐ NASA computer

Ⓞ GRAPHICS

☐ wear glasses to protect your eyes
☐ bad
☑ OK
☐ good
☐ masterpiece

ⓘ GAME TIME

☐ download took longer
☐ short
☑ few hours
☐ long
☐ endless

✎ STORY

☐ it doesnt have
☑ still better than Twilight
☐ good
☐ fantastic

☠ DIFFICULTY

☑ easy
☐ easy to learn, hard to master
☐ hard
☐ dark souls
☐ korean level

☼ BUGS

☑ game itself is one big BUG
☐ bugs destroying the game
☐ lot of bugs
☐ few bugs
☐ nothing",False,5,36
"They took our money and ran. Double Fine wont get another cent from me. Stop trying to sell this incomplete, abandoned garbage to people.",False,8,167
"This game proves the need of having standards to consider a game complete.  They litterally stopped working on it and said it was done. Done as in no more effort put into it. It is far from a complete game, yet they say its done.  STEAM should really be making an effort to stop this practice or at least remove incomplete games.",False,2,965
"This game had so much promise. Unfortunately, however, Tim Schitfer decided to quit right after he had taken everyone's money. This game crapped all over its crowdfunding objectives, yet Timmy boy still ""ran out of money"".

Don't buy, unless it goes on sale for 90% off again. It's worth 99c. Not worth any more than that.

Tim, admit defeat already and either A) pull this trainwreck from Steam or B) offer it for 99 cents. The modding community is NOT going to pick this up and make you a million more dollars for free. Just. Give. Up.",False,2,797
"This was a very fun space builder for a few hours until I really started to get into it and noticed that there was very little control and almost no depth to the game. You build a base and then the game has its way with it.

I began building in a region with extremely low danger but after about an hour of cultivating a smoothly running spacebase I started getting raider attacks. At first it was within a few minutes of each other so I built some turrets and beefed up security. Then it became constant so I sealed off entire areas and cut life support to suffocate the raiders. But then it turned into simulatenous attacks from multiple locations, in addition to the incoming debris and other problems. What kind of ridiculous progression in an ""extremely safe"" zone is this? Everything was decimated and I was forced to give up. They just kept coming...

It might not have been so bad, but the NPCs are morons. Builders have no sense of priority, leaving gaping holes in walls or avoiding installing doors in favour of other tasks, leaving entire areas uninhabitable until they get around to it. Miners are so desperate to drop off materials that they'll do suicide runs right through enemy gunfire. Technicians will attempt to force their way into hostile zones to fix sabotaged equipment even though a door is locked because there's a group of raiders on the other side. Even if they do fix something, they have no sense of priority- opting to patch up gym equipment rather than the reactor. I don't think scientists actually do anything because they're never at the research console and in three hours they haven't accomplished anything noticeable. Doctors will leave bodies lying around for days. And Security, the one group you should be able to micromanage, can't even be split up to deal with multiple raiders. You can send a certain number of security staff to a location or enemy, but the remainder will just loiter.

If this game was being regularly patched and updated then I could see the potential and maybe recommend it if it goes on sale. But as that isn't the case, just stay away.",False,24,598
"I never know what the NPCs are doing, i can't control them. The way they handle isometric view makes it difficult to build stuff. The raiders just kinda appear out of thin air and kill your people. Graphics and gameplay have a very slapped together feel.",False,4,178
"I love the concept of the game, but every time I play, an hour, later radiers come and just wipe out all of my colonists. I have restared 4 times...on tutorial. This is really annoying. If you could please fix it to where there aren't so many raiders, that would be great. Also, please fix the colonists response to your commands, such as building an oxygen recycler before all of your colonists suffocate. Yes, that also happened. Love the concept, but needs some loose ends tied. Thanks!",False,3,289
abandonware,False,5,1649
"Shame it got abandoned, awsome concept otherwise",True,10,508
totally completely unfinished abandonware.,False,3,90
"Early Access - Abandonware.  This hasn't been touched by the developers at all in 4 years I've owned it.  Don't make my mistake.  This game is being downvoted to oblivion....  Hopefully, you don't fall for this trap.",False,3,122
"Don't buy this game. Just don't do it. It isn't a fun game to play because of the stupid micromanaging you have to do. I haven't played the game in a long time, I refunded it within an hour. I am not going to repurchase the game to update my review, to be honest, I'd rather pirate it. The developers never deserved my money to begin with, after completely deserting the game, being completely completely unfaithful to the people who were supporting you. This game had potential, but it is completely ♥♥♥♥♥♥♥ wasted.",False,2,59
bad,False,2,786
why is this 'game' even still on the store. it doesnt work at all,False,1,439
"I loved this game and wish double fine didnt abandon it, its pretty crazy that this game isnt free considering the state they left it in and opening it to everyone could allow a community to continue it",False,6,1157
Unfinished...,False,3,2018
"Look,this WAS  an amazing game, there was even talk of there being multiplayer.....

But then the developers vanished.....

The game struggled to maintain its posive image....


Dont buy this game......
the game is offficaly dead",False,0,314
"made me refuse to buy any Double Fine game ever again, even with their previous track record",False,11,844
do not buy,False,0,536
Could of been a good game but was sadly abandoned,False,0,1809
"I was so excited for this game back when it was coming out, but Doublefine's abandonment of the game bringing it from alpha to ""full release"" left it half done and full of bugs.  This is not a complete game, no matter what they have claimed to Steam.  Not worth your money, even on sale.  I won't trust them again.",False,23,579
Why is this still available for purchase? It is incomplete and abandoned.,False,8,274
"Game is way too buggy and annoying. Research is poor, it sometimes work and and sometimes doesn't. A single raider can and will wipe out your entire sercurity, then the rest of your colony. Your colonist are too stupid, they would rather suffocate in space then return back to base. There is no save so you can't go back and try again once one of these bugs kick in.
Played some more, colonist would rather die of starvation than eat replicator food, even though there are stacks of food in the fridge, and the gardens are producing more.
Everyone is sad or really sad all the time. Finally everyone lost the will to lived and killed each other. Raider came and got destroyed by my defense turrets then the turrets stopped working due to lack of maintenance. You can still carry on once everyone is dead because more shipps will stop and ask to join the colony.",False,2,833
Prematuarely released and full of bugs.,False,1,3073
It does not feel well executed.,False,0,70
"abondoned half finished, it shouldn't be on sale....looks at Valve....",False,11,216
abandonware,False,30,440
i bought this game via the amnesia fortnight when it was still a prototype only to have it abandoned and still released entirely uncomplete. really brought my opinion of doublefine down as a whole.,False,11,417
"For what it was I thought it was a great base building sim. Good time sink if you need something mind numbing to play for an hour or two. I bought it years ago when it was released and I'd like to think the publisher will return to it one day and add more content. Make sure to catch it on sale if you do buy it, I'd say its not worth more than $1-2 as it is.",True,0,615
"Whilst not the best or easiest stratergy game, and it does appear to have been left. Some glitches still happen, like 29 people can get stuck in three small rooms, but it is still an alright game. Shouldn't be more than £4.00 though.

A while later, I picked this game up after playing a few similar games. I constantly have a broken base, because the raids are OP, no-one ever does ANYTHING and it is massively fustrating.",False,0,549
"Base management games already aren't for everyone.  Even for those who like the genre, Spacebase DF-9 can be difficult to enjoy.

Right from the get-go, Spacebase-DF9 doesn't do much to ""wow"" you.  There are no cinematics or anything, and aside from possibly wanting to change Options, you'll quickly find yourself at a map of the galaxy, to choose where to start your base.  Depending on which coordinates you choose, relevant factors to your gameplay can differ - Stellar Density, which affects both how many resources there are and how frequently asteroids will hit your base - Warpgate Proximity, which affects how frequently you'll get visitors, wanted and otherwise - Threat Factor, which determines the frequency of Raider attacks - and Magnetic Interference, which determines the frequency of derelict vessels appearing.

Even at the first screen of ""actual"" gameplay, I have three issues with the game.  One, that your typical ""difficulty"" settings are pretty much thrown out the window.  You'd think that ""low threat"" would just be easy mode, but the threats still increase exponentially - I'll go into greater detail below.  Two, that there are a few different variables with which to basically ""seed"" your corner of the galaxy, but rather than let the player outright pick them, if you have particular settings you want, you have to scour the galaxy, pixel by pixel (okay, each area is maybe like 3 pixels wide, but it's still a huge area), until you find a spot you like.  If you want to force the player to try something new with each new game (which I'd be okay with, especially since this isn't exactly a ""difficulty"" setting), then just make it random, but it shouldn't be such a tedious process.  Third, why not tie Threat to Magnetic Frequency?  Raiders and derelict ships should go hand-in-hand, whether the ships are derelict due to Raider attacks, or the Raiders are there to loot the ships.  This would better fit the double-edge-sword nature of the other variables.

Something I mentioned above, and only becomes more prevalent the more you start to actually play the game, is that there is no story.  There are no cinematics, no voice acting, no plot, no progression from one stage to another.  You just survive in your base until you can no longer survive.  Many story-light games will still give you hints of backstory with item descriptions, and some of the dialogue.  In DF-9, just about all of the dialogue is tongue-in-cheek, but it succeeds more at confusing the player as to what the character is trying to do than being entertaining, and makes no discernible attempt to flesh out the galaxy.  The same goes for item descriptions, though they can, on occasion, at least give you a little more useful information than the dialogue does.  Character designs are interesting (sometimes), but since alien races don't line up with dialogue or have any impact on a colonist's abilities (just their name) it feels incredibly pointless, and more like the variety is just there because it's what everyone does in sci-fi.

Once you manage to forgive those issues, and actually start playing the game in earnest, you'll get your starting 3 residents.  You build your first handful of rooms of base by assigning them relevant jobs - namely Builder at the start.  Before long, you've got the whole ""oxygen"" problem under wraps (for the moment anyway), and have enough opportunity to ""breathe"" to start worrying about and make use of the two major ""stat"" pages for your residents.  The first, which is much easier to understand the ramifications for, is the Job screen.

When you view all the Jobs for your Base, it's shown as a spreadsheet comparing each resident to each job.  (I find it far more useful than simply viewing one resident and a list of each job.)  There, you get to see which jobs residents like or dislike doing - and how strongly - represented by an emoticon, and how skilled they are at each job, represented by a number of stars.  It's a bit strange that there's very little correlation between skills and likes - real people tend not to loathe things they're really good at, nor remain inept at their greatest passion.  But compared to the other issues in the game, this is pretty easy to forgive.  And frankly, this screen does its job just fine.  It's the second ""stat"" page for citizens, Personal Needs, that can cause nightmares.

At first glance, it's perfectly reasonable.  Sort of like The Sims, each resident has needs that must be met, and they will automatically go about meeting needs, especially if they're far from satisfied.  So if they're Hungry, they'll go to the Food Replicator and acquire some fabricated sustenance, or if they're not feeling sufficiently Social, they'll go chat in the Pub.  But there at the Pub, you'll find a problem that only gets worse the more you learn about it.  Sometimes, your citizens will get into a fight.  In my experience, this always left a citizen knocked out on the ground, though I felt like if I could just get a citizen in Security to respond fast enough, they could break up the fight before anyone gets badly injured.  Anyway, this can give you a considerable setback, as not only does it hurt Morale (which means they're less likely to work), it means the loser/victim will be out of commission for a while, their recovery will take work from your Doctor(s), and you'll need to have sufficient space in the Medbay.

As you grow your base's population to accomodate its continued expansion, fights will break out in greater frequency, naturally causing you to investigate why they do, and how you can prevent them.  So you take a closer look at the citizens' Needs.  And sure, you find that there's usually a correlation between low Morale and fights.  So you keep the food in the Pub better stocked.  You install more Monitors in the base so the citizens can more easily entertain themselves.  Some citizens weren't having their Duty needs met, but it's because you felt a bit of a crunch, and you had citizens doing Jobs just because it's what they were good at, but not what they liked doing.  So you spend an extra ten minutes at the Jobs screen, to make sure everyone's doing a job they at least like doing, if not love, even if it means some jobs will get done a bit slower while they hone their skills.  And things are good for a while; fewer fights, more productivity, means a happy player.  Maybe at this point you're starting to struggle with the increased frequency of Raider attacks, but for the sake of completing this thought before talking about that one, let's say everything's actually starting to go well.  It's going well, that is, until the citizens start fighting again.

You check the Morale of everyone involved in the fight, and it's doing alright.  The fight may have caused the victim/loser to take a dip in theirs, but it's certainly not what caused it.  Each of the needs is pretty well satisfied.  But then you take a closer look at the aggressor's Needs.  He's been at a job he loves for a while now, and his Duty is well satisfied - fully satisfied, actually.  Everything looks great.  But then you look at his personal job rating - egotistical.  That's right, if you make your citizens too happy, they'll overinflate their egos, and fight each other anyway!  It was at this point I had to put the game down for good.  But this came after I had been struggling with Raiders for many playthroughs.

Apparently I need to keep it short due to review length limits.  Basically, they wind up getting extremely hard as time goes on, seemingly increasing in difficulty faster than you can hope to develop defenses.  There seems to be a sort of ""final wave"" of Raiders but I was never able to fend them off, even with a dozen point defense lasers shooting down most of their ships.

In summary, think long and hard before deciding to buy Spacebase DF-9.  It's not just not for everyone, it's only for a very niche, forgiving group of gamers.",False,45,1203
"unfinished game, but fun.",False,1,254
"I like it. I am still playing it, but its only really worth it if you like these kinda games and if it is on deal like when I got it 90% of for 99 cents. it is a finished open source game so it does leave some emtey holes in gameplay. But overall what is here is grate and I have not run into a single bug since it is a ""finished"" game",True,8,636
Only buy if its on sale otherwise its a waste of time and money just a very terrible game and an example of a bad early access,False,0,269
"Complete scam - game barely works. Devs got it to load with stability and then dropped all funding and support for the game. Complete contract violation with Steam. I actually cant believe it is still in the Steam store. DO NOT BUY !!! I was not allowed to refund it even with only .4 hours played, due to ""management issues"" within Double Fine. I am guessing Steam cant get their money out of them either.",False,94,21
sad to say that this is abandonware.,False,21,532
"Watch the video above, you´ll basically have played the game that way without any of the frustrations.
This game forever changed my opinion of Double Fine and their this-game-used-to-be-good-so-lets-remaster tactics, often taking away some of the charm of the original and not adding anything but pixels which don´t actually make the game any better.",False,14,769
Double Fine are scammers.,False,40,188
unfinished scamware,False,28,190
"I want to love this game because it hsa cool ideas. I have played early access before, I put like 200 hours in DayZ for instance. This game just isn't playable. There's really not even much of a game here. Just skip it.",False,6,272
Crappy abandonware. Don't bother with it.,False,3,447
"Would not reccomend the game, devs basically abandoned it after it got bad reviews, now they refuse to even try and implement any features to help salvage this wreck of a game.",False,5,3729
waste of money.,False,6,339
Do not purchase this game. It's a scam.,False,60,109
Its a dead game. Do not bother.,False,18,1115
this is what happens when you spend all your QA funds on blackjack and hookers,False,16,34
"So this is what it feels like to be robbed, virtually.",False,19,21
"Do not purchase this game.

It's been dropped in development, barely qualifies as an early beta build, and really is a depressing view of where Double Fine is headed.  I'm thoroughly disappointed, and waiting for Psychonauts 2 is becoming harder and harder to justify.

Edit:
I'm rather fed up with Doublefine.  They've rereleased old games, which run about 95% of the time.  They put this piece of garbage on the store, where the community patch is the only thing that makes it mildly viable.  Most importantly, they kickstart content, but go back on that very low bar.  

I'm done.  Psychonauts 2 was put on hold for a VR game and Broken Age.  Both games profoundly miss the mark, and highlight how Psychonauts was the last point where this company was firing on all cylinders.  This game should be enough of a failure to have sent Doublefine into financial ruins, but we haven't had the mercy of that yet.

Congrats; I now place Doublefine with MS, Peter Molyneux, EA, and Rockstar.  This is the short list of developers whose products I will not buy, given that they seem to show active disdain for their gaming consumers.  It's too bad WIndows 10 is the only option for gaming.",False,16,499
Worst unfinished & unsupported game ever. Could have been good but devolopers seem to give a crap about it.,False,11,1621
"This was a really good idea for a crownfunding scam. 
I'd like see, if anyone else can make a game based on this.(and finish it)",False,21,250
Such a shame that this went nowhere. A lesson in how transparency in development can really come back to bite you in the butt.,False,1,841
Abandonware.,False,14,1178
"Such promise, such a letdown.  Developer promised so much, yet delivered so little, then aboandoned the game.  They are on to other projects.  Sad really, this is a really fun game, with the rough edges polished off it could be great.",False,28,972
"I reccomend this game. Does it have faults, yes, is it bad, to a degree, is it good, to a degree. But you cant have the good without the bad and evil. Every game has it's own faults, even this one, but instead of whining and saying how bad this game is, how about people take matters into they're own hands. Start anew or mod it, if you think the game could be better, then start a community that is willing to put forth the effort to make what they believe to be it's potential.

Stop waiting for someone else to do it, if you want something done you gotta do it yourself.",True,3,1686
"F Double Fine. They are complete trash, Abadoned this game right after I bought it. I'd rather deal with EA and their ♥♥♥♥ show microtransaction than give a penny to Double Fine again.",False,0,73
Awful AI. Only play if you're okay with modding the game.,False,0,1799
"Had so much potential to be a great game, but Double Fine dropped the ball and released an extremely in-dev game. Fortunately Derelict games picked it up again and started putting out unnoffical updates and have made this game their baby! Check them out, they are making this into a playable game, unlike the final official release of it.",True,22,393
"If you paid money for the steaming pile of ♥♥♥♥♥♥♥♥♥, you paid too much. If you did waste your money on it get the fanpatch, it fixes alot of the issues ♥♥♥♥♥♥♥♥♥♥♥♥ ignored before throwing this baby out with the barrel of used condoms and old heroin needles.",False,2,826
Its a game!,False,0,5
"Ok, in the beginning I had some fun playing it.
Then I hoped for new content. But I was disappointed to learn that there will be no more content.
The game is abandoned.
The price of 9,99 € for a game in this state is way too much.
Wait for a sale and if your expactions are not so high, you can have some fun with this game. Perhaps...

But my most instructive experience with this game is one thing: Be careful to buy a game in the state of early access.",False,1,395
"this game had so much potential, the abandonment  by doublefine is a shame.",False,0,2374
"The game had potential. Loved the concept, Loved the Genra.......That's basically were the props end though. I don't know what it was but the DEV team could not handle this game. Something happened and I have not looked into why but this game is basically done for. And in it's current state it's not worth playing. 

Well that's sometimes the risk. But I can't recommened anyone buying this. I should have made this review sooner but my friend recently reviewed the game so I should as well to steer people off of this game. 

From what I understand fans of the game have made unoffical updates? My hat goes off to those people but I can't play this anymore. If you are one of the fans patching this game. Check out a game called Rimworld. It has an amazing modding community and the game itself is not going to be abandoned. If you check out Rimworld and like it come to the Ludeon forums and help build a great game.  

Now I have not said much about Spacebase DF-9 besides don't buy it... And that the game is abandoned. The truth is I forget nearly everything about the game. It has been a long time since I played. I was waiting for many updates and bug patches that never came. It's your avereage colony sim but in space... If it was developed better it would be amazing.",False,1,254
It's a crime against gaming that this is still even on sale.,False,3,6534
"What a mistake buying this was. Tim Schafer ruined it for everyone. But we know that, it's been years. I just forgot to review it.

Was a solid foundation for a game they pushed to 1.0 release, and made it open source (i believe) so that the community who wanted a finished game could finish it/ mod it themselves. Which as far as I know... Never happened.",False,9,358
Hot unfinished garbage. Nothing more.,False,2,230
"gud game, abandoned tho

download unofficial patch for better experience",True,0,7063
"A buggy, but Playable Game.

Sadly it is abandoned by the developers. I think the game has some major promise, but needed some more time and attention.

Twice in 1 hour I had People die due to suffocation because of stupid AI. And in the end, for some unknown reason, my builders removed all the O2 generators. Which set off a panic, and the Game would not allow me to build any more. Even in empty rooms. So if you enjoy watching all your work go up in smoke due to bad AI, This is the game for you.

The game has a lot going for it, and I want to like it. But it's just not done.",False,3,96
"Abandoned, do not touch.",False,1,272
"Spacebase had so much promise, unfortunately something happened on the developer's end and the game was shunted from alpha to live without many issues being resolved.

There is a group working to continue developement unofficially, but I can't reccomend buying the game itself in this state.",False,1,103
"Released from EA in uncompleted state. It's unplayable basically. But it's quite fun.

If you got it free, try it, if you consider buying it I advise you not to.",False,1,507
"The epitome of why Early Access can go wrong. The potential of this game was overwhelming, and it belonged in a marketplace where there are few space building games. And the choice of bringing back the Isometric was good too.

However the choice to cancel, due to a lack of Early Access purchases, is a lesson all must learn in why you don't make a game and place all your hopes solely on your Early Access success, especially when the company that falls foul of this blunder is none other than Double Fine Productions, run by the revered Tim Schafer (Day of the Tentacle, The Secret of Monkey Island, Full Throttle).

If you already own this, hope for the future or for mods. If you don't own this, do not bother. This game is now officially abandoned indefinately.",False,48,513
Great game!!,True,0,379
"Dear public saying this game is good, it is, you are right. But, there is one detail, in fact, not one, but two, not two but three and many more actually... 

1 - Double Unfine
Double Fine finishes a 0.6 game, jumping it straight to 1.0. This is ridiculous. They left a game that was CLEARLY unfinished abandoned! For a 0.6 game it was fine. But it ISN'T fine when you just say ""WELP, SCREW THAT ♥♥♥♥ I AIN'T FINISHING THAT!"". It's wrong! They stole ALL the money from the innocent players that tought it would be a good idea to waste their money in this, apparently good, game. I feel for them, for i am one of them.

2 - Double ♥♥♥♥ You
Good god Double Fine, at least state your reason for doing this! At least do something, just something to symbolize you care a little, just a tad. Just assume you do this... Well, i shouldn't speak to much about double fine... THEY CAN CLOSE THE COMMENTS, CAN'T THEY? Infact, i think im safe, for they care ♥♥♥♥ about us!

3 - The game 
Good as a Work In Progress, terrible as a finished product, bugs and more bugs, repetitive gameplay that gets boring after  5 playthroughs or so and, of course not very good graphics, but it would all be accepted if it was a WIP, but Double Fine, or rather, Double ♥♥♥♥ Our Clients, refuses to care about us. Please, just... State a reason, im furious by that. If you want to just steal our money, fine, Paradox does that always and still earns lot's o' money... But they at least try to maintain their lies! They at least say ""Welp, sooorrrryyyy we gotta increase prices!"" but for god's sake, Double ♥♥♥♥, at least try! Show that you care for us just 1%, it's all i need.

4- Recommendation
If you don't care about corrupt people stealing your money, sure, go ahead. If you want to change that, please, leave. This game is good for base builders, quite fun, I would not recommend it for people with little patience or that like action, as it has little to no action (Only action there is is the Final Raid and some other minor raids that get boring and OP as time goes by, not action, just a excuse to say the game is not the same thing over and over again). 

Angrily, Anders.",False,33,3183
"abandoned game 
had potiential 
boring after a while",False,4,831
"I really, really want to play the game that this is trying to be. But it's so buggy and so obviously incomplete that it's more frustrating than anything.",False,6,182
"Just inadaquate, not worth it.",False,3,41
"I realy believed  that this game could achieve greatnes. Than the devs abandoned it.

Don't buy it. It's a trap.",False,4,168
"dont waste your money, has been abandoned since its release...",False,13,250
Abandoned.,False,44,622
"I wanted to like it, but the bugs and rocky AI make it beyond frustrating.",False,4,102
An exciting early access game that unfortunately was not finished by the developers.  Steer clear.,False,34,155
"Was a promising game at one point. Now ""fixes"" have made it buggy, with glitches everywhere. They released an un-finished game that they stopped developing. Stay away, waste of money.",False,16,623
"The game was fun. It had potential to become one of the best base-building survival games out there. Then Double-Fine abandoned it. There's a fan project that's trying to keep it updated, but it doesn't compare to what could have been. I had fun with it, and I wish something similar would come out, but I wouldn't recommend it.",False,19,1510
"Despite all the negative parts about Space DF-9, it is still a great game. I'm hoping that the developers will come back to fix and update the game, it has the potential to be really amazing.",True,2,170
"The game is unfinished and never will be however there is still a game here that is enjoyable, totally playable and fun - Full price becomes harder to justify as there is not massive amount of content (Just get it during a sale)

It's worth a play if you like Double Fine games or just to see why people are so mad it will never be finished.",True,3,213
"I would have said i'd reccomend this game if doublefine had continued development of it to a much more realistic state to call a full launched title, at best its in EA status still. i bought this well before the "" launch "" and i will say its my fault for jumping on it a bit early, but at the time of my purchase of this in EA, i had many doublefine titles going into my library and most had been at worst, not half bad, at best, really fun. but this just completely baffled me, If i could get a refund, i Would. but it was way too late when they told us "" too bad, so sad "" still to this day, i refuse to buy doublefine games now, in fears of the same thing as what happened to Spacebase DF-9 to other titles, and they should not expect my money to be wasted to a dev i cant trust wont finish a game, this is almost as insulting to me to see in my library as it is to see Planetary Annihalation/Titans.

Side Note: I only made this to keep people away that are looking for a good finished game, this is Not a good finished game.",False,16,67
This game is abandoned and is very boring after playing it for a little bit of time.It is really buggy and unfinished.,False,8,1508
"This is the game that sunk my faith in double fine.  Before this game they could do no wrong by me, and I bought up their games left and right.  Then this happened.

Yes it is buggy, it has annoying features, and needs a LOT of work to get it out of the beta stages.  I was ok with that, since I figured they were working on it.   Then they abadononed it claiming they never planned on finishing it.  do not buy this under any circumstances.",False,29,172
"If I could get a refund on this, I would. Unfinished, bummer :(",False,4,60
"Maybe it's because I went into this with such low expectations, a whopping 19% of reviews for this game being positive, but I actually somehow managed to sink like 8 hours into this doing a few plays and even then i'm tempted to go back to try and do better. 

It's not the level of abanoned I was expecting, that's for sure. These kind of sims games I imagine take a lot of work and I was expecting this to be far less functional for the feedback it's gotten. It actually works okay, I managed to keep a base running for quite a while. I would of gotten a lot more engrossed in it too if I had actually built some proper defences.

As much as I didn't expect to say this, I had fun. It's an alright way to kill a bit of time.

With that said though I wouldn't encourage people to actually buy this unless it's in a bundle or insanely cheap or something. You can get a bit of entertainment out of it, but it is still disapointing on Double Fine's part to even still have an abandoned game up for sale. It's a real shame because there is a lot of potential here.

Seeing as there is no neutral option for reviews, and people probably pick out the positive ones to actually read, i'll mark it as positive, but again, I don't encourage you to actually pay £6.99 for this.


TL;DR : I expected a lot worse to be honest",True,30,537
"I don't have record amounts of time on this game, but I have enough to get the full experience of it. 

I will say this game is very fun also very challenging. 
You can choose the type of ""space"" you'd like to play in. The space will have different densities of resources and different frequencies of enemies and random events.

But I have found this game to boil down to a scalable tragedy event. You can start off in the easiest of space zones and spend enough time there and some horrible things will start happening that become impoosibly difficult to control.

My games typically end by a blitz of pirates that kill most of my crew or diable my systems and let my crew suffocate to death.

The game is still very fun to play and the base building great fun.",True,1,597
"Add my negative review on the pile.

Bought as Early Access and I played it up to ""launch"". This could have been a good game, but instead it's a black mark on Double Fine who dropped it half-baked when it became fiscally inexpedient to support their customers.

I know, this is years after the fact, so why bother? 
Because Steam (for some reason) is still selling it.",False,9,1048
Disgraceful that they're still selling an unfinished game for $10,False,27,139
"When this game first came out I was extremely excited to build my own station, discover deralicts, and fight off any impending would-be bandits that would threaten my jewel of the sun.

But the devs abandoned it, like most devs, leaving it a buggy, unfinished mess.
Sad to say, but a game that had great potential, is now lost to the indie Steam void",False,14,669
♥♥♥♥ you double fine,False,2,1647
Not worth the effort of writing why I am giving it a negative review.,False,1,934
"Synopsis: It's an alright game which has its flaws, but you can mostly work around those. There are also ""BS-death"", but those are mostly early game, so you don't lose much. Don't buy it for the full price, but a few bucks is OK.

(more to come [maybe])",True,0,813
"Stay away, buggy, glitchy, incomplete.",False,13,68
The reviews aren't wrong.  This is an unfinished mess.,False,20,33
"Abandoned, buggy game. Wouldn't play even if it was free. The fact that Steam allows stuff like this to remain up for sale is a shame. Owner is just trying to scam people out of their money.

Do not buy, this game.",False,26,379
Do Not Pay for this Game the Devs Broke the game in last update and never worked on it again for years now!,False,12,2005
"Its pure terrible, the NPCs can't go into a simple place even though it is easy to access, their path finding is broke and it's somewhat unbalanced while when your base gets bigger it gets more terrible due to you having to do space management.",False,1,293
"It had such potential, but it turned out to be a joke at our expense.",False,0,465
"Despite all the negatives, I'm actually enjoying it. I keep accidentally killing all my crew, but still I learn what not to do next time. Reminds me of Space Colony if anyone remembers that game :p",True,3,403
"It's a buggy, unfinished mess of a game. Do not buy it.",False,13,176
"If you paid for this game, you should hope you have enough time to get a refund",False,12,116
"Tags: Tycoon&Simulator&Sim&City
Additional Tags: Delete Local Content & Remove from Library

TLDR: Infamous abandonned kickstarter early access rushed out incomplete.

Tried playing, interactivity was limited, placing tiles and creating rooms felt clunky. Seems like they were mostly interested in ripping off dwarf fortress's lazy newb pack UI and system for crew management. Sim-aspect between teammates or actual in-station behaviors did not seem implemented. Pathfinding was rudimentary. Ensuring life support system's connection to station power and extending the grid was a tedious confusing process.",False,0,89
I do enjoy this game as it is but (and this is a massive but) the game is incomplete and that is what hurts with this game.  There is so much missing from this game and you know it when playing it especially once you have done the research and the rooms are constructed. But in the games defense it is a fun little game that throws the occasional curve ball at you to keep you on your toes and with a few mods in addition it turns into a good game. I'm checked I would recommend because you have to but I neither recommend and don't as my own feelings are still mixed,True,1,756
"Abandoned, unfinished game.",False,14,732
"A lost, abandoned game...",False,4,477
Buggy game abandoned by it's devs. Do not buy.,False,29,466
incomplete.,False,6,125
"It had SUCH amazing potential, and was abandoned partway through development. So sad.",False,3,1875
"I saw all the negative reviews, but I still wanted to give the game a chance. It seemed only fair. 

However this is terribly glitchy. Some buildings work, others don't. Couldn't even complete the tutorial because I built the required buildings but the people couldn't actually use them properly. 

I couldn't even get an hour in before giving up . Don't waste time or money in this. Waste time and money in something you can actually play for more than an hour and that actually does what you want it to do.",False,8,20
♥♥♥♥ you doble fine u ruined my life,False,2,494
Avoid at all costs.,False,4,230
"Played for a while, thought I was doing okay. Game is painfully slow and the AI pathfinding is terrible, but things were decent.

Got attacked by Raiders for about the 20th time in half an hour (I picked an area that supposedly had a 'Very Low' risk of being attacked by raiders), no issue. They'd come before, I'd taken them out easily.

Single raider wiped out my entire security team. Wasn't even far enough in the game to have researched better weapons yet (because if you don't build ♥♥♥♥♥♥♥ shelves everywhere your little people will whine) And he then proceeded to kill everyone else (after taking out the oxygen supply).

Nevermind that Raiders are ♥♥♥♥♥♥♥ pointless anyway, because the ships they come in don't wait for them to be done, they just ♥♥♥♥ off.

So it's painfully slow, not particularly compelling, and it takes about 10 seconds to get ♥♥♥♥♥♥ up the ass.",False,3,182
"I am well aware of Tim Schafer's Molyneux-esque decline from a position of respected industry veteran to corporate slime-ball.  I am also well aware of Spacebase DF-9's troubled development and reputation as the quintessential example of a consumer-unfriendly kickstarter failure.

So why did I pick up this game?  It was dirt cheap on sale and, in theory, it contains many elements of a game that I should enjoy.  Base construction, resource and personnel management, quirky characters to enlist or engage- all wrapped up in a sci-fi setting.  I was expecting that it would be an incomplete experience good for a couple of hours of play with no worthwhile end-game.

""Incomplete"" doesn't even begin to describe this disaster of a game.  The UI is unintuitive.  The AI is incompetent.  The QA is nonexistent.  Each of these elements adds a layer of frustration to the experience that, had I known existed, I would not have bothered to play even if you payed me the price of the game to do so.  Every element is broken on some level.  Had the developers an ounce of integrity, they could have easily invested the time (for which they had been paid in advance) to bring it to a servicable level, but this is nothing more than an embarrassment for which they should be ashamed.

Do not buy this game.  Do not buy games from this developer... unless it's Psychonauts.  Buy that instead.",False,34,743
"This game came in a bundle I bought, and It kinda sucks. There is no explanation of what to do, or how to do things. I figured stuff out after a while but it wasnt enjoyable.",False,4,72
"We we're boned, what's more to be said?",False,2,26
"Hello there fellow gamers!
If you liked this game, or you would bother pursaching it but you won't because of the bad reviews, I have great news for you! An unkown team from the internet made unofficial patches and bugfixes (what DoubleFine did not do) for the game. I have been playing for hours now with that patch, and it's extremelly great!
They fixed:
-when people at your base stay sad all time
-technicians not repairing stuff
-and more!
I can recommend you this game 100% if you are willing to install the patch, otherwise only if you get it for free.
Link for the patch: http://www.spacebasehub.net/",True,732,578
"I love Double Fine games but this game is completely unfinished!

Hopefully it isn't caused by the expense of their new studio, previously Double Fine games were known for quality.",False,9,210
THIS GAME SUCKS ♥♥♥♥. NEVER FINISHED GAME,False,5,547
Mediocre!,False,4,219
Rip Early Access Games,False,1,78
Was shaping up nicely with some really fun ideas. Developers have long since abandoned the game in an unfinished state. Don't bother purchasing.,False,31,60
"I know I checked ""no"" on recommendation, but I still loved this game!  Bottom line is, it's about 90% complete and has some holes that will drive you a bit crazy, but the 90% that is done is excellent, fun, challenging, creative, etc.  I logged about 24 hrs total play time and will likely not play it again, because I did everything you can in the game.  I wish the developer would take another crack at it, fix some of the bugs, and finish some of the features that never showed up.  This game could have been a staple of excellent indie games.  

Super fun, good multi-hour entertainment, but yes, it's got some gaps/glitches/issues that keep you from coming back after a while.",False,16,1400
"Had potential but was abandoned by the developer, leaving the game in an unfinished, buggy state. Not worth buying.",False,9,1505
A B A N D O N E D.,False,5,60
"Its simple with not a lot of content, but that in no way mean its short. My longest game was about 12 hours long, theres not a lot of different things to work with so you can just keep expanding what you already have. Hundreds of fully furnished bedrooms, dozens of bars, hallways, farms, pubs etc. You can literally create a large scale city. After a while i have so much resouyrces that my whole base is surrounded by turrets so im not in danger from raiders. Dont hate the game for the lack of content; love the game for the big things you could make it into",True,3,1248
THIS IS NOT WHAT THEY PROMISED :c,False,4,1708
This is just a big piece of ♥♥♥♥♥♥♥♥♥♥,False,0,152
"Unless Tim Schafer decides to clean up after himself, I would continue to boycott all games he has a hand in. I would recommend the same for anyone else.",False,20,3545
"The concept of this game is genius and should therefore have a lot of potential – but after a relative short period, the game gets impossible to play. The workers in the game rather talk to each other than doing there duties - and this means of course, that your whole base just die in front of your eyes, even you try desperate your best to organize the base-crew  - but when only a very few will follow your orders, of course it must end bad … and in every game!  

I do have understandings for the fact, that is not an easy thing to do, to program a game – but this game has been for sale on Steam now for ages, and even so, the programmers of this game, still won’t lift a finger to fix the errors – so, shame on them, and shame on Steam for selling this game full of errors … it is so sad that the gaming industry is so greedy and obscene!",False,0,2964
Completely broken and abandoned by the developers.,False,1,108
Unfinished. Abandoned. DON'T BUY.,False,36,323
"Well I have something to say.WHAT EVER YOU DO, DONT BUY THIS GAME!!!IT IS THE WORST GAME EVER!!!",False,0,10
Abandoned. Don't buy.,False,5,626
"Good ideas, could have been well executed, but hardly any content and abandoned by the developer & publisher.

Very sad because if they just bothered to spend a month adding more rooms, objects etc this would have been a good game.",False,0,103
"Played it for 2 hours and it really was fun. But once you have build every room it stops being fun (there are about 10 differen rooms).

After 2 hours it's boring. It's not worth 9.99 € but I bought it via the Double Fine Bundle and it's a nice addition.
Whilst I love the idea ant the early game seems polished it just stops there. There pretty much is no mid or end game because once you got al rooms there is no more to see.

Also the combat is not rewarding. One cannot gain anything from it but the risk of losing a guy is really high so i always kept away from combat situations. Also the combat is pretty boring since one can only tell the minions a rough direction which they capture and defend themself.

Never figured out how to do science even tho I had the room, the machines and a scientist. Ugh.
One never really needs the science anyway since everything can be archieved using the lvl 1 machinery that one can build from the start. Mostly i never needed to build a second lvl 1 machine for my needs.

It's really annoying that one cannot command the minions themself. It's annoying when they are carring out a deadly policing command or just standing somewhere in the danger zone. It would really help if one could commandeer them.

Also there is no priorititzing system which means that a mid-size base becomes unmanageable.

If you seek a fun base building game I recommand Dungeon Keeper 2 or Prison Architect.",False,0,5
"It seems to be an unfinished one. Only recommend for players with [b]script programming abillity[/b] by now. [b][u][url=http://www.lua.org/docs.html]Lua official documention[/url][/u][/b]
游戏玩起来感觉是一个半成品。目前只推荐有[b]脚本语言编程能力[/b]的玩家入坑。[b][u][url=http://www.lua.org/docs.html]Lua官方文档[/url][/u][/b]

Game's already open-sourced, and source code(basic object, logic, etc) can be modified in Data folder of the game.
游戏已经开源，源代码（基本的物品、逻辑等等）可以在Data文件夹里修改。

Game is not so bad as I imagine, BUT...kind of not so well source code readability(just some part), so [b]MORE ANNOTATION PLS[/b]?
And I don't think many people know that most source code of this game is [b][u]CPAL open-sourced[/u][/b] and [b]can be modified[/b] by rewritting lua code directly [b]BEFORE THEY GET THE GAME[/b]...
and lua-mod Enabled(a Mods folder in it with README)? [b]WHY DONT YOU SAY IN THE GAME INTRODUCTION?? WHY NO STEAM WORKSHOP?[/b]
I can give a [b]7 even 8 (out of 10) to this lua game engine[/b], but only [b]1 even ZERO to people who published it & debugged for it[/b]. I wonder [b]DO YOU KNOW WHAT DO YOU WANT TO DEVELOP[/b]?
游戏不像我想象中的那么糟糕，但是……源代码可读性不是特别好，开发人员[b]请多写一点注释[/b]？？？
还有，我觉得很多人[b]在入手之前[/b]都不知道这游戏绝大多数的的游戏代码是[b]CPAL开源的直接就可以改[/b]……
而且还可以上mod(有个Mods文件夹里面还有README)？怎么不在游戏说明里说呢？也没有创意工坊……
这个[b]用lua写的游戏引擎[/b]可以[b]给好评[/b]，但是[b]发行/维护人员的态度我无法接受[/b]。搞不懂[b][u]你们为什么要做这个游戏[/u][/b]？[spoiler]面试员工debug能力用？[/spoiler]

On the whole, I recommend it, just because it provides a open-sourced lua game engine.
总的来说，我推荐它只是因为它提供了一个开源lua游戏引擎。

Oh, and because most friends of mine are programmers, maybe.
噢，也许还因为我的不少朋友都是程序员。",True,5,1392
"Sadly released unfinished. Can be a fun game, and a decent time waster, but I wouldn't recommend it at the current full price ($10.99 CDN)",False,2,2763
"Tim Schaffer proves he is the funniest writer in videogames by pulling a practical joke on his customers by selling them a ""finished"" game where the workshop DLC is they have to finish the game themselves! 

SO FUNNY TIM, YOU TOTALLY ARE NOT A WASHED UP HAS BEEN COASTING ON THE LAURELS OF YOUR PAST ACHEIVEMENTS",False,0,98
"CAN BE BOUGHT

Nice little trashgame. stupid crappy funny!
This game is unfair, imbalance, buggy and absolute impossible to win  = very frustrating. But i love it! XD 
Finally a challenging economic sim that has a flair because it crappiness. You realy will often laught about the bugs. if your station finally runs good and you go to hit the 100 people, the KI switch from nearly offline to suicide. every time everyone on the station is demotivated because ALWAYS someone dies in around 5 mins and then after all are dead, a ship hails you and you start with the next crew... if you station is to hard f***-up simple start the next and try again ^^",True,1,1479
"How the hell did I buy this?!
It is so un-polished that makes me feel that even the concept is broken.
Have played a few terrible games thanks to steam summer sale madness, but this takes the ice-cake top.

So whats annoying other than the clumsy user interface and lack of anything fun?
Guys are running around like idiots while raiders are shooting them dead is one of the prime examples.
And bugs like messages with font size 72 stuck on your screen forever.

Did I mention that there is no content in the game? Yes, there is nothing really.

Edit: Got it for £0.69, but I can't recommend this game at any price.",False,16,80
"Don't

Just don't",False,2,992
"Oh yeah forgot I bought this game. Sorry if I took almost a year to post this review I was supressing this bad memory. 

This game is SHAT!",False,3,58
"I got this game in a sale for next to nothing and had some hope for it as a space base management sim. Unfortunately the AI is awful and the mechanics for raiders and derelict ships are awful. The first time I played I managed to get 2 rooms made, an airlock constructed and everything needed for people to survive only for the first person to enter the airlock and glitch out, meaning that everyone else couldn't get inside and they all died. Great (sarcasm).

The second time I played I used the tutorial and got a lot farther, even setting up defensive turrets at my airlock to repel boarders. They don't use the airlock apparently and just cut a hole through the floor of ANY room and enter. Great again. Then people assigned jobs, don't do their needed tasks and get stuck talking to someone, doctors don't clear up corpses or attend people in airlocks, stopping everyone from entering or exiting. Their's no way to urge someone to do a specific task other than assign them a vocation and hope they know what to do. The security team kept going to a derelict with an alien enemy on board that kept killing them even though I'd cancelled the security tag and not claimed any areas. Then the doctor went over there to get the corpses..... It didn't end well.

All in all, this game is a frustrating mess, half the time you're just sat watching people trying to do a task that you have no power over but you know how to solve it and what dangers are there. The other half you're trying to assign people jobs that won't make them throw a tantrum and trash the only airlock while raiders are entering your base through the bedroom and killing people while they sleep. 

Don't buy it, look somewhere else for your gaming needs.",False,0,193
"I can still remember when this had updates! When there were hopes and dreams, the promise of a finished game were just over the horizon! When Men were Men, Women were true Women! When Alien Parrots really were aliens and not the sad, mutant ones you get in pet shops these days.

Why again is this still being sold on the Steam market? The creators have abandoned it. As of writing it's on sale for $0.99 and I'm not sure I'd pay even that for it. Expect bugs that will never be fixed and gameplay that will never be added. This is the reason why people shy away from Early Access games; they even had the gall to remove the EA label even though it's unfinished.

If you're really that desperate to be rid of a dollar, I'd recommend you just throw it at Toady One and go back to the source of the river (Dwarf Fortress). Or buy RimWorld instead. At least with both you're getting more content and work towards completion.",False,4,330
buggy but you can still play through it and you may have some fun you may not good luck,True,0,1888
Half baked turd.,False,4,75
Another abandoned unfinished cash-grab scam by Double Fine and Tim Schaefer.,False,18,80
"It's clearly unfinished and will never be in a proper state, but it's playable and enjoyable. So maybe don't buy it full price. Wait for a sale or something.",True,1,114
"Short version - Don't waste your money

This game was very promising, graphics look ok, idea was pretty good, however it has been abandoned by the developer, in its current state there are too many bugs, glitches and balance issues for it to be worth wasting money on.",False,19,1039
This hot steaming turd will break anyone of buying pre-releases!,False,4,337
"I really liked it at first because I saw a youtuber named ""Offical Nerd Cubed"" play it, and it seemed fun, now that was until I was being raided every 5 seconds. Along with the fact that the developer completely abandoned it and won't update it anymore. I would give it a no-go for anyone interested in purchasing.",False,3,282
"On sale it's a okay deal for a game with a few hours of gameing, and when I say a few I mean about 1 or 2, it's an abandon game with no updates or support.

It's sad because the idea is great and most of what is made at the point is fun, but it gets boring fast.",False,4,489
"First off, I love this kind of games. And it was kinda fun for the first hour or so. Problem is - that's pretty much it. There's really not much in this game than a showcase of a game concept. Heck, there's less here than in the old days with demos.",False,0,280
"The game has its moments where it is pretty fun, however, the game seems more tedious than anything.",False,2,318
"LOve the game honestly, few things need fixing and a shame the makers gave up on it. The negitive reviews are only because they bought the game full price like me and theres no support or future updates for it.",True,2,621
"It was good to start with for the first 20-30 min untill i had to start my base over and over again.

People were happy but would still not do there job.
people would attack parts of my base with out any raider being in it.
if there was a raider that died out side my base my doc would fly all the way out to him and pick him up even if it ment the doc would run out of air half way back.

to many bugs. no longer updated. feels like it was rushed out the door.",False,10,276
"I have played this game for several hours. I'm a pretty tolerant kind of guy.
I knew there were some bugs in the game. But that did not stop be from trying this game.

After playing for hours I can only conclude that the game is unplayable because of the many bugs.
I even tried path 1.07 and 1.08, but I could not see any improvement.
I liked playing the game, but I'm very sad that because of the bugs I cannot progress in the game.

The idea and gameplay of this game are awesome.
It's something I miss in the gaming community, there are only a few games like this.
If all the bugs were fixed, this game would match all those before it.

Some bugs I encountered:
- AI stuck in air lock (to fix this restart the game)
- New crew keeps floating in space until they run out of air (restarting the game doesn't help)
- In 1.08 the security teams do not follow orders

Also the events in the game are pretty random, like in FTL.
I choose a location with very low chance of raiders. At one time my base was devastated. Took some time to fix a lot of things. Then 3 raider ships showed up simultaniously, finishing the rest of my base.

I also did not like that most of the crew were not attending their duties.
Instead they chat, exercise, sleep or just idle (maybe a bug).

Because of all of the above, the base is not making much progress. My base usually gets destroyed by raiders.
My crew usually dies because of the suffocation bug or are killed by raiders

Things I miss in the game:
- turn off raiders option
- save slots
- difficulty setting

If you like this game and are trying to find others like it, take a look at these:
- Theme Hospital
- Dungeon Keeper (2)
- Dungeons 2
- Startopia
- Evil Genius
- Space Station Alpha
- Planetbase
- Astrobase Command

If you know a great game that could be on this list, please let me know!",False,37,389
"Fun, but could really need some upgrades, like the option to save multiple games, instead of just the one.",True,0,1322
"Totally broken and impossible to get a game going for any amount of time (no matter how hard you try or how long you play) before the AI turns useless or your base requires some impossible conditions, or you're attacked by NPC's that are impossible to beat no matter how hard you prepare based on the stage in-game.",False,4,711
"Game was abandoned, it shouldn't be on Steam.",False,35,236
"DO NOT BUY, this game could still be fun if you just want to manage a base with minimal things to do, well even if your having fun with that youll be attacked by a stupid large force of pirates at some point and youll watch everyone die. 

NO SAVES
BASIC BUILDING
CAMERA MOVEMENT SUCKS
WHO MADE THIS!!",False,18,2386
still looks dead...,False,3,203
"This game has so much potential...and so much disapointment.  Constant attacks (of unfair strengh) and poor AI: These are the chalenges to overcome when the goal should be to build a good base.  It's like playing SimCity with the disasters turned full on constatly.
Worse yet: The developers stoped making money, so the slaped a 1.0 on it and called if finished.
DO NOT BUY THIS GAME!",False,3,447
"The idea was good, but unfortunately it was abandoned by the developers. In this state it's neither a complete nor a good game.",False,3,497
Why is Steam still selling fake games?,False,6,27
"Game was looking great until the developers decided they weren't making enough money from early access sales and abandoned development. They did shady ♥♥♥♥ like changing their development roadmap to take out future features, then released the game as ""1.0"" even though it was incomplete.",False,12,262
This game had so much potental but the devs gave up on it and it never really left the early (early) access stages. If it had a few months of more work and a few months of polish it would be a good game.,False,1,671
Not the best space base maker :/,False,1,173
"If you get it in a bundle, or as a gift, it's worth playing (just make sure you get the community-developed unofficial patch from spacebasehub.net first). But unless you have £7 to burn, don't buy it alone. It's not a finished product.",False,49,5733
Abandonware.,False,3,822
"Spacebase DF-9 is a buggy and unfinished mess, the colonists will often asphyxiate because they can't find their way through or out of the airlock. I paid 10 cents for this game and it still wasn't worth it.",False,16,218
"Unfinished broken pile of buggy crap.  Tim Schafer takes kickstarter money and cranks out pure garbage these days, laughing all the way to the bank.

Oh, and on top of all that, it was coded in LUA?  Gimme a break.

Just listen to this jerk try to spin excuses.:

https://www.rockpapershotgun.com/2014/09/22/tim-schafer-spacebase-df-9/

""We have stumbled awkwardly through some new territory with this game, and in terms of early access communication we fell short."" - Schafer

aka ""I've been making games my entire life and somehow I let this project spiral out of control and for the life of me don't know what the hell went wrong because I'm a lazy incompetent douchebag.""",False,0,73
abandoned,False,0,413
"Game Is Abandon & Broken. 
Steam should remove this game from the store,  but we all know steam has no quality control so its not likely to happen.",False,1,171
"Vaporware? Beginning of the end for double fine? 

1/10",False,6,121
"Let me state that I believe this to be a great game concept with a good start. However, the game has a high amount of issues for a game released in 2014. Hopeful is the best I can be at this point, the game remains broken, when so many problems are so obvious. Some are visible once you complete the tutorial. Steam has an obligation to the people that buy the Early Access games but they are not holding up their end of the bargain. The game is not complete and no refunds will be honored, so we are stuck with this mess. I will not be paying for any more games released this way and suggest that you all follow my example. A cheap game is still suppose to be a complete game.",False,1,2876
"This game could've been amazing. It was already on track to be really good, but then Double Fine gave up on it and left it for dead.

RIP game, don't buy it.",False,10,197
"Do not buy this game, was rushed to released to become abandonware.",False,17,99
"I've played Spacebase DF-9 a fair amount, and I've always enjoyed it for the most part. The problem with this game is that it is FULL of game breaking bugs and half finished features. To top it all off, the devs gave up on it long ago. 

This isn't a finished game. If you buy it, get it super cheap and appreciate it for the kooky game it is, but don't expect a smooth ride.

Abandonware always gets a thumbs down, though I really wish I could give this game a thumbs up.",False,1,1393
"Alas bought the game during early access (thought well its Double Fine, so it will be safe). But alas they dropped it before it was finished and then ""released"" it in a non finished state. I write this as I see its on sale via the Double Fine Memorial Sale....keep away.

Seen smaller Devs (some single band), and smaller producers manage early access releases on a much smaller budget and release a fine product. Don't let Double Fines pedegree fool you (although they were not the devs), on this one :(",False,25,144
"Gamplay just... BAD
so hard to play.",False,9,864
Do not buy.  The game has been abandoned by devs.,False,21,227
it is grat it fun and cool,True,1,953
Abandonware...♥♥♥♥ the people who made this game. May they be eternally kicked in the genitals.,False,39,115
Abandoned game. A shining example of why pre-release needs to be better moderated by steam.,False,56,51
"Left to rott by makers, but was rushed together and then left when things started going down hill. A shame as it started off as a good idea for a game.",False,13,651
"The game looks somewhat fun from the screenshots but in practice the game is rubbish. If the AI kill themselves in the game regularly, that's a testament to even the characters don't want to be part of this ♥♥♥♥♥♥ game. 

5 asphyxiated astronauts/10.",False,2,38
The game's alright but not worth buying.,False,5,609
"To call this a game is to wave one's genitals in the direction of your nearest video game console.  This is a pre-Alpha at best.  It's broken.  There are tonnes of half-finished conent in the game, and a bunch of artifacts and features that were included but have no current use.  It's just not fun.

2/10.",False,0,1461
"The developer took my money, then ran with it. I'm a big ♥♥♥♥♥♥♥ sucker.",False,8,141
"This is like the most trash base-building game I have ever played.
I ran out of things I was interested in doing before I had even played an hour.

My expectations were so low, and it didn't even meet them
It is REALLY bad!
Don't even bother with this game.",False,21,51
"HMM

I cant even get it to play a little bit. Even with the patches from the unofficial official whatever.
bah",False,0,8
"i don't recomend this game, it was abandoned and left to die by the developers and part of the cmmunity is working hard to fix all the ♥♥♥♥ they left behind, it is only because of this i managed to find some form of enjoyment in this game, if you are buying this game get it for 99p on a sale and get the community patches without it this gamecrashes prefusely and can screw over your entire base via a glitched out gun turret",False,26,633
The devs gave up on the game.,False,12,384
"To much Sim City, not enough DS-9",False,1,71
Developer abandoned game after making bold promises. That in itself is not worth a bad review. The lackluster mechanics and performance are however. There are bugs that will never be fixed for this game so keep that in mind.,False,6,592
"i Recommend it .. to those of you with the understanding that its very beta. Its a GREAT game, concept is SOLID , it just has a long way to go, a lot of balance and checks , very glitchy mostly in pathing areas that are ""safe"" get raided almost as much as ""High Risk"" zones. like i said. a ways to go but this IS a really FUN game. i play even WITH the problems",True,3,661
Classic abandonware. Felt like it had a lot of potential before being dumped by the devs,False,8,288
"I would for one just like to say i dont understand all the toxicity on this game right now ive played this game long enough to know this game deservs way more credit then it was given yes it does suck that it was abandoned so early and i think thats all people are pissed about i see comments about how the AI is brain dead well ive played long enough to take notice that when your people live together they have conversations together and you can somewhat read how they went if you look into a charecters stats and ive realized that if those same people meet again and they didnt start off to great then they tend to break out into fights more often so i will for one say the AI is not brain dead and this game has enough to work with to be considered more then functional derelict ships pop in and out of my area as time goes by normally i have someone svaenging on that hince my way of surviving if i start to get low on asteroids there is a real feel and sensation to this game, and i feel that those people with 1-2 hours of gameplay dont know what they were talking about the game was probably to hard for them and there brain dead pissed about it. i personally do not run into to many bugs there are bugs yes i wont say this game is perfect like i said it sucks that this game was abandoned because it has so much more potential",True,0,507
"I bought this game because I liked and trusted Double Fine.  I still like Double Fine, but I no longer trust them.  No one should after they packaged and sold a turd like this.  This game is crap. No content. Broken mechanics.  It could have been good.",False,15,422
"It seemed a nostalgic experience and I flirted with the idea of buying it for quite some time. When I finally Did, though, I couldn't get more disappointed. I love a bunch of Double Fine games, I respect Tim's long life story in game developping, but this fruit fell far from the tree. It's underdevelopped. It's as if they got a game from the Theme Hospital era of simulators and threw here. For a 2014 game, it could have been so much more.",False,2,452
abandoned by developer,False,4,155
skip this one.  Dead game,False,7,609
"The fact that this game was one of the ""Early Access Cons"" by PC gamers, should say all you need to know. The developers abandoned development of the game, and there is just a buggy mess. I mean, if you hit escape too many times while trying to close menu's ingame, it'll actually exit the game altogether, losing all your progress since the last (manual) save. It's honestly just frustrating to play, and definitely not enjoyable.

If you really, REALLY, want to buy this game, wait for it to be on special. Anything over 50c is not worth it, in my opinion.",False,14,182
"Double Fine is great but this game is a joke at best... you could even call it a scam.
Its not even finished its full of gamebreaking bugs, the AI is braindead and theres just nothing to do after a while (1 or 2 hours). But this game was simply not ready to go out of early access and they released it anyway. possibly because it was not throwing out enough money. Either way. Don't buy this game in any case whatsoever unless you get it for 1$ or below(i'd say its worth that much). Its just bug ridden and does not offer much content. But i do like the concept.",False,6,276
"Waited years for this game to be complete only to find that it is yet another disappointing reminder that game developers are ripping people off while being beyond any negative impact as we cannot be refunded. Highly disappointed and will never buy games from Double Fine again as I am doing with all other developers who are practicing this ""abandonware"" practice.",False,17,1270
Abandoned before birth,False,10,260
ded,False,3,166
iam still mad,False,10,120
"Unfinished, feature incomplete, and very buggy alpha passed off as a finished product. Sad... this game had a lot of potential...",False,13,236
"This ""game"" is abandonware that was shoved out the door to meet the bare requirements for release. This was a scam. Do not purchase, there is no game here to be had.",False,38,158
"I loved this game when first appeared, but wow did the creators ♥♥♥♥ on this game, completely abandoned. no updates since November 2014. Just another Early Access disappointment from Double Fine Productions. Never finished.",False,14,84
"This game is the reason why some people hate early access.

This game is completely unfinished. It has several bugs and no endgame. It was left for dead on the side of the road by Double Fine. It is still somewhat interesting, and I do play it occasionally. If someone ever decided to make something similar enough, I would probably never play this again. If it's on sale I might consider it but...

Here's the story:
Many years ago (~2014), Double Fine made Spacebase DF-9 available for early access and promised to make it into a complete game. There were many high hopes for the game at the time, but at some point in the development, it was decided to stop development. Double Fine made a tutorial and adding mod support, but then it completely stopped supporting the game in any way. There were some attempts to finish the game with modding, but there was never any large effort to my knowledge. After the developers abandoned it, so did many of the community.

The fact that Double Fine decided to charge full price for this game absolutely shocks me. However, since Microsoft acquired Double Fine, I doubt many people even realize this still exists on Steam.
If you've come here looking for a game, you won't find one. If it's available on sale for extremely cheap, it might be worth picking up, otherwise don't touch this game.",False,0,5565
Double Fine =/= Quality.,False,2,218
Just poorly handled across the board.  Disappointing to see a well known studio taking advantage of the community like this.,False,29,235
This is crashing all the time...,False,2,5
"I will start by saying what there is of the game is good! The graphics, the music, the gameplay it's all good. The problem is that there's so very little of it after Double Fine abandonned it mid-production. This is a dreadul thing because when playing you will probably enjoy what's there. It could have been great if it had been finished.

It baffles me that a company like Double Fine, who have had a sterling record before now, could have done this. Frankly I don't even think there's a good reason for abandonning it since it seems to have been sold better than a lot of other games out there. It's like they were expecting get the biggest selling game of all time and nothing short of that would do.

This kind of behaviour should not be supported and for that reason I cannot recommend this title.",False,6,1761
"This game was never finished, never went beta.",False,11,925
"Spacebase DF9 is a space management simulator where a small pod of astronauts set out to create a new space colony. You have to manage oxygen, food, jobs and the happiness of your intergalactic residents. As you progress, you will need to continue expanding to make space for new residents. The game had the potential to become an enjoyable simulator, but fell short in so many ways. 

PROS: 
The graphics are decent. 
The sound is fitting for the game. 
Most of the astronauts are not human, they are alien, making for more interesting looking characters. 

CONS: 
The game is very repetitive. After only an hour of gameplay, all the messages are the same, all your residents are saying the same things, everyone behaves the same etc. The game is severely lacking in variety. 
The A.I. is brutally stupid. Your colony can die because your mechanic is to depressed to fix the oxygen generators, killing everyone. 
There is quite a limited amount of things to build. Once you build each type of room, all you can do is keep making the same things as more astronauts arrive. No matter what, the gameplay is boring after the first hour or so. 
There is a lot of waiting, even when you speed things up. 
When you encounter problems, there is a fixed solution to deal with them. It gets even more boring and repetitive when you are forced to do the same steps continuously as the game progresses. 

It all comes down to is repetitiveness and a loss of interest. The game could be so much better if there were more scenarios and problems and multiple unique strategies to use. Unfortunately, this game is not worth the price when there are so many better alternatives available.",False,3,344
"Early access game, unfinished product pushed as a Release.

Will never buy again from Double Fine.

Extremely disappointing conclusion to an early access story, even though the developper released the game's source code.

Do not buy.",False,2,688
"game has not been updated in 2 years, consider dead",False,1,60
ok,True,1,2096
"you have to build up your base but every 2 minutes something happens that completely destroys it, you can't really get anything going because of the events. not fun",False,3,259
Got ripped off.,False,12,251
"Had promise, but DoubleFine quickly abandoned it. Wish they gave refunds when abandoning projects.",False,15,834
"Don't bother, buggy as heck.  They released the game early access, got as much money as they could and said 'Oh well, we didn't get paid enough, we're just not finishing this.' and released a patch claiming to bring it up to a 'Finished' version.  This isn't anywhere near finished.  I don't buy any DoubleFine games anymore unless they're part of a bundle elsewhere because of this bait-and-switch.  So disappointing from a company I've admired over the years.",False,8,119
Its just crap,False,4,61
"I bought this game a few years ago for $30 when it was still in early access. Thirty dollars might as well have been burned. Don't get me wrong, I like this game, and I think it could have been so much more than what it is. 

In terms of gameplay, it's decent. There's lots of options for zoning, wacky randomly generated names, and a unique art style. But it's obvious that the game's been abandoned by double fine. There hasn't been a major update (or even an update at all, correct me if I'm wrong) in who knows how long. 

Then there's balance. When I first played this, I was extremely frustrated with the raiding and pirating system. There was really no correlation between base level and defense systems and the difficulty of any enemies. Seriously, you know no effort has been put into balance when you have 2 entirely unrelated raider boarding parties entering your base when you're barely 10 minutes into the game.

In terms of replay value, I struggle to find any.

In conclusion, I think this game is a bit of a lost cause. It had potential, but it was thwarted by bugs, balance, and lazy devs. It's a shame, really. I recommend taking a look at Prison Architect if you still want a game similar to this, but far more in depth and absolutely worth the price.",False,10,1050
"Overall Rating: ★★★☆☆☆☆☆☆☆
Graphics:         ★★★★★★☆☆☆☆ (Decent enough for this game's style)
Sound:             ★★★★★★★☆☆☆
Gameplay:       ★★★☆☆☆☆☆☆☆
Storyline:         ★☆☆☆☆☆☆☆☆☆ (There isn't one)
Replayability:   ★★★☆☆☆☆☆☆☆
AI:                  ★★★★★★☆☆☆☆

Video: 1 hour 19 minutes 15 seconds
https://www.youtube.com/watch?v=YQc0HDXnmL0

Video: (Speed up version of above, coming soon)

Review:
Double Fine has the capacity and the know how to make this game better, but because of the overwhelming amount of bad reviews, they won't be ever coming back to it.  This is unfortunate, because I rather like the game and think it could be improved a lot, especially if I can get ahold of the developers who were tasked with this specific game and give them my detailed unbaised input on things.  Having talked to several other game devs in my time, I've learnt several things about the development scene so I know how to work around certain issues with development to help make a game better.  However, it seems thathis game is abandoned.

In its current state, it ""works"", but you have to be real lucky to get a good base going and you need to place lots of turrets everywhere and rapidly expand as fast as you possibly can.  I guarentee you're going to lose, a lot.",False,1,2155
"I love this game but somehow i broke it. I built too many things and collected all the things and it broke. When i boot it up, the whole map is black with all the internal items showing. Can't zoom in, can't do anything. I tried to drop a new seed but it just goes to black. I love this game, pls fix?

Also there are some things that bother me about this game but since i haven't been able to play, i have forgotten them. OH how do yu cure depression? ALL of my people end up being insanely depressed and start fighting/killing everyone else...

otherwise great game.",True,0,1152
"Decent game, but completely unfinished.",False,0,1169
"Abandonware, don't support the developers who enabled mods and all but said, ""We don't have any more money to waste on this, you guys fix it if ya wanna play it."" then ran",False,16,960
Take your $10 and burn it. It would be a better investment than buying this unfinished empty promise.,False,15,1154
Incomplete and abandoned game. Do not buy.,False,16,19
"A very bad early access gone to release game, so many features promised, but ultimately undelivered. We had slience from the devs until the release",False,0,256
"To be honest, it is reasonably fun. If it goes on sale for a dollar or two, you can pick it up if you want, but I wouldn't pay full price for it. It's abandoned, but you can get community mods for what it's worth.  There's a lot of wasted potential.",False,9,2340
"Sometimes you get something early access and it is terrific, sometimes you get burned

THIS IS A DIRTY MONEY GRAB 

don't waste your money on this buggy long forgotten mess",False,14,3659
"An unfinished game, this as it is is a waste of time and money. However, much to my surprise, the fan community banded together and created an update/patch that thankfully made this game playable. Without the update, there is no point buying this, but if you are planning on buying this game, be aware that it's a piece of garbage without the fan-made update.",False,0,678
Bad playability. Tutoral doesn't explain everything. Gameplay isn't very clear.,False,4,102
"Obviously there is no shortage of hatred on this game. And it is not undeserved by any means. Double Fine betrayed all of the supporters of this game by making many promises, delivering very few, and eventually completely abandoning this game. I've owned it for quite some time, as I purchased it very shortly after it was greenlit. I'm not here to White Knight in any way for the Dev(Double Fine). [b] Screw. Those. Douchebags. [/b] I will never purchase anything from them ever again.

However... There is yet, a glimmer of hope. Now, it's no secret that this game is riddled with bugs, and malfunctioning features. But due to the hard work of a dedicated group of gamers, coders, and modders, an unofficial patch has been released for the game. It fixes -many- of the game-breaking bullsh!t that plagued the game, and even adds some additional features. It's easy to find via the game's forum page, for any who are interested.

So in my opinion, with that patch, the game is worth a try. Don't like it? Refund it. I find it extremely fun, with some very unique mechanics and concepts that I've never seen elsewhere. The promise that this game had was immense. It's very obvious that, before they decided to run away with the cash, the Devs were being extremely creative when making this game.

[b] TL/DR: [/b] The game deserves a shot, as long as you use the unofficial patch.",True,8,3835
"Stay away from this game!

I purchased it when it was in Early Access and thought it showed promise.  I would revisit it ever 6 months to a year to see if anything had been updated.  For the first year or so there were updates to mechanics but not many bug fixes.  After that progress started to slow and I held off on playing till they got more of the major playability issues taken care of.  I downloaded it again recently only to find that the developers had put a rush patch out a couple years ago and called the game done.  The game by no means is done.  It is in almost the same state as when I purchased it years and years ago.  Their website and Wiki are the only pages left up as well.  The Blog and Wiki seem to have been deleted entirely which suggests Double Fine are trying to bury this.  The sad thing is they still have my money.",False,8,821
"I dont write reviews often, but I feel like I have to with this one. I'm an avid Early Access participant and enjoy supporting games in developement. When I bought this game 3 years ago, I thought I would be participating in helping out won of my former favorite developers Double Fine, the makers of greats such as Psychonauts and Costume Quest. I wanted to love this game when it came out, and it showed alot of promise. But unfortunatly it has been abandoned, and the developers have released games since. I never expected a kick in the balls like this from Double Fine, honestly makes me sad.",False,15,234
Incomplete abandoned game. Do not buy.,False,19,218
"It's a good game, until you realise you can have only one save at a time and mis-clicking ""learn to play"" instead of ""settings"" will wipe the save you just spent two hours on.",True,3,840
rip,False,2,325
"Executed poorly and then dumped, Spacebase DF-9 is a dark smear on Doublefine's reputation, and a snub to early-access buyers. Players looking for a similar concept might check out RimWorld, or as the name hints, just go download Dwarf Fortress.",False,17,120
So Dissapointed in this game,False,1,356
Not a bad basebuilder if you don't mind roguelikes.,True,0,2431
Abandoned.,False,11,111
"Not fun, as there is no end goal for the game and a highly limited window for creativity.",False,2,530
"WARNING!!!!! DO NOT BUY THIS GAME!!!! READ THE REVIEWS!!!!TIM SCAFER AND DOUBLE TIME GAMES ARE NOT TO BE TRUSTED!!!!!

http://steamcommunity.com/sharedfiles/filedetails/?id=398923326

http://steamcommunity.com/sharedfiles/filedetails/?id=403615795",False,7,616
"Absolute turd of a game, showed promise but development was cut way too early. I'll never get a double fine game again",False,15,256
"This game is an example of buying during early access and the company not ""finishing"" it.  Avoid",False,0,25
What can i say that you haven't heard already.  Game is a joke and that's that.,False,2,338
it needs workshop and then the gamers can take it into their own hands,False,4,735
No mid or end game things to do,False,1,170
"Sadly this game has been abandoned. 
It is not finished by any means and I cannot recommend it.
It has great potential and you can get a few hours of enjoyment from it, however it will end in frustration.
Unfortunately its not really worth playing due to its bugs and other issues.
The Devs did give the original purchases a ""free"" copy of anothe one of their games in a sort of apology though I would have rather they just given me the game I paid for.",False,14,777
Would rather play with my dogs poop,False,2,98
"There's just nothing here, no end game, no mid game and barely any game at all.",False,10,129
"was on its way to perfection, then nothing. ♥♥♥♥ this game.",False,1,240
"Great idea, fun to play for a while until you ran into the unfortunate case of RNG generating an imbeatable pirate fortress attached to your station baiting out your entire security forces and killing them, over and over.

And don't be mistaken, this game is about KEEPING YOUR SPACEMEN HAPPY, the base building come secondary to that which was the other half of disappointment.

Could've been better balanced and with less RNG elements.",False,1,440
"what a joke, I want my money back!",False,0,374
I would tell you how this is actually a masterpiece but the developers never finished the game so why should I finish the review,False,0,415
"[h1] Overview [/h1] 

Spacebase DF-9 is a survival game in the wide-reaching void of, you guessed it, space. Your mission is work with a trio of astronauts and build the most sophisticated, comprehensive and long-lasting space station anyone has ever seen. That sounds amazing on paper, and being developed from the veterans over at Double Fine Productions, you’d almost be assured a great game. However, the product falls short and development has long since died for this title, leaving an ugly mess in its wake. In space, nobody can hear you complain.

The game opens up with an interesting concept at first – a map laid out with all the locations in the galaxy, letting you pick where you want to start and factoring in variables like meteor showers, derelict ships, traffic for earning more crew members [good and bad] and resources. Once your base is selected, you’re launched into space with three crew members, a space pod for power and oddly, no spaceship; the game starts you out in the dead of space with limited oxygen, limited supplies and a very short time span before your whole crew perishes from asphyxiation. From a logical standpoint, the start of the game makes absolutely no sense and it only gets worse from there.

You must quickly build a functioning center with enough life support for your crew. You’ll gather material from nearby asteroids that oddly resemble play-doh, which you will ingeniously craft into oxygen recyclers and stations for power with nothing but a blowtorch and your wits. As the base grows, you’re able to expand, making different rooms that can be retrofitted into housing, laboratories, pubs, infirmaries and more. 

I like the aspect of building a base to my own liking, but Double Fine really chokes the life out of personalizing it as you see fit: limited items to use, each room can only use furniture from one list of items [I.E. only residential furniture in a residence] which forces you to build a lot of unnecessary rooms for no reason at all. However, my biggest complaint is being in space and not being able to build along the Z axis; you can only build outward, not vertically, which seems like a huge oversight since you’re not hindered by the laws of gravity.

As you continue playing, you’ll encounter hazards that you must overcome, such as illness, resource management [marginally], machine repairs, raiders [space pirates] and meteor showers. Most obstacles aren’t all that exciting: meteor showers are not impressive and barely noticeable if the game didn’t tell you it was happening, space pirates have terrible AI capabilities and can easily be killed with a few well-placed defense turrets and most ailments can be cured by simply sending them to the doctor, curing them nearly instantly. Oddly, some of the ailments have auto-cures, such as when I was afflicted with “Space Blindness”, which I was promptly told there was already a cure so I didn’t have to do anything.

The real gem to this travesty is the writing, or the lack of a proper writer. Here’s an example of the type of “communications” you’ll received while in space:

http://steamcommunity.com/sharedfiles/filedetails/?id=834694128

I felt secondhand embarrassment just reading it. The writing is dreadful, out of place and just downright terrible. Couple that with other gems like my dead astronaut having a “kinda happy” job satisfaction while simultaneously being dead, but the real winner is that her location is “space”:

http://steamcommunity.com/sharedfiles/filedetails/?id=834702535

Yes, everything in this game has ""space"" attached to it. Your location, beds are called ""space beds"" and even rugs are called ""space rugs"" because your typical Ikea rug is not suitable for the vacuum of space apparently.

I could go on and on with all the issues with this game, but in the end it has been abandoned completely by Double Fine and is left at the hands of 3rd party modders if they feel like investing their time in such a project. Much like my crew member Nashira Corrino, this game is dead, asphyxiated by its own mediocrity. 

[h1] Pros [/h1] 

[list]
[*] There are none.
[/list]

[h1] Cons [/h1] 

[list] 
[*] The entire game is a con. There are too many to list. The game has been abandoned. Stay away.
[/list]


Overall, Spacebase DF-9 is an absolute mess with broken AI, poor graphics, terrible UI and even worse sound effects. There is literally no reason for you to play this unless you’re punishing yourself and even less reason to buy it unless you’re sending it to someone in hopes of terminating a friendship.",False,30,129
"Tim Schafer that one time hero of adventure games turned into a douchebag and together with Doublefine set out to screw as many people out of their money as possible.

♥♥♥♥ them.  Don't buy any of their ♥♥♥♥.",False,2,423
"I was pretty excited to be part of this early access game. It was really fun starting out too. With each update came more and more promise of an excellent game. However, the developers ditched this game and left it in an unfinished state. It really had some potential. It should no longer be available for sale, it is an unfinished product.",False,2,1056
"[h1]It is very sad to see that authors decided to forfeit further development of the game. [/h1]
[b][u]It is not yet finished and should NOT be considered as a full release. [/u][/b]

It was a [b]good attempt at ""[i]space dwarf fortress[/i]""[/b], but I guess as soon as money came in & people who actually care about the product came in, the devs decided that it's time to move on onto another money-making project (that will, most likely, not be finished either).

[b]Do I recommend?[/b]

[list]
[*] [b]if you're a connoisseur[/b] you might get some joy in playing it through. It should last for two evenings, not more. [b][u]I still would consider just checking YouTube videos of the product instead of buying it, as paying developers for their unfinished and abandoned work (in such a disgraceful way) would be a shot in the leg.[/u][/b]

[*] [b]if you're looking for another simulation / survival / base building title but in space (aka [u]dwar fortress in space[/u]) you should consider another title.[/b] This one is bugged and not ready to be played, and will get you (sad / depressed /-r money wasted).
[/list]",False,5,1083
This game was abandoned before it was even finished. Still astonished Double Fine was responsible for this.,False,1,209
"Was so promising, dont bother now, abandoned, officialy. Pls never ever support double fine again",False,3,708
"Never buy a game in early access for its potential. Only buy games in early access if they are already have enough content to be worth the money, because sometimes the games will never be finished. This is what happened here. It had potential, but it ran into money troubles and the devs had to abandon it.",False,1,82
"Good game, but badly supported so not worth buying for any price.",False,2,1210
"Game was never completed, and what's there is shallow.",False,0,282
"An incomplete load of rubbish.


I would write more but it's really not worth the effort.",False,0,351
buggy as hell and the devs abandond it and ran with the money,False,0,2824
abandoned by devs... much better base building games out there with dev support,False,2,627
"Do not waste your money on this developer. Tim Shafer is a bloody twit who cannot manage finances properly, and basically left this game barely even out of alpha, despite being a kickstarted game.

The game literally went from something like Version 0.3 to 1.0 overnight, and then he basically said ""We can't afford this, modders can do the rest.""

Yeah, let modders make 85% of the game, that's a good way to get the community together, innit? It did get the community together, as nobody supports this game at all, and neither should you throw your money at it.

Buy something else, because even buying a wet fart is worth more than this game.",False,7,433
"Game seems like it could be very fun, but there are too many problems which have gone unresolved since release.  The AI is terrible and will deliberately take action to kill themselves.  The raiders are overpowered and come far too frequently.  There are not enough constructable items.  Finally, Double Fine Productions has taken no action to improve on the quality of the game since its inception.  Will not buy from these guys again.",False,1,659
The gameplay is glitchy and it feels the game is not polished all the way through.,False,3,0
Game is abandonware,False,17,1810
"abandoned.

would rather play E.T.",False,3,29
Keep your money.....,False,2,146
"This game wasn't too bad, needs updating though.",True,2,0
"Brutal difficulty, super poor AI, clunky controls, a plethora of things missing, and abandoned by the developers. It could have been so much, but alas.",False,15,0
The game and procedes should just go to the mod team.,False,3,0
"DO NOT BUY THIS GAME FOR ANY MONEY. Just read all the reviews others have given it.

This game, given another year in development, could have been good. But the alpha version you get here is really frustrating to play:

- Only one saved game at a time, and auto save only. So if anything goes wrong, that's all your time wasted.

- Quite often when raiding a derelict (which should be a fun thing to do), oxygen levels will drop for no reason and kill all your guys.

- A single raider can easily kill way too many of your experienced guys. Even in areas that are meant to have low threat levels and even when your guys are firing back (and because of AI bugs, sometimes they don't).

- I've not noticed any difference in the threat level of the main map, because I can get raided once in an hour in a high area, and almost once a minute in a low area. It makes no sense and feels like the map rating wasn't connected to anything.

- The AI has serious flaws, the most irritating of which is where your security team WILL JUST STAND there and get killed. Even 10 highly trained guys will stand right next to a raider and let themselves all be killed. There is also a bug where they get confused and refused to enter the base to regain oxygen, eventually dying.

- You can't tell your guys to leave an area, which means that once you own a derelict it becomes a magnate for guys and raiders which is no end of trouble. For instance, When raiders retake a derelict, technicians and doctors will all float over and get killed. I know an emergency switch is used for this, but derelicts don't come with any.

- You can't pan when in the building menu, which means you have to start all over again if the camera isn't perfect.

- You can view oxygen levels, but not power levels, and is seems power units need to be close enough to power things. So you have to guess where power is going.

- Oxygen leaks are impossible to spot sometimes if a ****ing raider blows out a wall that's not in an obvious spot. The O2 overlay needs to show leak spots.

- Sometime when building a new base, oxygen recyclers don't work.

There's enough game here that would be worth checking out if it were free. BUT, because this isn't on early access I can't recommend spending any money on it. There's just WAY too many game breaking flaws that end up ruining your time. 

The fact Double Fine thought it was OK to continue to charge money for such a broken game, and with no plans to fix any of it, they get a BIG F.U from me. Seriously, I would never trust anything from them ever again (especially their kick starters).",False,44,0
Very good game. Sadly no updates since 2014. It's very Abandoned.,False,0,1276
"This game gets an 8/10 from me. It's a really relaxing game when taken for what it is. I am reviewing it as version 1.06 Mac OSX no mods installed. I had a free version for months before finding it on steam for 99¢ and just had to buy it to encourage the developers just a little bit with my tiny contribution. I would easily pay $5 bucks for it.

You're basically thrown into space, given 3 guys and very little resources to start building your space base. In the beginning you need to start as small as possible, building just the bare necessities. Once you have a small (3x3) airlock room, another room just large enough to hold 3 oxygen recyclers, and a room just large enough for a matter refinery, the rest is a piece of cake.

The game is 90% relaxing, mining and building, welcoming new (weird & silly) inhabitants, and pretty much trying to keep everyone fed, breathing, and happy - or as happy as one can be in a fragile domicile in space. You need to begin early considering how to protect your base from bad guys that pop in periodically, and asteroid impact damages.

Aside from the few (easy) dangers, it's just a relaxing sandbox style building game where you can be creative in making a space base to be proud of. The interface is pretty much well organized, which is an aspect that many games like this get wrong. I enjoy the weird types of characters/aliens and their thoughts and interactions.

Many people complain about the AI being retarded, but you have to pay attention to what each character is good or bad at and by what degree they would suck at a job. You have to assign them to duties they are good at and actually enjoy doing. Some are good at a job, but hate doing it, so yeah, they'll stand around playing games on their pads instead of doing any work, unless you assign them to a duty they enjoy. I find this aspect completely adorable, as it really adds to the immersion and how you feel or care for each individual. I also love the names - imagining how an alien would pronounce his name written as ""Uneekly (nicely)"" - that sorta thing.

It's currently (for the past several months) been my favorite game for when I just want to relax and make a creative little space base. The few, easy dangers add just enough of that random aspect to keep you on your toes and influence the shape and direction your base takes. Have lots of good tech guys and your base will run smoothly - put lotsa gun turrets all around the outside walls and you'll be safe enough to survive a large attack that eventually happens. And just have fun building and watching how your inhabitants get along.

My only complaint is - once you get a VERY LARGE base, things go bad fast. Machines start failing, catching on fire, destroying themselves everywhere, no matter how many techs you have to fix them. But I guess this is just a sign that I've gone way too far with this base and should just start a new one, haha.

Lotsa people be hatin' on it, but it's been one of my favorite, relaxing games that I keep going back to.",True,2,0
"Do not install the game even if it's free.

It's impossible to enjoy with all the issues there.",False,0,0
"on its way to greatness when suddenly the financial problems of its creator, killed the development.
to call this ""finished"" is just a big FU to every single person who bought it.
- atleast come clean and say you went bankrupt, and scrap the game completely.

this game keeps reminding me to be VERY careful with Early Access games.

Edit: Not sure why this got marked as ""Pre-Release"" as i reviewed the ""game"" *COUGH* in 2016 and it ""released"" in 2014 ? ... anyhow, this ""game"" still stings to this day, and keeps reminding me to be EXTRA sure and do TONS of research before invovling myself with an EA game again.",False,53,83
"To me, somewhat enjoyable I play it from time to time when I am extremely bored. However there are lots of fustrating issues with it. Prioritization of work is non-existant (ex. running out of air, so I put plans on building more air recyclers, but builders instead were chatting, eating, and sleeping and did not get to it for a LONG time). Combat/action pretty boring and worthless, takes security like 10 shots (mostly missing) to kill a raider. Bugs everywhere. Base location unbalanced (basically, some locations have lots of matter to harvest, or barely anything. Nonstop citizen ships/raiders practically everywhere. Just a few examples). AI pretty pathetic. Basically, a lot more Cons than Pros. I wish that the devs would improve on these issues to make a more enjoyable and exciting game, but it seems that they washed their hands on this product. This could be an amazing game if they get updating and fixing it.",False,14,1452
"Look, I love this game, it's very unique, and I'm still giving it a thumbs down, here's why;

1. AI occasionally breaks, leaves the game unplayable
2. Buggy
3. There is only like 20-30 placables from start, and to unlock more you have to research which takes forever, and can be expensive
4. When citizens die they drop stuff on the ground, and that stuff, almost never disappears or is picked up.
5. Devastating to lose everything (Just save A LOT to avoid this.)

So there ya have it. Those are my top five reasons I'm leaving this dislike, I love this game. Love it. It will always have a special place in my heart, BUT unless you're willing to put up with these, like I was,  then this is a no buy. Or if its on sale, its a great buy to play for a couple of hour, but I don't think I'll ever reach 48+ hours on this game.",False,14,2179
"Lets see, the first time i loaded up the game i decided to run the tutorial. I was greated by roughly 100 frames of intro (please keep in mind these 100 frames were spread over 20 seconds or so). So i turn my graphics setting all the way down, ditch the second monitor and lower my screen resolution as low and the game allows. Well I can now move fairly unhindered. Go through the tutorial up until I have to fight 10 ish enemies. imediately my frames drop to 10 or so. I have a mid range PC that runs pretty much every game i have in at least a playable fashion (IE ARK and Squad), however this unoptomized POS can barely pull 10 frames?

F**K it, me and some friends already have bought and installed the POS so lets try it out. After about 15 minutes of loading screens were finally into the game, well 3 out of the 4 of us. So another 10 minutes go by while they restart and load into our game. 

Alright lets rock n roll! To be fair the gameplay is pretty decent and it definitely is what i was expecting. That being said there's a solid chance your gonna get dropped from the game mid session, or want to play with some weapons that were in the beta but removed from the actual release for umm idk a reason i guess. The game has so many glitches i can't even recall them all. Our favorite of which is when you interface with a door and afterwards cant use any of your buttons besides movement. This can be solved by running(you know without actually running cause the sprint button doesn't work) over to a door and interacting with it again. Some times it seemed to just happen randomly. Once we were running two auto Cannons and both just happen to get glitched for no apparent reason what so ever. Pretty legit.

All in all not that bad if you enjoy 5 frames, of unoptomized graphics from the 90's, a second while not being able to use your weapons after spending 15-20 minutes of time in loadings screens. But hey its a 40k game!

The emporer protect anyone who buys this.",False,10,528
"I have mix feelings with this game, i really enjoy it, i've spend a lot of time playing it, and I feel that if the devolperers have not abandoned it could turn out to be the best space base management sim ever.... it's too sad it's basically abandonware.

Imagine theme hospital, one of my favorite games as a child, but in a space setting.... you build the base, gather resources from asteroids, set defenses against space pirates.... it's so fun in so many ways. 

BUT.... 

Keep in mind before buying this game, that this is an alpha.... a really good alpha, but the game is never going to be finished, so actually there's no campain missions, no goals, no achievements, and lot of features not in game, the random ""encounters"" get repetitive after a while....  in the end you'll end with a big well armed base, and nothing to do but let the time fastfoward till the next ""event"" .... it makes me angry cause the core of the gameplay it's wonderful.

yes there's a ""user-made"" update, that fix some things, adds a thing or two (like the happy bot) and also adds bugs (example.. update adds the squad mode for your security personel, cool.... game crashed if you disband a squad, not cool), in the end,  still feels like an alpha, so if you think that the user made path will make the game complete... it's not gonna happen. So be wary.

That´s really sad because what is done here...  it's done in a beautiful way, so much potential wasted...

And that´s the risk and problem with Double Fine, on one hand they make wonderful out-of-the-box ideas, games with a lot of charm, funny, different from anything else on the market ... on the other.... they have failed the customer more than once before (Broken Age anyone?)

Ill update this review if the User-made path is updated and the game gets better.",False,1,1760
I bought this for $0.99 from a charity website and its so bad I requested a refund.,False,2,19
"Feels like a Facebook game.. It's fun for a while, but is definetly not worth $10.",False,1,1298
"I love 'Double Fine studios' because of their game 'Psychonauts' but this game is just missing so much. No tutorial, confusing to figure stuff out, confusing tools and rules. I don't recommend playing it even if it's free. This game needs a lot of work done on it to improve it.",False,0,48
Waste of time,False,0,460
it could have been a great game ;/,False,1,302
"I like this game, simple, dumb.  It lacks a lot of items, randomized events, and it's most likely when you really need an action taken like saving an incapacitated crew member, or fight back against enemies you are going to lose.  That is pretty much it, three things you have to deal with.  Bad A.I. that are stupid and the events of ships coming and going being either new crew or raiders, that's all.

This is, sort of worth the price but sort of not, since it still plays like alphaware (even fan-patched, you want to do that) If it's on sale like $4.99 (or free/bundled cheap/$1) I think it's worth just a few hours of play if you want a really dumb space simulator that is pretty much rogue-lite if you don't absolutely micro like a mo-fo against any early first 15 minute rage quits.  I followed all the hype and bad blood and finally sitting down with it, (had it for awhile) I really like it.  If there was one thing I'd like added it would be abit more control with your crew, rather then somewhat bad hit/miss pathfinding and que actions. Like at least make one crew promoted to Captain and you at least can do everything on your own seperately and remotely while everyone else just does their business.

Like I said, it's a more unforgiving repetitive rogue-lite experience with either very bland gameplay or very frenetic broken attacks and your crew just being dumb.  It won't be this sim that is easy or, hey build a base with hundreds of items beautiful space life thing.  The gameplay is somewhat vapid, and a bit weak in a few areas but to me it was okay for what it is, regardless of any pie in the sky promises.  I've certainly played far worse games that cost more and games that truly are shovelware/abandonware.  It isn't going to be evil genius, or dwarves, or even rimworld.  It's okay for an unfinished game.  Believe me, there are much much worse out there.  Out of 5 I'd give this game a 3.  Out of 10, I'd give it a 5.  Out of 3 I'd give it a 1.5

You send a guy to a derilict and he dies, go send a builder to vape a few walls and kill everything inside.  You got miners/builders outside about to be attacked, switch to guards.  Use the alarms/beacons.  Put sentry guns everywhere, build air/power and research.  Then build.  That's about it, build another base layout, then another base layout. Most of all, get this game as cheap as possible.  Not more then $4.99 and certainly $1 is a bargain for you to waste an hour or 2 just to see how rediculous your crew will act.  They will leave crew to die on the floor with broken knees no matter how many doctors you have, they will fly around outside and do like one action and return with 7 mins of oxygen.  When the crew does work it makes you happy, when they all leap out the airlock to die like lemmings... well... ya, it pisses you off.",True,3,1266
I really wish I could get a refund on this game.,False,0,128
Unfortunately the game was abandoned before it was finished. Definitely not worth your money.,False,1,162
"The game had such great potential. But the state that it's currently in leads it to be more of a frustration than a fun game. The AI will consistently make poor choices, the raids are relentless with no repreive.

Hopefully the community updates will help in the future but i wouldn't play this game. Look elsewhere to sate one's base-building desires.

Don't buy this. Don't play this.",False,0,1102
This shouldn't be allowed to still be on sale.,False,72,194
I bought this game for 99 cents on sale and played it well into the $1.02 territory!!,True,2,2373
They need to fix the there threat level factor cause i made my base and it was at a extremely low threat lvl so then later on in the game I got attacked 7 times in a row non stop.,False,1,3776
"I thought this game was gonna be good, but then I played it.
At first, the game would work, then the AI decided it would never go in the base again, so they all keep dying of oxegyn loss.

I luckily only got the game for 50 cents...
You won't...",False,1,628
This game seems unfinished. The citizens in the game become too easily sad or hostile.  There is not enough starting resources.  No multiple save slots. Too many raiders even in low threat areas. Building multiple rooms for different functions can take quite a few resources and time.,False,1,774
"I bought this game after watching NerdCubed's video on it way back when. I liked the game when it first came out. There were a few problems with it. The AI is beyond awful. But now with a mostly active modding community, the game isn't completely dead. I look forward to the day when they fix the game. Shame on Double Fine for abandoning this game.",False,25,728
"Spacebase DF-9 was broken when I first began to play it...crashing within the first ten minutes. I was bummed out 'cuz it looked like a cool space station builder. THEN...I don't know what happened....maybe an update (maybe the last one), but now it runs reliably and I can't remember the last time it crashed. I have had immense fun with this game. It does have quirks that will be unacceptable to some people, many have been covered by other reviewers. I just, for some reason, really enjoy building building outposts in space and don't take my ""crew"" too seriously if they asphyxiate themselves because, after awhile, my space stations tend to get big and busy....starting over and rebuilding is what I enjoy about this game. I've not run out of ideas for construction of the ideal station, yet. That's what I like about this game...the building and crew management and watching something I've created actually function...until aliens board, or a new crew member's mental illness comes to the fore with disasterous results! Or someone leaves a door open..yeah, this game reminds me of Planetbase...I get to build things my way, but in the end, a billion miles from nowhere, I can only forestall eventual doom.
I am glad I bought it.
Frankly, I would give Spacebase a 8.5/10 for concept.......umm, I don't know what I would give it for execution, I just know I pick it up when I'm in the mood  for making things in space...""It scratches an itch very well""...7.5/10",True,2,1891
"I bought this game on sale, and, I reasonably enjoyed it, but, it has some major problems. The primary of which, a time limit. After a set period you're inundated by enemies that you basically can't recover from, and even if you let them destroy you and try rebuilding, they'll just come back in overwhelming force. I even tried cheating to build, and rebuild quickly, but the game still became unplayable after a certain point.

That being said, and even though I'm giving it a negative recommendation, if mods become available, or it's patched, or it's on sale for cheep, pick it up, it's worth a couple of plays.",False,4,585
"Game is abandonware, so be careful. It is a fairly fun game, but suffers serious balance issues. You will get raided ... CONSTANTLY, no matter what settings you use. Diseases and illness are rampant. Your base will not so much be a colony as it will be a friggin meat grinder. Be sure to have lots of doctors, because it seems they are the only ones qualified enough to pick up corpses and toss them into a trash compactor. 
The AI is so bad I have started to consider it a game mechanic. Eventually your crew will be killed when they all march onto a derelict ship one by one trying to pick up a coffee mug.  Forget reparing or building ... the dudes will drop everything and beeline onto that hostile derelict vessel because they GOT to get that coffee mug. Nothing you do can stop them.

The source code has been released and some guys have created an unofficial patch. I tried it out and uninstalled it after half a game ... their vision for this game was to add more diseases .... a LOT more.  Seriously, if you install the unofficial patch like every other crewmen will spontaneously get a disease.

I still play the game a little, but I wouldn't recommend it to anyone. I got it for like $0.75 in a bundle and still think I overpaid.  Just stay away.",False,2,1333
"This game had so much promise... It's a shame to see it abandoned. 

Stay away from this, buy rimworld instead.",False,70,400
"This game is extremely frustrating, the command structure is diffucult and you dont have direct control over your citizens. the game itself has alot of bugs, for exsample a sealed room has no oxygen after a fire and nothing I could do to stop people from walking in there and sufficating. lost half my population before i just called it quits.",False,0,348
"I enjoyed this game, but it was never fully realized. The ironic thing is , you can now play Fallout Shelter on your phone and it's the same concept. Their short sightedness cost them potential millions, as well as destroyed the trust I once had in them.",False,2,1697
Why is this even available for purchase? It's an abandoned early-shell of a game. Not worth the 99 cents it's currently on sale for.,False,0,86
"was good potential but died, (as of right now) its worth 99 cents but i bought it at 20 dollars

My original update was nov 16 2016, and now it is feb 18 2024, this game is still awful and unfinished. please do not buy",False,2,2357
Actually there is too little to do and too little things to influence. Definitly missing depth,False,1,121
"Stay far away from this game. It is totally unfinished and was just named 1.0 to gather a few more sales. It didnt make enough money and thus was abandoned by Double Fine. This is especially ""great"" after they expressively stated that they are ""not some kind of fly-by-night developer"" who would just abandon a game in early access. Well this is exactly what they did. The game itself is quite buggy and unfinished. DF relased the sourcecode and just left it up to the fans to fix it. Don't support this kind of behaviour with a purchase!",False,22,317
Games like this Spacebase DF-9 are why I avoid Early Access titles now. I bought in on the promises of a finished product and then Double Fine [strike]cancelled it[/strike] called it finished.,False,34,33
"just an great game, buy it",True,1,2491
"If this game was ever finished, it would be fantastic. It promised to fill the StarTopia-shaped hole in my heart that wanted a space station construction/management citybuilder.

Unfortunately, the game has been completely abandoned and will never be finished, and I wish I hadn't spent the money on it in Early Access.

As I write this review, the game is on sale for $0.99. Get it at that price if you feel like it -- I easily got that much entertainment out of it.  But if you do purchase the game, know that it is broken and unfinished and you will eventually get bored or too frustrated to continue.

Given that it is abandonware and really should be on sale at superdiscount ALL the time, or better yet not on sale at all, I can't recommend this game, even though it had a lot of potential.",False,6,877
"Broken, unfinished, shallow crap. They went into early access to grab some cash, did virtually no work on the game to develop it then dumped it as ""finished"" and ran away with the money, Tim Schafer is a scammer with a long track record of financial mismanagement and failure to deliver.

The AI is non functional.
The content can be fully experienced in an hour.
Everything (not exaggerating) is bugged to hell and back.

The most basic of tasks become nightmarish due to the bugs and clunky brokenness of this ""game"".

Here's how dishonest Tim Schafer (the guy in charge of Doublefine) is - His steam profile listed Spacebase as his favourite Steam game and he had about 1 hour of playtime on it. LOL!",False,2,1647
"Well, I was unbelievably excited, when I got it.... and every new time I launched it, I more and realized how broken it is... So. Gl to people who do fan releases!",False,2,336
"I want this to be good, it's not good.",False,4,1799
sad to see this title get cancelled. it is extremely fun to play and watch your people get infected with space parasites,True,0,204
Shame the developer abandoned the game so quickly. Couldve been really great.,False,1,210
"DF-9 was on its way to being a pretty awesome game, when Double Fine killed it by declaring the most recent work-in-progress build was actually the finished game. This piece of software shouldn't still be available for purchase.

I keep it in my Steam library to remind me to never buy another early access game.",False,43,1224
"So much was promised, none of it was delivered.",False,24,88
Abandonware,False,23,273
I vote up because I wish this kind of games to live. I really want this game to be updated. Unfortunately it is not.,True,2,316
"November 2016: Now that the game is not so buggy and it is unoficially supported by the comunity, it is good and I really liked the time I had playing it.

The major problem is the one-unique save-upon-exit (but there is a bypass for it). Permadeath is not a bad idea, since a careful strategist can beat the game and build the 'perfect' base farely easy. BUT the game still has some minor bags (once my 5 guards squad was stuck running on a wall wile 1 intruder was destroying my life support systems, another time the guard with low oxigen in his spaceswit didnt want to follow my waypoint to safty and prefered to suffocate etc). If i had only one save, I would had abandon the game in the obavo acations, writing a rage review.

BUT: I reguraly exit the game and copy-paste the two save files at another folder, so I can paste-overwrite them agan later, to properly handle buggy or annoying situations. That, made the game a really nice experience: A more casual Rimworld type of base building.

I strongly recoment if you go on with SPacebase, to get the unoficial patch 1.08. It adds things in the game and helps for better control of the guards (really useful).

So, I recomment the game, but since the publisher is not supporting it any more and community/freelances do the job instead, I am a bit sceptic about the 10 euro pricing... Check on some gamply videos and comunity feedback, and then deside if you would prefer to wait for a high discount before purchasing this actually good game.

(ps. Rimworld has also still many minor bugs, but the save system is there to make me forget about them...)",True,3,2987
"This is the game that has made me boycott Double Fine Productions.
They abandoned this game and it's cast a shadow of doubt over future releases from this company.

If you want to be able to actually play the game, download the unofficial patch from http://spacebasehub.net/ and support these guys because they are actualy more dedicated to this game than the original developers.",False,4,5664
"No, no, no. At the moment this game is unplayable, AI is broken. This game was abandoned by its studio. It was in a state of early beta, but they decided to release it as a full game and fire all its developers. They refused to sell rights to it because there are community updates and the game will probably be playable in the future. If anyone wants to play this I recommend to pirate it, otherwise it's not worth it. They don't deserve money for the work of the community. Sadly, I bought this from the BYOB on Humble Store so I can't refund it, as if I could, it would be an instant refund.",False,22,27
Abandonware,False,47,11
"I wouldn't waste the time or money on this game. It's great for about an hour until you realize there's nothing to do, at all, and no updates coming your way. Ever.",False,6,170
At frist I relly liked the game but after 14 hours of game play it just dosent move me anymore. And if i wrote this review at 12 hrs of game play I would say buy it but now i just can't also left it alone for 3 mounths to let them work some bugs out and they havent done ♥♥♥♥ about them so yea theres that as well. Dull after hour 14 and not fixing bugs.,False,3,846
Was so so in love and exicted about this game but they left it all kinds of buggy and lacking in so many areas. Why they didnt just open it to the wortkshop is so beyond me. Double fine is a fail in my eyes now,False,13,4550
"The Dev's have given up devloping this game and it is in such a unplayable state, don't buy. I got it in a bundle awhile back so I didn't lose much but avoid this even for a dollar; it's not worth your time. At least I got some cards.",False,32,197
"Purchased during Early Access/Beta period as I'm a fan of Double Fine/Tim Schafer and this looked set to be a promising (but not genre-defining) Sims-y colony management game, with a chunky, retro Theme Hospital aesthetic.

I wasn't after a lot, just a bit of a casual management game to pass the time when I'm not in the mood for something with a little more meat on it's bones.

Entertaining to start off, but gets quite boring, quite quickly once you're fully established; resources and food no longer become a problem. It could, at this point; open up into a Sims-style social management game rather than a resource-gathering and base building game, a switch of pace would have been an interesting way to remove the monotony.

However, the devs just up and left the project.

It's nowhere near finished. It's an intro to a game that could have been, an early alpha concept piece.

Avoid like the Space Plague - unless you're planning on making a video on abandoned games or something, as it really ain't worth it.",False,40,217
All my bases have had some spontaneous breakdown which i could not fix. It's really buggy,False,12,257
Amazing that the Devs behind Psychonauts could make a game that this ♥♥♥♥,False,20,227
It is developing as fast as I like it,False,3,560
There is a update for this game goto http://spacebasehub.net Plays better but I still have to say no,False,15,8183
Utter Trash. Don't waste your time or money.,False,6,76
incomplete game that the developers deliberately abandoned,False,17,8
Had this game for almost as long as its been out. Haven't played it for about a year so I decided I'd try it again and see if anything changed. Answer is NO. Nothing has changed its still buggy and no where near as complete as it should be. No new updates and no fixes at all. Not fun after a few hours esspecially when you're in a place where nothing should be attacking you but you get attacked one after another. Had fun for a few hours but for its price I'd only ever get it if it were massively on sale. Maybe it would be worth a dollar but I can't for sure say.,False,6,1241
"This should really be removed from the store. It's obviously not complete, forcing a conclussion to the game a set amount of time, where the players base is assaulted by an overwhelming amount of pirates. The characters will kill themselves for no good reason and there's not much you can do about it. Overall the AI is pretty much just a pile of dung.",False,8,1808
"Not really much to say on this one.

I picked this game up when it was still in early access, spending what little money I had free to use on video games at the time, excited about all the plans the devs had. What was already there was a solid base game to build on, and I figured with a studio like Double Fine behind it there would be a lot to look forward to.

The joke was on me, I suppose.

Double Fine bailed after they decided the game wasn't as successful as they wanted, and left everyone who supported them with the very beginning of a game and nothing else. What's there may be stable, but there's just no content. I wouldn't even call it a beta; it's not complete enough. It's fun for all of an hour or so at most, and then there's nothing left to do. Starting over doesn't really change anything, either. There's nothing to really do differently, so there's virtually no replay value.

To this day Spacebase DF-9 continues to be one of the most infamous cautionary tales of early access, and for good reason. Not sure I'll be doing any further business with Double Fine either, but only time will tell.",False,2,690
I got this for free and i still want my money back.,False,9,1313
"I can understand completely why this game has such poor reviews. Two years after its release, it remains littered with bugs that devastate its playability. I am reccommending it because for what it costs, I think you're getting your money's worth.

This game is very screwy. You've been sent deep into the galaxy to help seed the remnants of human civilization throughout space after the fall of Earth. You're not alone, you get help from nearby strangers in similar situations. You never get to actually take control of anything though, the people do whatever they want and all you can do it provide some guidance. More often than not, succeeding involves less strategy and skill, but simply getting lucky.

With that said, I've been having fun with it. There isn't a whole lot to the game. I really wish they would finish it, or perhaps publish it open source so we could develope it further, because it has enormous potential to be an exceptionally entertaining experience.

If you get it, you're going to notice a few problems right away. There are almost no settings. I think you can basically turn the sound on or off and that's it. The game's artwork is quite simplistic and usually runs smoothly, but the HUD menues are overloaded with special effects and animations that will make your framerate drop to crap any time they open. Once you've done the tutorial level and are ready to actually play the game, you may spend more time just looking for a decent place on the galaxy map to build your base than the time you spend actually getting to play. The whole game then gets quite confounded by the mood mechanics. While there are things you can do to help people be happier, and I've had lots of happy folks in some of my bases, they all inevitably gravitate towards depression and then stop working and everything goes to crap and the oxygen runs out and they all suffocate.

Once you get to that point, you discover that there is no way to actually loose the game! Even with everyone dead and your base in ruins, you can still get new people on random chance and continue playing, even though they are almost certainly doomed.

The whole game is wacky that way. It makes a whole lot of no sense. But, still, it's fun, somehow. As long as you don't think abut it too hard or take it too seriously, building one base after another while being hounded by pirates and metoeor showers and ocasionally having some suicidal idiot walk out the wrong door and drift away into space can be pleasantly amusing. This is a game you can just relax with and generally expect to fail at every time you play.",True,2,3611
"This game is as dead as my love life.
In short the devs left the game and never came back.",False,1,280
such a huge disappointment. i loved the Alpha version. But it wasnt complete. So i figured id play again once it was. But the devs bailed. Thanks alot guys.,False,2,3908
"Just wanted to add my name to the list of people upset by the wasted potential of this game. It's been abandoned, and was never fleshed out like promised.",False,1,590
"I bought this game for many reasons and at first was very excited about what could of been done with it, so i waited, and waited, and waited and much like the buggy AI I asfixiated while waiting for something great to be built... it was a massive disapointment to see a game shapping up and then for the development team to rush out of the 'alpha' stage and straight to a 'release'

So they walked away with my cash, handed out a half finished product and now im left with a worse taste in my mouth than fart cupcake....

Double fine will HAVE to change to attract new customers, but as for me, i trust them as much as i trust a pervy looking balding man sweating in a playground.",False,1,346
it got abandoned by double fine & its a broken unfinshed piece of trash.,False,1,2059
I played this game more before it was released the release has more bugs than the alpha,False,5,1562
"Could have been a real fun game, but DoubleFine decided to doubledown instead on it's point and click games.",False,3,157
Support for this game by the developers have basically been abandoned. Do not buy. I repeat; DO NOT BUY.,False,14,932
"I bought this game so long ago. It looked promising, giving us barebone functions to make sure we can grasp how the game works, and how stupid the colonists are. I was definitely hoping the game would be published to its fullest potential because, despites its numerous bugs and AI mishaps, it was a fun ride.

But then Double-Fine decided to say ""F--- You"" to everyone and stopped working on it.

So, basically, here is what you have, in clever bulletpoints:
-Buggy AI akin to the Sims without the instinct for survival. Your colonists could very well die of asphyxiation if you forget to stop them from doing whatever they were doing
-a faction-based territory system that barely works, where you could very well f--- up the enemy base if you just dismantle a wall or a door while they attempt to invade you. This causes strange bugs all around.
-Limited space and resources, you mostly end up relying on the so-called enemy invasions to dismantle their clutter so you can have anything, at a later point in the game.

It's an interesting micromanagement survival game, and a challenging one at that, but it became so buggy and out of control that I couldn't see myself play any longer each session. Plus it seems Double Fine deemed this game a dud, and stopped working on it. Wrong move, guys. Finish your games before calling it quits.",False,2,1363
"Do not purchase this game. Devs abandoned it while in Beta, barely added mod support, then cut off all support. This is why I'll never pay for another Double Fine game, and now have serious reservations about purchasing anything in Early Access.",False,10,580
Don't get. Not finished as everyone else says. Could have been good but ended up sloppier then the results of bad curry.,False,2,2690
Bags of potential that was sadly wasted by the game being unfinished.,False,0,325
"i would loved this game, if only they kept going, i feel like i been cheated harsh.....

don't buy it, unless you just wanna waste money, then feel free to do so.... but remember, wasted money on this... could done better!....",False,2,150
"Buggy AI.
Abandoned by devs.",False,10,354
Bunch of salty kunts,True,1,301
If you play this game for long enough you will hate it!,False,7,92
The devs took a steaming dump and released it as a finished game.,False,5,18
"Hey look, another early access game where devs snatched the cash and ran.",False,15,150
Just read the wall of negative reviews,False,4,738
"I picked this game up for 1 euro and you shouldn't ever pay more than that. It's a cute game, but deeply flawed. Using the unofficial patch helps. but I think the flaws in the game go to deep. The developer apparently abondoned the game, which may have been foolish as the die hard fans show there really was a good idea here. 

The AI is horrible for one thing. Trying to keep a base running seems to be impossible. It's not just a matter of planning, you injured citizens will starve and die while your doctor is lifiting waits and complaining about being bored.

You like this genre, pick this up if its on the cheap. It will entertain for a few hours, and for 1 euro that's worth it.",False,5,1069
"I've tried long and hard to have fun with this game, but I can't. If you can, fine, but be prepared for a butt-clenching, mind-numbing, idiot space people simulator.",False,8,88
This game is so hilariously bad that it's good again!,True,2,667
Don't buy. It's a incomplete game that the developers deliberately abandoned.,False,22,393
"I really enjoyed this game during the alpha, but the devs kill this thanks to DFP more like ""Double Lie Productions"". 
The game is unfinished and mostly broken(without modding). 
This game had so much potential as the ""Dwarf Fotress in Space"" but fail thanks to DFP and their inability to manage production funds.",False,9,640
"this game was better in alpha when doublefine cared about it, i was so exited about this game and got in early on, to support the game, but it was tossed in the trash.",False,4,1745
"Better functionality during Alpha days than now it's ""released"".",False,6,1562
It still has enough content to return its price. Even though the game is abandoned and quite hard if you're into this stuff can play still like it.,True,0,807
"Devs made a barely functional game, cashed out, and blamed the community for not creating content mods for their unfinished game.",False,51,833
"This game had so much potential. I was super excited for it. Played it during it's buggy early access.

Then, the game devs abandoned the project. WHY!? I'm so sad. Really wanted this game to be finished, but it's basically not playable in the state it is. This game leaves a bad taste in my mouth about early access titles. Shame on you all.",False,6,976
Could have been a great game - but they have abandoned it. Game as is is not worth anything close to this price. Do not purchase.,False,28,226
An abandoned project that showed promise but never got anywhere.,False,4,184
Waste of money,False,7,1203
♥♥♥♥ Tim Shyster.,False,4,7
The game is unfinished and was abandoned.,False,0,179
"It's abandonware.  Honestly, Steam needs to start requiring source code escrow for early access games.  4.9 hours is a lie, I have maybe 100 hours in offline mode.  

It has more bugs than a $2 hookers snatch.",False,17,287
"I really, really did like this game. Before I found out that it was abandoned. I got this because of watching a youtuber, because it looked good at the time. This really could have been a good game had it been continued.",False,8,623
"The game is unplayable due to horrible AI and a huge number of bugs. I used to love Double Fine, but the way they handled this game has put them on my ♥♥♥♥♥♥♥♥.",False,11,362
"Half ready, ugly, uninteresting. :(

Unfortunately the idea looks like fine, maybe an other studio will do it for ready, on an other title.",False,0,41
"Unfortunately this game was rushed out the door and doesn't have the polish or depth that was planned. I wouldn't recommend this game as while it is listed as released, feels incomplete.",False,7,156
Really buggy. Would be tons of fun if it wasn't for that.,False,0,574
"This game has few minor problems:
#1 There is no game. You know, like goal, quests, storyline, anything!
#2 Unbelievable number of bugs. Tutorial didn't register that I build airlock (characters were going outside ok), at second game I build oxigen ""something"", but game didn't noticed and still was acting like I had no oxygen (characters were breathing ok), than station was raided and my turret killed some poor raider. All characters were stuck at ""panic mode"" and didn't return to work.
#3 Idiotic UI that would be completely unbearable for game with any actual content.

I got it for free and i am still feeling it was little bit too pricey.",False,2,122
"░░░░░░░░░░░█▀▀░░█░░░░░░
░░░░░░▄▀▀▀▀░░░░░█▄▄░░░░
░░░░░░█░█░░░░░░░░░░▐░░░
░░░░░░▐▐░░░░░░░░░▄░▐░░░
░░░░░░█░░░░░░░░▄▀▀░▐░░░
░░░░▄▀░░░░░░░░▐░▄▄▀░░░░
░░▄▀░░░▐░░░░░█▄▀░▐░░░░░
░░█░░░▐░░░░░░░░▄░█░░░░░
░░░█▄░░▀▄░░░░▄▀▐░█░░░░░
░░░█▐▀▀▀░▀▀▀▀░░▐░█░░░░░
░░▐█▐▄░░▀░░░░░░▐░█▄▄░░░
░░░▀▀░░░▀░░░░░░▐▄▄▄▀░░░
░░░░░░░░▀░░░░░░░░░░░░░░
Spacebase DF-9",False,1,431
"I cant build a base because the air runs out before i can build the bloody base!
Dont buy it until they fix this mess, wish i could return it",False,0,74
This game was promising when it came out but Double Fine abandoned it and left it to rot with no Workshop support,False,2,283
"Unfortunatly, even with the aid of Derelict Games and the support of many modders this is game does not have the content nor the stability for any mid-late game enjoyment as you will more then likely die, asphyiate, run out of resources or run out of managable space more so from the randomness of the game then your inability to play.

I think my biggest gripe with Spacebase DF-9 is the amount of constant events that pop up that will either give citizens, matter or hostiles and some of these you have no choice but to accept. With these though it runs into the problem of keeping these new citizens alive and happy as your Oxygen Generators can only sustain a certain amount of people and you may only have enough facilities to sustain what you've built for.

The game will constantly try to push you to a higher population cap, it becomes more of a race to keep up then a relaxing experience, even worse the game will punish you if you try to ""control"" the population by stressing all of your citizens out and pushing them closer to brawling and killing each other. It all tries to reach critical mass and as soon as your last citizen drops it's game over.",False,0,1046
Abandonware- Buyer Beware,False,13,222
"Spacebace DF-9 has a very steep learning curve, and tuturial system is barely any help. After restarting worlds more times than I cared to count, I finally got past the initial 8 minutes of oxygen. Now that I've got a start the fun actually starts. Layin out the base and assigning my folks to their duties is straight forward. The interface needs some adjusting, because it's not very intuitive, I was constantly click or hitting the wrong button.",False,0,352
"I still can't figure out how they are still allowed to sell this game.  It was never finished and it's a bug infested disaster.  It does have a fun factor to it.  However since they never fixed anything and abandoned it, it shouldn't even be an option to be sold on Steam.",False,0,1592
"this game is too basic and lacks features to recommend, due to double fine abandoning this game i will never guy another one of there titles, that’s why my final rating for this game is an abandoned puppy/10, so much promise so little payout",False,0,301
"People in the reccommended section will talk about the patch that has been made for this game, and how it fixes many of the problems that the game has. Given that so many people complain about the base game, I'm reviewing the patched version.

Its not great. The UI is clunky, its difficult to figure out what you need to do in the tutorial level to a certain degree. I lost a guy in a derelict spaceship cause one of the survivors stole his space suit.

So sorry mod makers, I'm sure the mod fixes many of the game's problems, but if something is that bad to begin with, you're not gonna be able to fix it that easily.",False,9,35
id like to say this game is good but i cant its not even remotley finished and to buggy to actually play,False,0,51
Abandonware,False,0,228
"This game could have been goood.
Go buy [url=http://store.steampowered.com/app/294100/]Rim World[/url] instead.",False,13,628
"10/10

Enjoyed getting ♥♥♥♥♥♥ by Schafer.",False,6,540
Unfinished & Unpolished. Abandonware at its finest.,False,17,681
Good retro space builder,True,0,853
"The gameplay seems interesting at first, but then you feel grounded... in space. No place to go and nothing to explore.  Eventually you will just want to burn down the base cause you just don't know why you are still keeping these people alive...",False,6,1597
"The proverbial bag of flaming dog feces, but hey TIM SHAFER so gibs money.",False,1,263
"Brütal Legend was the last good thing that came out of Double Fine's production. And that was 7 years ago.
Space Base DF-9 is not only an abandoned game, but devs won't even apologize for this ♥♥♥♥-up. 
And look what are they after now? A remastered remakes of old quests like Day Of the Tentacle and Grim Fandango. 
Looking at how things are going for Double Fine I wonder if Tim Schafer has anything to to with previous games success at all. Looks like the brain and soul of games we liked was staying in shadow.",False,7,213
"Double Fine didn't finish making this game and just handed it over too the community too finish after Alpha 6.

Lost all respect for this company now.",False,2,489
"A solid play for a little while but totally unfinished. No story, no drive to build aside from you need more air for the constant stream of new arrivals.  Get real tedious after a short while with no endgame at all.",False,11,772
"Interesting game. I feel like it definitely works pretty well. It does pretty much work like Oregan Trail in Space, and I have noticed a few glitches (like if you vaporize an airlock, it leaves the air pressure gauge). Still it was pretty fun. And once you read the wiki page, it clears a whole lot up about the mechanics. Overall, good game, I recommend it.

I just wish that Double Fine could polish it up a bit... Maybe make a way to move the base?",True,0,736
game is abandoned do not buy even for a dollar!,False,29,325
Save your money!,False,16,114
"Abandoned, Still noticeable bugs, they could of ATLEAST had fixed that up or something",False,4,1796
The game was abandoned by the devs.,False,3,1176
"This game has about 1-2 hours of content. Build some items and that's that. 
There is next to nothing to actually build, no progress tree whatsoever and to counter the lack of content they have just increased the rate of events. Raids or aid arrives basically all the damn time and there is nothing to actually do at all beyond building a few turrets so you're immune to raids. Almost nothing to achieve at all, so you will built at least one of each item the game contains within half an hour. 

The research is useless, you will be fed up with the game by the time you have researched two or three items, which you cannot even manufacture, they just ""are"". 

Complete vaporware, do not touch. It looks fancy and has a lot of potential, but don't spend a penny on this until they've actually made a real game out of it. I've played demos that have more content than this. Hell, sneak peeks have more content than this.",False,16,374
The game doesnt seem to work properly and is pretty unbalanced. Such a shame as it had so much potential in the first few hours,False,1,248
"♥♥♥♥ THIS GAME.

Right firstly i have given this many a try but im sorry iv ♥♥♥♥♥♥♥ HAD IT.

so you start of selecting where you want to be which is fair enough. So i look about find a place and i go there.

So i get there i build a small room and set some jobs. my two builders are off and away doing good ♥♥♥♥ guys.

Mean while im screaming at my ♥♥♥♥♥♥♥ miner as he stares at the asteroid i want him to mine. ""WWHAT THE ♥♥♥♥ ARE YOU DOING YOU LAZY ♥♥♥♥""... *frantic clicking* ""WHY THE ♥♥♥♥ ARE YOU IDLE IV GIVEN YOU A JOB YOU LAZY ♥♥♥♥! YOU ENJOY MINEING DONT YOU YOU STUPID ♥♥♥♥! HONESTLY MATE GET A ♥♥♥♥♥♥♥ MOVE ON YOUR GONNA DIE SOON."" *i leave him to further build my base*

*i came back...*

""YOU'VE STILL NOT DONE ♥♥♥♥ HAVE YOU???? WELL THEN LET ME JUST SEND YOU TO EXECUTION. GUARDS!"" *no one was set to security...*

""FINE GO ♥♥♥♥ YOURSELF.""

*comes back after a while*

""MATE YOU HAVE 1 MINUIT TILL YOU DIE OF SUFFOCATION! GET IN THE BASE, PLEASE.""

*moments later he died because he was too ♥♥♥♥♥♥♥♥ LAZY to save himself.*




dont torture yourself with this game. i beg you.",False,1,61
Double Fine has really gone down recently. They have some serious management issues that has lead to many of their games to  be lackluster/unfinished. They couldnt even make a point-n-click adventure game on time and on budget. Its sad because I really appreciate their openness but as someone who backed Spacebase I am done with them. Spacebase is still a buggy unplayable piece of junk and it is INSANE that it is still up for sale.,False,3,85
showed promise however the game was dumped for other crap projects. Yay doublefine...,False,2,959
"Everybody's dead, Jim.
My merry crew found a dilapidated space freighter. It was populated with a single Killer Robot. One by one, my crew, of their own accord, walked into the airlock and died, some shooting, others fleeing into the wall, only to find sweet sweet respite amidst the cauterizing laser burns. 

We pause for a moment of silent reverence for oooXiixoo, Jill 034192, and don't forget Jabujo_bujo, the merry miner who hated his job and his friends, who all died too.

RIP

(Trying the patch from the brilliant folks at Derelict Games this week, will update rating accordingly.)",False,0,600
:( bought this game a long time ago and just finding out it will never be finished.,False,0,660
half of the mechanics dont work and they dont update it anymore,False,0,2029
"Loved the game at first, but now... still no updates.
No... just DON'T BUY THIS!
Waste of your money.
It's better to illegally download it and dump it than to help these crooks gain more money.
If only i could turn back the hands of time... :(",False,0,681
Hello? Is there any updates anywhere? Hellooooo,False,0,2142
"This is a fun game for a short time, but the company abandoned the game fairly early on, and started funneling funds into Big chalice another game of theirs without ever truly finishing this game. I couldn't for all intents and purposes recommend this game for any reason, especially when it comes to supporting an indie dev who is going to act exactly like many of the larger corperations whom also do a lot of the same things.",False,0,1405
Vaporware! Beware!,False,1,208
"Update 01/21:  So now that Doublefine had to be bailed out by Microsoft it will be interesting to see what happens.  I doubt they'll be allowed to abandon their paying customers as they have in the past now that they have to answer to MS.

This game was a great idea in concept and was really coming along nicely.  Then the developer dropped it like a bag of dirt and moved on without warning.  A true cash grab plain and simple and a real slap in the face to those of us that supported it.",False,3,440
"I will never buy another Doublefine title again........ever, until they come back and fix this mess of a game.",False,25,506
"An abandonware scam, essentially. Double fine stopped work on the game when the money from the initial rush stopped rolling in. Heaven forbid they learn to manage their finances more prudently and move out of ultra-expensive San Francisco offices. Like a financial black hole devouring money vastly out of proportion to the reasonable requirements of a project, it has become apparent that no amount of funding short of a bottomless AAA corporate money pit is too great for Schafer and his gang to squander. No, clearly the better decision is to make bait-and-switch scams like this in between making quirky over-hyped and obscenely over-budgeted hipster adventure games with A-list geek-chic voice talent. 

For me, this is the last double fine title I'll ever spend money on. Not that they'll ever learn with so many other people begging to throw money at Schafer for whatever poorly conceived swindle he's got lined up next. ""Remember my Lucasarts adventure games and Psychonauts? Good, now shovel money in my general direction to feed my SF hipster pub crawling habit."" As with the pathological liar Molyneux, enough is enough.",False,81,2542
"Simply put: there is no intent for the developer to finish this game, given the lack of updates. Definitely one to avoid until this changes.",False,1,290
Abandonware. From the very start. Do not support this developer.,False,1,120
Why is this even still available for purchase?,False,50,267
"Great potential, but this is fundamentally an unfinished, unbalanced and bug-ridden game.",False,3,401
Game is dead and devs fleed.. too bad.. i liked it asnd they killed it :/,False,9,665
"Never finished, just released.",False,8,182
"Unfinished, buggy, and crew members are too lazy to keep themselves alive. 

Crew would rather work for 1 hour and goof off for the other 23, before complaining about how nothing gets done and how they are ""...the only one who does anything...""

Mid-late game is stupid hard. Security is basically zero, and those who you'd think would be good fighters still die extremely easilly. 

Didn I mention this game is unfinished and buggy? I thought it would be going somewhere with the updates, but then the updates stopped, and then did my interest in the game. I haven't played it in a long time, but figured I'd give another warning to anyone who is currently thinking about buying this game. 

If you do, put it in your pile of games to give to someone you don't like.",False,18,2066
Great promise and potential.  Too bad the game was never finished.  One of the quintessential horror stories of Early Access.,False,17,2383
"I understand why all of the negative reviews were posted but I enjoy playing this game, despite all of the bugs and the game being abandoned.  After all, thats what games are for, to enjoy playing so I give this a positive thumbs up but I got this in a sale for less than £2 so if I had paid full price then the outcome may have been different.",True,1,332
Developer abandoned this game before completion.,False,61,217
"It was so good, then the devs deuced out... ♥♥♥♥ you guys",False,0,397
"It was fun. then double fine abandoned it in a nearly unplayable state. the AI is too dumb to survive even if their life is in their hands. What i mean is they are building something, they have 30 seconds of oxygen left, and they keep building until they die. also, you do not start with nearly enough resources.",False,6,333
"DF-9 proved why early-access is a trap. This version, the 'final' version, is effectively an alpha. don't buy.",False,0,336
Do not buy this game.,False,0,119
"I liked the game, sad to see it abandoned. Crossing my fingers some modder out there makes this awesome.",False,2,920
"I really wanted to like this game, I really did. 
The sci-fi setting and base building mechanics looked promising at first, but after about 10 hours of play time, I can confidently say this game is incredibly disappointing and saddening. 
It had great potential and if the developers had really seized that, it could have turned into something great, I'm sure of it. Instead it turned out to be a shoddy half finished and unstable game. 

Spend your money elsewhere, folks. This is sadly not worth buying.",False,0,560
buggy as all hell with no hopes in sight of a proper update.,False,0,457
I wish I could refund it but it's a year too late,False,0,63
Fun game to just pass the time.,True,0,379
"I did a detailed analysis of the doors in the game and posted it to the forums. Free quality assurance work that would have cost minimum wage to 20$/hr in the national economy. And they just shut the doors on this project rather than bring it to fruition.

Double Fine games have been moved to the bottom of my list of games I will invest in or purchase.",False,19,1142
"I think that this is a fun game.


I recommend it to anyone who sees this.",True,1,530
"This game did seem promising, but was abandoned before it was finished.  Shame on you, Doublefine.",False,20,307
"Feels very half finished, more content was expected. Not nearly as enjoyable as one would have hoped, the time is better spent with for example Prison Architect.",False,6,295
"This game is the worst thing I ever bought, I kinda want to give this game a fair justice but everything that people say there are right I fell so rob and I bought It for 0.99€ on Steam sale plus with Hack & Slash (Still not played) my Advice is Dowloand It on Piratebay or other website and Dowloand the unofficial patch and give those guy who made those patch some money their deserve more that the devolper did now If you execuse me I got to ask an Refund",False,2,112
"It [i]looks[/i] good. From the screen shots and video you would think that this was a wonderful and polished game. Sims in Space. Well it [b]could[/b] have been. And that is what is most dissaponting. The game is unfinished. When it didn't get enough money up front, the developers have apparently abandoned it in its unfinished state and said ""whelp, guess its out of early access now.""

Avoid this game. Even at a 90% off sale.",False,12,724
"Its clear this game was never finished. The tutorial just stops giving you instructions before it explains what is needed to keep your crew alive. As such you have no clue what is the endgame to make a good station other to stay alive till the next pirate boards your station and wipes out your crew.

Then theres the horrible bugs like crew just randomly walking thru the stations walls to die in space...",False,19,405
"Move along, nothing worth playing here.....",False,10,324
"I regret paying 0,99€ for it",False,0,51
"I quite loved the potential for this game, but in practise it is horribly disapponting!

My first playthrough went fine, pretty basic management fare but then a raider showed up and I discovered that the 'security' crew assignments I'd made meant people couldn't last two seconds against the lone raider..
Alright then, it was the first go and in tutorial so I can accept an hours play lost and decided to start a new game.

First realisation, there was no ""this will erase your data"" or ""do you want to save"" warning. Surprising and not great, but as said, I hadn't planned to anyway so I went ahead with a new real start.

My hopes for the game returned, I enjoyed starting anew and building up the base and this time I had a plan for raiders!
My plan... reassign every crewmen to security and overwhelm in numbers! XD
Not great I know.. but it worked, though highly tiresome to have to remember and reassign everyone back to their old jobs as you can't assign saved positions to default back to.
Then of course, things went bad again...

I find a derelict ship, so badly laid out it could've been a rushed post-battle vessel from Galaxy Truckers.
So of course, I decide to tear everything out as salvage materials.
Unknown to me, one crew decided to remove the ships oxegen generator and then the door of another room from the inside.. leaving him stuck and likely gormless, as there was no notification of him being stuck.

I'll admit a possibly mistake on my part: Not painstakingly watching and assigning each item removed one at a time, but when I tried that previously the crew had a habit of just heading off to bed or returning to my base for a minute to build some shelves I'd requested another builder to build, before coming back.. which is why this time I just left them to it.

Anyway, I found Mr.Gormless and got him to let himself out of the room but before he got any further the oxegen in the ship got too low and it turns out people panic when they realise the oxegen is low (fair enough I'm sure).
Unfortunately, this panic was apparently too much to allow the builder to obey my orders to rebuild an oxegen generator.
Close to frustration I see my second builder heading over in a space suit to save the day..

Unfortunately, Gormlessness is clearly contagious as our superhero stepped out of the airlock, went into a panic himself, rushed back into the airlock and flushed himself into space...

So yea, there you have it. My adventures in Spacebase DF-9. I advise you against having any of your own.",False,18,226
"I'm sure everyone knows this, but I must include it on my review. This game has been abandoned by the developers.

The developers are also expecting modders to finish the game for them...but didn't make a workshop compatability...*facepalm*. Seriously devs? so at the moment, there are very few mods out there and they are scattered all over the internet, and google search is no help. 

However, there is a new mod called ""unoffical patch"" to fix some bugs and add some features. I recommend you download that mod or be greeted with bugs apocalypse. 

Now lets talk gameplay.

I don't know what they normally call them, settlers? austronaut? pawn? I'll just name it ""people"".
Unfortunately, you can't move your people, which can be very annoying when raiders are on sight.
You can assign them up to 9 jobs, some people are more skilled on certain job and also enjoy/hate certain job.
The jobs are;
Builder: self explanatory 
Technician: maintain and fixes objects
Miner: self explanatory
Security: shoot hostile enemy, and follow security beacon that you can set.
Bartender: Tends the bar which increase happiness.
Botanist: tends the garden.
Scientist: Make researches to unlock things.
Doctor: Heal and cure diseases/illness
Janitor: Clean corpses
Unassigned: default

People have needs, and they can go up and down shown on a graph. I don't know what most of these does to the person.
Duty, Social, Morale, Stuff, Energy, Hunger, Fun. Those are the 7 needs of a person.

People also have ""thoughts"" that you can read. Some of them are about friends and enemy they made, an object they built, or even a certain doom they are about to encounter. Thoughts really define them and I enjoy pausing the game and reading them. 
They also have a nice hand drawn avatar so you know what they look like and perks, if they have low self esteem or they are anxious, etc.

Each person really is different from the rest and it's amazing how much detail they have. It's ashamed this game is abandoned.

Now let's talk about building.
There are 13 rooms you can build, and they are;
Airlock: In and out of the space station
Life Support: For placing Oxygen machine 
Reactor: for powering the entire space station
Refinery: smelting rocks into matter (money)
Residence: Build beds to increase population limit
Pub: increase happiness
Garden: Grow food
Fitness: gym
Research: build research table for scientist
Infirmary: Hospital
Brig: prison
Command: Threat monitoring
Unzoned: plain old room 
Each of these rooms have certain objects that can only be placed on that room. All objects (and wall/floor) cost matter to build.
Matter can be obtained by mining rocks and smelting it on a refinery machine. 

To build a room, you need to inclosed it with walls and floors. If a wall or a floor is destroyed, and a person is in that room, they will be sucked into the vacume of space and die.
Walls/floors and objects can be destroyed from astroids and raiders. 

There are random encounter in the game.
There are people that you can communicate with that randomly pops up (when they are near you).
If you respond to their message, then you can either gain a person or be targeted by raiders.
This is the risk you need to think about before accepting their calls.
There are also an actual spaceship that shows in your game. You can either send your security (via security beacon) or leave it alone until it leaves the game. 

Spacebase DF9 had potentials, but its been abandon before it can even fly. I really wish someone would make a similar game. SOMEONE PLEASE! 

That being said, would I recommend this game? Not on full price. Buy this game when it's 90% on sale.",True,11,660
"Well, i play this game, i was excited, 

the main idea look great,   but during the game, character are so ♥♥♥♥♥♥♥ stupid, Bugs everywhere ! i throw this game to the recycle bin...

if they upgrade, and correct the game i will play more, but for now .. i'm very disapointed.",False,1,437
"First up, I will say that I have personally enjoyed playing it overall, despite the many gripes I have. However, the sheer quantity of gripes means I simply cannot in good conscience recommend the game to others.

To put it simply, the game is really, really hard, because the AI is awful and the game hardly gives you a chance to recover from one raider attack to the next. I literally end up with 10s of bodies littered around the inside and outside of the space-station because the medical staff (who are supposed to clean these bodies up) do so at a slower rate than new bodies are generated. Your station crew love attacking eachother due to unhappiness, with no obvious way of resolving their unhappiness. Your non-security personnel love to run directly into the line of fire of the raider boarding party, whilst your actual security personnel will slowly amble over from the other end of the base, even though you put down a beacon more than 30 seconds ago. 

However, the fact the game is hard due to the rubbish AI is, I think, what makes me enjoy it. I can build a successful space-station despite the crew being my worst enemy.

The game also, in general, feels unfinished - which is probably not surprising because, despite what Double Fine Productions may tell you, it simply isn't. They basically cancelled the game and released a Version ""1.0"" which did tidy up some loose ends but by no means all of them, nor did it add any sorely-needed late-game content.",False,1,1503
"Whilst the game itself is very buggy, when you use the unofficial patch (http://www.spacebasehub.net/download/) the game runs perfectly fine. So my review is based purely on the game with the patch, as it is thoroughly enjoyable. 
Also, 69p for a game wthat you have to use a community made patch to be enjoyable is totally fine by me.",True,23,198
"Ho do you  dare to wrtie this (steam page)

""A Double Fine Game. Build a home among the stars for a motley population of humans and aliens as they go about their daily lives.”",False,0,1772
"Everything works well and nicely on intel and windows 10.
JUst tested new patch..it adss a lot and looks awesome

My dear Daar has just asphyxiated because of lack of oxygen, I was a little bit attached to him. He made his work so happily. He had no enemies and did his work well. I can see what they say , their friends, enemies, what kind of music they like and their food. You can see them arguing, chatting exercising, and see their dialogues. They seem to me “real” people 
Several types of:  
	 rooms (restrooms, infirmary, research, airlock etc) 
	items to put inside (beds, closets, shelfs etc etc ) 
	races
	events that makes you smile and wonder what could happen if….

           .- Anna invited me open the door!...
 
	    .-Hey We dont have any  Anna!!

All that offers a wide variety of gameplay.  and replay value.
It seems developer used too much money and time to make it work and profit was not good. so he decided to release the code for this game so someone could improve and patch it if they like to do it)
It seems he loved so much his game that he made some  poor financial decisions and have to abandon it at the end, not without any pain.(like a divorce of someone you love so much but that is unsustainable and it is better to set it free.) 
This game is a treasure and there are some new unofficial patches that fix some gameplay balance issues but the game works well and I will be testing it this days.  Having the code of this game on my hands seems like a real treasure for someone with coding abilities or someone who wants to learn.( Many thing done on LUA so they are very easy to change.)

http://spacebasehub.net/ for patches, and see the development roadmap and the team that is developing this game. it is not an abandoned game. there is a new patch I will test it...",True,5,83
"This game is such a failed project that people such as myself argue it is sufficient evidence to never buy anything from Double Fine in Early Access. 3000 people can't be wrong, just say no to double fine early access.",False,5,128
"Bought this in early access, played it for 5 mins and never bothered to play it again because it wasa too buggy. Decided to play it again for the first time, essentially, and its no different. As other people have said, basically released unfinished and abandoned. Double fine are on my list of developers not to trust.",False,36,164
The fact that I bought this game when it was in early access and came back recently to see if anything has changed gave me cancer. I have only 3 months left to live. Help.,False,3,701
Do not waste money on this not even half finished game!,False,6,529
Great potential but is flawed abandonware now. Don't buy it.,False,45,1099
"Dissapointing....  Back when the game was in early development I fell victim to its ""appeal"".  I saw a game with potential and I was all and all hopeful.  In those ealier days the game was riddled with bugs and glitches, and when I found out they were dropping the game and rushing development, I was hopeful they would eliminate those bugs and glitches in the game.  So as a review of the official release of version 1.06 here is the breakdown.  I'll have a simple review and more in depth... or in this game... anger driven review...

----- Simple ----

The game is crap... It had so much potential but since it got the axe and a speedy release... it has so many issues.  I honestly tried to play the game again... but yet I wasn't able to play longer than 10 minues.  I would not recommend this game to anybody unless it's less than a dollar or given to you free.  It's buggy... rough to control, and just honestly crap.

----- Angered Version -----

Graphics:
As this is not a ""Highly graphical"" game I wouls say they are acceptable.  The sprites perform actions that is befiting, and nothing to standoutish.  However in aspect of gameplay the ""isometric"" angle makes the game difficult to know exactly what is going on.  In the typical fashion the walls disappear in a way to allow you to see in the rooms, however being able to roatate the camera would be nice.

Gameplay:
This is where the game loses me.  Although the controls aren't ""hard"" they are difficult in there own way.  I've played many builder games, and most games play similarily with minor adjustments to the controls.  In more recent terms since the era of shooter games almost every game depends upon the W-A-S-D model.  This game doesn't stray too far fram that idea and it feels comfortable... at least until you start building.  At that point the game takes a turn for the worst.  Edge scrolling doesn't feel like it's in existence, so your dependant upon the WASD model, but once you open the construction menu, foul language fills the mouth as when you click with your mouse to select the item and press ""D"" to move your contruction item changes.  As soon as that construction menu comes up the game shifts from a comfortable WASD model to a point and click model.  This wouldn't be a problem if they didn't establish you could use the WASD in the first place....   So that is annoying.  Then it gets worse.  As you play you decide to speed up the game, and most games using some button near the WASD (tab, 123, something) changes the game speed, but in comes the mouse model, and you have to click the speed options.  Now I wouldn't have an issue with this, if it wasn't for the fact that when any ship arrived or any notification appears the game switches back to speed 1.... and DOES NOT RETURN.....I find it quite annoying because I'll be in the middle of waiting for my characters to build a room... then all the sudden a message... then the question, ""Why are my guys moving so slow""... then oh gotta click that speed... then the game goes NOPE... and another message.  It just continually pesteres you until you get so angry that you give up.

AI:
I don't normally judge AI as it's always an issue with all games.  It is always about finding that right balance between what the computer needs to process and what the character prioritizes.... unfortunately it appears that this game said, ""F*$k it... have the guys do whatever.""  And like loyal programs they do whatever.  You have absolutely no control over the individual character, so when your trying to finish that bed... your have to wait until the game decides... ""know what I think I should build that bed.""  But at that point your characters are now falling over because they are so tired... that they have no energy... then get depressed and not want to work... so now that bed will never get done.... it annoying the bleeping crap out of me as I was just trying to enjoy the game.

Glitches and Bugs:
Yes I'm bringing it up... as a ""fully"" released game you would expect most of the bugs and glitches to be taken care of... in fact thats what most of the follow up forums established... but know what.... turns out that your characters get stuck (dumb AI) and because you can't do that they sufficate.... yeah... so just started finished the basic build... airlock... air... and such... but oh no... two of my guys just sat there... doing... NOTHING... could it be AI? probably... but to me that's a bug.   But it's not the worst oh no... in my honest to goodness no opinion try I got ""invaded"" another ship attached itself to me, and I was assulted.  After killing the AI I noticed, Hey there is a gun outside...  Then I slowly watched one of my security guards go out to take care of it.... two shots later dead.... ok..... so what does the AI do?  ""Well he's dead... probably should take care of that... but naa....""  Guess where my miners had to go to get resources?  Right in the line of fire.... so there goes two of my miners...  Well maybe I can control a security... oh wait can't control the guys so whoops... maybe set a security point for them.... nope... dead... dead and dead.....  I'm happy they incorperated the guns for defences... but when a gun is established as enemy and even if you took over everything it appears that that guns still acts hostile....  My frustrations knows no bounds.

Overall the game is fine.... just fine.... not great... not good... just fine.... if you want something new to distract you for 10 minutes... here is the perfect game for you... but don't buy unless it's on uber sale.... and by uber sale like... I dunno $0.99 per copy... or heck maybe if the company pays you to play... becuase honestly this game isn't worth anything more.",False,24,1987
abandoned,False,3,117
Still alpha. been abondoned by developer,False,2,1609
"♥♥♥♥. Fcuk.

Good that they have unofficial patch :) http://spacebasehub.net

http:// spacebasehub .net",False,15,741
"Abandoned
Steram really needs a refund option for games that are abandoned like this.",False,2,1132
"Is this still abandoned? Yes.
Have I bought any Double Fine games since? No.

Pros: The artwork is pretty okay. It had strong potential as a base-building game. Uh... The price hasn't gone up or anything? I guess that's a pro, but maybe the reverse should be a con instead.

Cons: A whole lot of other stuff. Paid for but never delivered. You might even say that there's a certain ""artistry"" to the cons, if you take my meaning. I mean, you ""might say that,"" although I would never say that, lest someone take it for slander. No, sir.

Don't buy this. Even if it's your mission to own every Steam game, just skip it.",False,59,210
Incomplete game,False,1,2854
"[h1] I want to rate this game well I really do but I simply can't at the moment [/h1] 
I have had it before where I have made a great base and all has ended well and that feels great but its getting to that point that makes me want to scream in frustration. The AI in this game to put it simply is suicidal. In my latest playthrough a raider has calmly floated outside my base and shot my miners. I think wait I put a beacon on him why did my security force do nothing? They got stuck in the airlock. They were in there so long I had to build a second airlock in order to save a small building team I had working outside. On numerous occasions I have had builders who were working on unfinished rooms in space simply take off their space suit and die from a lack of oxygen. Normally in a game like this I think well its an early access game give it the benefit of the doubt it will be fixed it may even turn out to be as good a prison architect [i] 'Double Fine Productions is releasing a final version of Spacebase DF-9 next month, the studio announced last week. The decision brings an end to the studio's plan to continuously expand the game over a few years' [/i]Yep the devs at Double Fine abandoned it. The concept seems really cool to me its just so frustrating I can't recommend it",False,8,944
"This game was utterly a complete disappointment. Had they just continued updating and working on the game, I'm sure I would have eventually recommended this game but alas, this company took our money and said ♥♥♥♥ you. But that is the gamble we all take with early-access games, you pay for an incomplete version of the game with no guarentee that they finish it. This game had potential, this game had promise...but this game did not have a good developer.

I would not recommend buying this game nor any game from this company.",False,9,96
it has a mod group try to fix it,False,1,2591
"It's upsetting that they abandoned it, it had a lot of potential. But, atleast Derelict Games has taken over production of unofficial patches, and they're doing such a great job. I wouldn't totally recommend it for now, but it's getting better.",False,1,1890
Was awesome until dropped. So lame. Tim Schaffer and company have proven that they have no loyalty to their base. They haev proven it time and time again.,False,1,212
"This game taught me not to buy games in ""early release"".",False,2,98
"""Beware of Abandonware """,False,2,507
its a robbery of a game that should be removed from steam,True,1,1024
Unfinished. Abandoned. Terrible AI.,False,0,1977
"F**k doublefine.

Never buy another games form that man again.",False,0,110
Could've been great.,False,0,366
Thank fμck kickstarter isn't being used to abuse ignorant a$$holes like myself.,False,1,1231
half finished and  abandoned software,False,10,350
"Good idea, but abbadon ;(",False,0,1649
Well... I thought it was a good idea.  But saddly... vaporware... they go everyones money and vanished whout even a notice.,False,0,1581
"DO NOT PURCHASE

This game has literally been abandoned by the developers, no more bug fixes, no more content. This is a complete waste of money, go buy something else. I will personally never be purchasing another game by Double Fine or involving Tim Schaffer again.",False,1,239
Im trying to get a refund this game is so bad.,False,1,87
"Game is incomplete and abandoned.  Wish I could get a refund for this, but unfortunately....",False,5,111
Run. Run away.,False,2,2733
"It was dumped and abandoned, do not buy.",False,9,870
Thanks for nothing doublefine.  The game had so much potential but apparently something new and shiny came along to get the developers attention.  Watch out and be aware for any kickstarters or EA titles DF tries to sneak funding for.  They deserve nothing.,False,15,159
"Playtime: An hour or two, if it doesn't bug out.
Gameplay: 4 / 10
Graphics: 5 / 10
Overall: 1 / 10

Spacebase DF-9 held such promise, but with continued bugs after release and a sudden abandonment from the devs, I can only conclude this is one of the reasons Steam added the ""recent"" reviews section. I seem to have more playtime than most, because this was exactly my kind of game, but now I have not played it in months.

A purchase that left a bad taste for future pre-releases.",False,20,3683
"""A simulation of a concept of a completed game"" - Postal 2",False,3,226
"Don't waste your money, an unfinished product that was abandoned by the developers as they had no idea what direction they wanted to take the project and they couldn't manage their funds.",False,3,392
I got this game and tried it in early access. Then they finally launched the “full game” and tried playing it again. If you’re the kind of person who kicks your dog then beat your wife into a coma take a dump in a urinal then have unrestrained shameless sex with your boss’s mother… Then this is the game for you.,False,2,190
"Built a rather successful Spacebase, decided it was time, and i cut holes in all the rooms, everyone died. 10/10 would do it again.",True,1,1039
"This game really was amazing once upon a time and had amazing potential, but Double Fine decieded to just dump it despite the support it recieved from the community. Keep this in mind if you ever consider buying an Early Access Double Fine game.",False,7,1233
"I remember when this game was abandoned. It was so sudden, and the game was so broken. The 0% positive rating for recent reviews on Steam is absolutely deserved. This game is DoubleFine taking a steaming ♥♥♥♥ on their customer's chests.",False,1,700
Why do i deserve this god?,False,1,476
"Abandoned
Steram needs a refund option for abandoned games...",False,47,197
"got boring quickly, and full of bugs, this is to be expected since it was an early acces game, but then, out of nowhere, they announce that development stopped. Not even worth getting mods for it",False,0,379
Only buy this game if you know how to install mods.,True,0,393
Just don't.,False,1,291
"The game has a cool concept but it simply is not a complete game, it has been abandoned by its creators and left it to rot in the corner.

A group of moders took on the games source code and improved it, but even with their 1.08 version is buggy as hell and just makes the game not fun. The AI and pathing really suck, making you frustrated as you try and make your people do things.

My advice skip this, and look for a better space station building sim.",False,16,269
"Don't buy, it's been abandoned. It shouldn't even be on Steam!",False,8,58
"This game was never fully developed and then completely abandoned. It was released as a ""finished product"" with incredibly limited content, extremely buggy gameplay, and a generally unfun experience.

0/10. Be carefull what you buy on the steam store, as this is a perfect example of the trap garbage you can find that will trick you into throwing money away on useless crap.",False,2,513
"Why is this game even still here?

Why did I even bother calling it a game?

Now I have cancer.",False,0,221
"This is a game that will make you sad playing it. It has obvious potential. It feels like it could have been an awesome game, It was good for an EA game. Unfortunately it never left. It was abandoned and ""released as is"". I happened to purchase this a week before that announcement and it left a sour taste in my mouth. Never will I buy a Double Fine game again. I simply cannot trust a company who creates only a shell of a game and then declares it 'done'.",False,16,1020
"Game was ""updated"" a long time ago just so it could be version 1 and out of Beta, many of the bugs werent fixed and it got promptly abandoned by developer with no update since that one.

game is still broken and unplayable for the most part.",False,0,335
Abandonware. AVOID AT ALL COSTS. Thanks for help writing my review,False,3,1055
"Would be good if Double Fine could actually pull their heads out of their asses long enough to finish ANY game they make, this one looked very ♥♥♥♥♥♥♥ promising but it doesn't help when its buggy as ♥♥♥♥ and the developers just get up and leave it like EVERY ♥♥♥♥♥♥♥ GAME THEY MAKE. Overall, the devs need to commit suicide in order to fix this problem, no more abandonware from Double Fine, PROBLEM ♥♥♥♥♥♥♥ SOLVED.",False,1,1429
"SDF9 is not very amazing at all. In the past I've held Double Fine in somewhat of a high regard, but this game just isn't very good at all, for a multitude of reasons.

Namely, it is unfinished. It is abandonware. And yet DF have the gall to keep selling it. On top of this, there are people making mods in order to fix the game. This should not be necessary, and sends red flags from the get go.

Playing some of the game you immediately see that it has a very unfinished feel:

The controls are rather clunky, and there are quite a few problems with the graphics. I can't find out how to rotate the display, which means [as it's in an isometric view], lots of stuff are hidden and can't be easily accessed. Many of the elements end up 'overlaying' themselves on each other, evidence of problems in the graphics engine itself.

The gameplay is rather boring, frankly, and the game lacks flow. You're just dropped in without any real explanation of what the point is. Every now an then a passer by might interact with you with some, well, 'odd' dialogue is probably the nicest way to put it.

The sound design in this game is probably the best part, honestly. It has some nice background music.

Just to TL;DR, Don't buy it, its a shambles.",False,6,199
"My review will look similar to what most other people have probably written, but at any rate the developers for this do not deserve your money.

I bought the game when it was still in Early Access. It had some cool functions to it, was fairly simple, and felt almost like a simplified, more accessible Dwarf Fortress in space. I wasn't too concerned with the lack of available features or amount of glitches, as most of what I wanted was to be released anyway through updates leading up to the final release.

Well, as you probably already know, the developers essentially shredded up their list of short/medium/long term goals in one night, and suddenly the game ""went gold"". 

It was a very disappointing turn of events, to see a title with such promise basically wind up as a hollow shell of what it could have been (and should have been, based on what was promised the gamer base by the makers of the game originally). 

Basically, don't waste your money - you'll get maybe a couple short, bugged-out playthroughs of the game but it's just lacking any amount of depth to really get you playing up to even half your money's worth.",False,27,166
"WTF!!! Why are they charging for this game, it is completly unplayable in its current state.  They should release the source and allow the community to finish development, and or offer refunds.",False,5,69
The game itself is fun. But the developers abandoned the game during early access and just released the game with a couple of bugfixes. It's a broken promise. So please don't buy this game and support the developers for what they did.,False,0,164
"Once full of promises, once an interessting game,...
Now, it is nothing more. And even a bit less. Devs ran away from the game, maybe because Mr Schaffer told them it would be easier to make remasters of old Lucasarts games. 
The game is not finished, lacks content, has a lot of bugs, ... It could have gotten pretty decent, but now it is just an expensive corpse.",False,3,495
"I love this game, but it was abandoned, but a group has been making their own updates for the game",True,0,426
Game was never finished. I was cheated. This developer should be prohibited from selling games on steam.,False,0,1185
Sadly this game was dumped like a cheap prostitute by Double Fine. Everything was going so great then it all ended without warning.,False,22,1422
i figured it would be similar to planetbase but instead being a space station as opposed to an outpost on a planet. it's ok but it's lacking,False,0,340
"A game I purchased when it was in early access... And the soul reason why I am flat-out against anything related to the matter. I can't even believe I was conned into buying this ♥♥♥♥.


♥♥♥♥ this game, ♥♥♥♥ the devs who took the money and ran, ♥♥♥♥ the people that gave the game positive reviews at the time, and ♥♥♥♥ all of you dumbasses that go around grieving the ♥♥♥♥ out of people VERY SPECIFICLY whenever they give anything a negative review. At least people that still post negative reviews are actually ♥♥♥♥♥♥♥ honest despite the bashing they get from time-to-time.



Kill yourselves, and burn in hell you incarnations of cancer.",False,6,886
"ABANDONED 

This could of been an amazing game> as is, it is buggy with features missing but ok",False,4,267
This game is crap. It looked promising but the developers dropped when they figured they had made enough money. It will never be finished,False,4,807
Abandoned,False,11,462
Like if u cri evrytiem.,False,1,512
This game had so much promise that I gladly purchased the game in early access so I can watch it develop.  The fact they pushed the game into final release because they were not making any money is a real betrayal to the early access system.  They release the game without so many promised features and so buggy.  I read other reviews that said this is not typical for Double Fine but the experience left a bad taste in my mouth and an incomplete game,False,0,318
"Started playing this game, having startopia and other similar games in mind… it could have been a great game but it somehow misses the motivational part. If you enjoy building something next to an angry toddler who destroys all your work randomly… then this mightbe a game for you. I've played it some hours now and found it quite frustrating. Even in the supposedly easier parts of the galaxy you can barely construct a base, at one point the game starts to throws masive waves of raiders - way more than the population of your base - against you. Just after you barely survived a couple of killerbots arrive. This might be something to handle and to enjoy if the games worked as intended. But you only have one ""security"" beacon (but probably about 6 differend intrusin locations) and if you are lucky the citizens respect the emergency alarms and the security comes to the beacon. one by one. to get slaughtered. But about half of the time they don't do anything when they arrive at the beacon. There are construction bugs and fire extinguishing things as well.
After all, it is hard to actually have fun playing this game.",False,8,201
Awful. Just awful,False,2,33
Could have been amazing... half broken... half working. Avoid.,False,2,434
Another reason why early access is so good....,False,1,77
"balls. balls. balls. balls. balls. balls. balls. balls. balls. balls. balls. balls. balls. balls. balls. balls. balls. balls. balls. balls. balls. balls. balls. balls.  balls. balls. balls. balls. balls. balls. balls. balls. balls. balls.

i loved the game at a point it was fun and a fun original premise but its abandonware. i still want to play it from time to time then remember how bad of a state this game is in and i just ignore the thought. it was fun when i was 13, not now that i actually want a solid game with more content.",False,2,1073
"Abandonware. I will think twice anytime I see the name ""DoubleFine"" associated with a video game.",False,20,15
"I can't believe Steam is still listing this. It's a buggy, incomplete game. I bought it when it was on sale for $0.99, out of curiosity, so I don't feel too upset about it.  You might see some comments about mods that can fix up the game, but in my experience these were just as buggy as the actual game.  

The fact this game is still listed just shows how Steam is the Wild Wild West and you need to be very careful about what you buy.",False,16,46
Abandonware.  AVOID AT ALL COSTS.,False,13,316
Double Fine is still releasing games. This one remains unfinished. A bad purchase.,False,1,1548
"Started off promising, but when they decided to outright stop developing before it even hit proper reased, I was very dissapointed.

Would have gotten a refund if I could, but didn't manage to.

Terribly dealt with, they honestly didn't give the alpha a chance, otherwise a lot more could have ben done with this game.",False,8,485
"It's fun.  It's challenging.  It's cheap and it's replayable.   What more could you want.  

All the negative reviews are overcritical in my opinion.",True,0,532
just kill yourself double. just kill yourself.,False,0,572
"It's been ages since the last update, and it seems that the developers have effectively abandone their game mid-development with no promise of refunds. If you do decide to buy this game, be wary you will have to rely on modders for bug fixes, content, etc. The developers are no longer working on this game.

To be fair, the game was fairly fun (if you ignore the bugs, lack of content, etc.) and had great potential, but when it became clear that the developers didn't want to work on the game anymore, it kinda broke my heart. Ages later, they still aren't working on the game, and there is no way to get a refund. We have to rely on modders to finish the game, instead.",False,1,263
"I bought this game twice. One for a friend, and one for myself in EA because I thought it showed promise.

Looking back on it now, you could say I got double-fined.",False,0,180
"Would have been an awesome game, but the devs took our money and ran.",False,0,1878
"Actually i was contemplating whether to give this a yes or a no, simply because.. it's just a normal game.
I bought this as a bundle with Hack 'n' Slash, which is on a discount which makes me only spending less than 1 cent for this game.

This game started as a good game, with a great concept and all, about building your own spacebase. You have no limitations, and there are a lot of things to construct while keeping balance with residents' needs. However, this game is very confusing at a start, with so few tutorial (and it has a more detailed, although still not cover most of it, in a separate section on the main menu, which makes it worse). The actual game is actually like an endless mode, which give you everything you need to build at the start and a few resident to start with.

Honestly, i hardly can come up with a good and a bad aspect with this game. This game is actually an okay game if you have understand on how to play it, but there isn't anything appealing to it. There are some ""goals"" to be accomplished, but i don't really think it's that important, or maybe the game doesn't really show it as important.

Pros:
- Lots of items and room variations to build
- You can assign your resident to do various jobs and raise their experience

Cons:
- Assigning a bed to each person one by one can be very tiring, especially if you have a lot of residents.
- No ""undo"" button after doing a construction ""blueprint""
- No rotate button

Should you buy this game?
If you like this type of game, this game can be very cheap when it's on sale, which is good. But if you don't, just skip it.",False,0,204
"Glitchy and unfinished, not worth  it even on a sale. :(",False,0,17
"I love this game, but no one should buy it untill they ""finish"" it. It has been abandoned and if this was early access it would be amazing but to call this finished is a horrendous insult that Double Fine has slapped on themselves without an ounce of shame.

DO NOT BUY THIS!
DO NOT FUND DOUBLE FINE UNTIL THEY FINISH A GAME!",False,2,439
"A game that didn't deliver on promises, promises, promises. Just keep throwing money at Double Fine, maybe they'll never learn. A remaster is always an easy way for some turn-over and profit and easy toilet-paper planning. Real projects are too hard I guess for this company. Tim, Tim, Timmy, Timmeh, Tim, Timminist, Tim. Why did you drag yourself from that cesspool called a couchpotato and easy beer.",False,0,124
"Early Acces gone wrong. 

A game that has been abandoned by it's devs very early into development and in a completely unfinished state. It severely lacks content and has some major UI and pathing issues. While it likely had much potential, it's 'absolutely not worth it in it's final version, not even on sale.


If you like the genre, take a look at planetbase instead.",False,4,2587
"This is the game that taught me to NEVER buy Beta/Early Access games...  Squandered potential all the way.  Another couple of months of development, with the hundreds of thousands of dollars we gave them based on this ""Demo"" and this could have been a truly brilliant game.

Instead, they decided to simply slap a ""done"" sticker on it half-way through the alpha because they had other priorities.

That game?  Massive Chalice?  The game that taught me to not trust Double Fine anymore period...",False,2,378
"It's one thing to make a bad game. It's another to claim this game to be a ""success"" or ""finished"" when it very clearly isn't. The way Double fine handled the situation was terrible, and the fact that they have the gall to not pull this scam from steam blows my mind.",False,3,1096
"The game is fun at the start, but after you know how to deal with raiders it becomes annoying. Theres no end game.",False,3,3240
Company has abandoned this and told the community to fix it with mods.  Game is broken and won't be fixed.  Do not buy!,False,17,254
"If you read the ""About This Game"" section, you'll notice even THAT isn't finished.",False,1,304
"Developers abandoned this product and ran with the money, so DON'T BUY IT!",False,2,532
♥♥♥♥ Double Fine. Absolutely ♥♥♥♥ them,False,2,137
"Steam won't let me refund this. 
During the Early Access when it was being developed, and everything seemed to say ""Oh yeah sure, here are our goals, heres what to look forward to"" I eagerly played each update, trying it out, imgaining things to come. 

I do not recommend this to others.
They decided to fix any glaring bugs and call the next update version 1.
I paid to test an alpha for bugs, 
What i'm left with is an unfinished game and 17.2 hours of regret.",False,1,1000
horrible abandoned game. if you want your starbase to die out of stupid reasons you have no control over buy this game. honestly for any other reason dont,False,1,1014
"It has potential, but this is barely an alpha. I was very disappointed that this was abandoned, and I think it is shameful that it is being sold in the state that it's in.",False,1,59
"Devs have abandoned this, don't waste your money on it.",False,1,1601
Great game yet sadly I suck at it. I wish i was better at the game so I could find out all features.,True,1,72
"Okay, yes, the game in its base state is awful and buggy and unplayable and Doublefine did a terrible thing ragequitting from it.

HOWEVER. Now there is an unofficial patch that is really making this game worth the money. It's damn glorious too, and they're still working on it. It rarely crashes, and there are few glitches. Yes your citizens are still...kiiind of stupid but you tend to expect that in a basebuilder game.

Seriously, if you love basebuilders, look no further than this.

Just get the unofficial patch once you do. I'll link it here.
http://spacebasehub.net/",True,3,2282
"WARNING!

This game was rushed out of early access due to financial issues for the developer. It is incomplete and will most likely remain so indefinetely.

Unless you have an irresistible compulsion to buy every game ever, do not buy.",False,1,782
"DO NOT BUY THIS GAME (OR ANY GAME FROM THIS DEV)!!!!!!!!!

i was a backer way back when.... the jerks basically said screw this game the modding community will fix it.

seriously eff you guys.",False,1,363
Just not engaging or polished at all. Don't waste your time or money on this.,False,1,96
"this is a fun game no dought about it... has a lot of potental but it realy 
the AI is just bad and the events generate poorly, like one mine every thing is smooth and next u get 6 raider events. 
Maybe it suppost to be this way but over all the game seems realy ruff. 
Needs a lot more work with balancing and event generation.",False,1,1364
"*BUYER BEWARE*

Game has been abandoned before many of the promised mechanics/components of the game were included. Developers claim the budget for the game ran out. While I can partially sympathize with this, in light of the ""Towns"" debacle that occurred not long before this game's further development was shut down, I can't help but have a sour taste in my mouth about the whole ordeal.",False,2,915
Double fine has been blacklisted in my book for the sudden and abrupt halt of development of what could have been a good game.,False,2,2635
"IF you haven't noticed this is an abandoned project Double Fine screwed  us, 'going in dry' if you will. I got a free copy of hack n slash but im adding that to the pile on top of Rust and Dark Matter, castle story, . I Do still hope one day this will go free to play or is picked up by a new team and some ♥♥♥♥♥♥♥♥ Workshop support, that's the least DF could have done be jumping ship... Even in its so said development the signs were there early on. Great idea i had some fun but like many a sim, it has a tricky pull start and breaks down late game in various death spirals. Could have gone far pu you see how it is. 

Maybe one day ill get to edit this.",False,0,4083
"This game is good! It's realy chalenging, few bugs but it's still palyable. Main problem is DEVs's left this game - 1.06 ver. DEVs's lost their opportunity on VERY good game. Sad but true.",True,3,993
"The gamae has an interesting feel, but overall it could use a lot of work. The interface is clunky whether you use the mouse of the keyboard to navigate.",False,0,256
"This one's a little tough, because I really wanted to like this game. I'm a fan of survival games and sims (both with and without capital-S). Spacebase DF9 has a nice idea and a rather decent realisation. The gameplay is all right, and the design, particularly of the inhabitants of the space station, is pretty cool. BUT. The game has been abandoned by the devs and currently relies on community patches to work. Don't expect any fixes for the bugs that are still in the game.

What is there is the groundwork for the Sims in space. Sort of. You're starting out with three astronauts and a small amount of resources, just enough to build a closed space to shelter your little aliens from, well, actual space. From there, you mine resources, add to your space station room by room, and slowly develop a complex microcosmos that has you manage life-sustaining installations like reactors and oxygen generators, necessities like food dispensers, a medical bay and bedrooms, and luxuries like a bar and a fitness room. Additional challenges include raids and abandoned drifting space stations to discover and loot to your heart's content.

But that's where the content ends. It's a very bare-bones game that gets repetitive fast. The AI is borderline stupid as soon as something goes wrong, with people running around screaming at the tiniest fire instead of using the extinguishers and subsequently letting the entire station burn, others starving to death because the food dispenser was too far away (in the next room), and the doctor preferring to eat five times in a row at said food dispenser instead of incinerating the bodies of those who died in the last pirate raid - who have only died because security idled at the opposite end of the station until I specifically directed them to fight the raiders. You have to micromanage everything, because you can't trust the AI. Even after you assign jobs to people, they will sometimes refuse to do them, even if it's their preferred occupation. Security officers will not intervene unless you tell them to, and then one at a time, getting killed by absurdly overpowered raiders.
Who will always show up as soon as your station hits a certain number of people (ridiculously low, six, if I remember right), and will start out super-strong. Contrary to what the ""map"" selection suggests, there is no way to adjust the difficulty unless you change the game files manually, and even then it often doesn't work. The area of space that you pick has no tangible impact on how hard the game is; the number of raiders and meteor strikes seems consistent across the board, the only thing that changes is how often empty stations drift by yours.
It's crazy hard to survive after hitting the threshold after which raiders spawn, and borderline impossible once you've reached ten and higher because the game keeps spawning higher and higher numbers of enemies, forcing you to assign around half of your inhabitants to security. That, in turn, prevents you from playing a lot of the other features, like botany, which you need for the bar, or science, which you need for almost all upgrades. The balance is shoddy, and Double Fine did not bother to fix it, instead abandoning the game.
Fans have stepped in and created one (to my knowledge, so far) patch to fix a few of these bugs, but there is no guarantee it'll work with your game. And it shouldn't have to, if DF didn't stop working on games once it becomes too much work. It seems like the game didn't sell as many copies as they anticipated, and they decided it wasn't worth the effort, instead starting another crowdfunding campaign for a new game. That looks like a really shady business practice, like you'd find on the seedier side of Greenlight and Early Access, and one I can't support.

Shame. This would have been a fun space sim, but as it is, I can't recommend it.",False,0,590
"Started out to be a great game. This is the first time i game across double fine studios. However this game will be my last with them. They love to start a project,take your money, and then  just up and leave the project. Thanks for leaving a bad taste in my mouth",False,2,1849
Abandonned game. Move along,False,1,181
"-  Actually playable with the Derelict Games Unofficial Patch v1081 -

I survived Final Assault with my normal base build.  I tested this extensivly during the intial EA release.  I can tell you this is the first time SBDF9 has been playable and stable.  I wouldnt pay full price for it.  Just wait and catch it on sale.  Its worth about 10 hours of gameplay at most for the average gamer, no wonder DF never wanted to fix it.

 - LOVE THIS PATCH! DERELICT GAMES KNOWS THEIR STUFF!

Check the forums for links to their patches. Easy to install. Very Steady and Playable!!!




*- response to xlockeed since I cant respond in comments either lol

yep, due to our perm ban I'm sure.  This game could have been so much better...  if it had not been just a money grab, sigh oh well...  opened my eyes to early access abuse and I'm sure many others as well.  so it served its purpose I figure.",False,2,18981
"Honestly I love this game From the building to the micromanigning people and there needs fears and likes.

I think the feel of the game is a combination of age of empires in space + sims aspects, the reason why I say this is becasue  the building and advancing feels a bit like age of empires 2 but with aspects of sims.
As in the people have there own will and do and act to there will as much as you're commands and you need to micromanage the jobs and flow of mass and keep building to acomadate all these people.

I find this game quite challanging because of the constant fear of raiders diseases and parasite's oooh those damn bastards.
this will always keep you on you're toes and usually I try to keep the starting 3 people alive as long a posible and get a like and dislike in people and try to make them happy and thats challaging to keep them happy and alive with all those treaths.

The building is also quite fun becasue you can basicly do wathever you want how you want it and it's always a good plan to build efficient and smart to ensure safty and easy access to you're rooms wich is also essential.

Even tho the developer gave up on it people that liked the game just like me starded to update it !
unofficial but they are improving the game nothing the less and working on it making it better and doing a great job on it. shout out to them amazing job people keep it up !

my final Judgment The game is great if you like a age of empire in space with a personal toch I rate 8/10.
Becasue the atmosphere freedom in building, managing all you're people and the sound track is great and I like it.
you can play it alot and not get tired of it atleast I can haha.

I will keep playing it because I find a lot enjoyment in this game but thats just my opinion.",True,2,2849
Unfinished. Thanks Double Find. I used to be a fan of your products. -.-,False,0,186
"omg boring game, lazy devs, no updates. avoid.

if you want a good space base game buy startopia, this crap doesnt come close.

update 29/04/2017

still no progress and still the same, boring, poor gameplay with no depth",False,0,32
"Being a fan of the old “Tycoon” games and “Theme Hospital” I was really excited about Space Base DF-9. I thought for sure reviewers were being too hard on it, so as soon as I saw it pop up in a Humble Bundle I was ecstatic… But, all of my excitement was for naught. Almost 6 hours wasted and I can pretty well guarantee I will never touch this title again.

[b][u]TL;DR [/u][/b]
There is a ton of promise here. When the game is running smooth there’s not a lot to complain about (except maybe lack of construction options), but eventually that smooth ride will be over and you’ll realize nothing works like it should, if at all. So while playable you’ll hit a point where the effort to advance isn’t worth it. If you still think you want to punish yourself by playing this game make sure you check out http://www.spacebasehub.net/ for the unofficial patch, the mechanics are still broken but everything else has been improved.

[b][u]In-depth Review[/u][/b]
[b]Overall Gameplay: [/b]
The basic construction and management section of the game is fairly well done. It’s very similar to “Theme Hospital”, but with a slightly improved interface. That’s where the positives end. So many things are broken that it becomes unnecessarily difficult, and not in a fun, challenging way but in a “oh there’s another thing that doesn’t work right” kind of way. 
Here are just a few examples of things you’ll see characters do:
- Die of suffocation despite being surrounded by rooms with oxygen and having access to an airlock with space suits, 
- Become incapacitated (not dead, just lying around uselessly) indefinitely. If they’re Raiders they actually might be back up and start killing people!
- Be marked for the brig or infirmary but never go there
- Scientists not researching (despite being assigned research and having a research station).
- Ignore the 3 fire extinguishers near the fire, and instead stomp on it until they catch on fire, then run around the base being ignored by everyone else until they burn to death… Actually that might’ve been the most entertaining part of the game!

[b]Presentation:[/b] 
The user interface is easy to navigate but overly simple. You only have 1 save slot and the game auto saves by default, so if you’re not careful it’s quite easy to erase a save game by clicking on the wrong thing and not exiting before it overwrites your game.

The graphics are fine. They’re quite obviously a throwback to “Theme Hospital” (how many times can I name dop?). It works well for the genre, and they’re fairly sharp. 

The sound is outright boring, the music is nothing impressive and off the top of my head I honestly don’t remember any sounds other than that and the chirping alarm if you zoom in far enough.


[b][u]Summary:[/u][/b]
This game could be so good, but as in so many cases now it looks like the developer took their money and ran. In my love/hate relationship with Early Access this is why the hate portion exists. I’d give it a 3/10, it’s playable and as long as things work right it’s quite enjoyable, but the unpredictable and frustrating broken mechanics make it another EA Trash title. Pick it up in a bundle with some good games or for $1 or less and get a couple hours of fun… But DO NOT, under any circumstances pay any more for it than that. Especially when you could get the vastly superior Theme Hospital and forget this all together.",False,4,333
"BIG BUT on this thumbs up!!!!!!!
Get the unofficial Patch 1.8!!!!
Fixes all issues and adds massive amounts of new content!!!!!
http://www.spacebasehub.net/download/",True,2,337
Abandonware,False,2,783
"Does not work, we really need to get our money back on this one.",False,3,34
"They've stopped updating it ages ago, never buy this game, it's broken and buggy as ♥♥♥♥.",False,4,568
This game had soooooooooooooooooooooooooooo much potential. instead we got robed. what a waste. AND WHY THE ♥♥♥♥ IS THIS GAME 10 ♥♥♥♥♥♥♥ EUROS? IN BETA IT WAS 5? WTF?!?!?!,False,0,907
"I don't normally buy into early access games, but this one promised to be amazing. I played for as long as I did because I couldn't wait to see that complexity surface, and it never did. This game was the biggest disappointment I've ever experienced from a videogame, and that is including the end of Mass Effect 3.",False,0,1775
Yeah this game has been dead for years. Don't buy it.,False,0,827
Initially it seems like fun bugs rapidly start to surface and you realise that you are wasting your time playing it.,False,0,254
"Despite all the negative comments and outcries over double fine not finishing this game and abandoning it even without any mods installed i actually REALLY enjoy this game and can spend hour upon hour fine tuneing my base and colonists. i don't understand why people think this is so unplayable, it's actually VERY playable once you figure out how everything works, the Big ""ending"" scenario is not even remotely hard if you're setup right before hand. the biggest problem i can see having is expanding too far too fast take your time pace yourself and don't expand or accept new people unless you're absolutely ready for them or are recovering from loss.",True,0,2823
It failed,False,0,517
The game looked promising but at it's current state I don't think it should be on steam. It's an unfinished game that isn't going to be finished.,False,0,3254
Would not recommend. It's entirely too easy for things to go wrong and your entire crew to die because you got swarmed with raiders and the security AI is too dumb to handle them.,False,0,323
So much wasted potential,False,0,1054
"bought this game long time ago with loads of bugd was hoping developers will fix it (well few years later the game is still crappy with bugs and issues not to mention that there is very little to the game, when originally they promised more content to come I was hoping they will add more things but instead they added few things and went on to another development. Yes I got their new game for free (or on a discount can't really remember now) but I'd say it like I feel it, If you promise to make a game and after many years you can't deliver it, well don't be surprised if whenever I see your companies name I will be skeptical about buying a game from you.",False,0,1359
"I've logged a lot of time into this game, and pick it up every now and then and play it for stretches at a time. You'd THINK that would lead me to recommend it, but no. I don't recommend this game to purchase.

I started playing the prototype that released with the Double Fine prototype bundle, and I really, really enjoyed it. I was so thrilled when the game hit Steam, and couldn't wait to see where it went. Well, it did add features to the prototype game, which I was playing regularly, so in that sense I'm still enjoying it. However, the game is extremely unfinished and buggy. Asking $10 for it is a slap in the face to consumers; they should ask no more than $1 or so for an unfinished game, if that. Basically, I've played more completed games from Pyweek, and that's folks slapping together games in a week -_- 

All that said, I do like playing this game; I enjoy the space sim aspect, and since I've never really gotten a successful, self-maintaining base running it's sort of a perpetual challenge. But I can't recommend it to others because it's so broken. I'm surprised Double Fine has the balls to keep it in the Steam store at $10.",False,4,4767
graphics are ♥♥♥♥,False,0,31
A great example of why never to buy early access games or from Double Fine Productions... You guys SUCK!! Thanks for stealing my money.,False,0,289
"Abandoned. Dark, empty, and alone, like space.",False,0,220
"Although the game has been abandoned by the devs I'm recomending it because the ""Spacebase Restoration Squad"" have taken over development in their own spare time.",True,2,261
"solidified my opinion on df-9:

a bunch of lazy copouts",False,0,287
"They stopped working on this game.  It is unfinished and they are no longer working on updates.  The only thing they are currently working on is banning anyone who talks trash about them or the game in the forums.  Gaben, please ban this ""publishing"" team from steam, they stole my money and everyone else's money who bought this game.",False,0,2462
"+ It's fun for a few hours: Construct your base (you'll need to use tricks so the idiot AI doesn't lock itself in or out)
- Pretty soon, deaths occur just because the AI sucks balls: 
-- Miners suffocating on the way back from asteroids
-- Miners dying in front of the airlock because the airlock is waiting for another character
+ Once you've got all the rooms, it's fun to watch stuff going on
+ Your guys learn skills
-- until pirates appear and shoot all your best buys who cannot fight back because the enemy is under your base and not targetable
-- or they shoot up all your guys who're currently demolishing some structures
-- or your guys decide to hang out in an area you've dsigned to be removed, so they suffocate as soon as a miner removes the wall

This was abandoned by the devs in a Completely unfinished state. It could've been great, which adds to the frustration of seeing things go so stupidly wrong.",False,10,12065
Screw this game and the hack fraud creators.,False,0,5
best game i have gotten for 0.99 cents and there are still aspects that you can love with the graphics and you can become enraged quickly or play like a boss from the start.,True,0,461
"I can't get anywhere in this game. I chose a low hostile area for my first base, so that I'd be able to learn the game before having to learn how to fight. No such luck.

I can barely get four areas built before the first invation. No one ever reacts to the invaders unless they happen to be in that room. In fact, even after setting EVERYONE to security, most just kept about their old jobs while others got killed/injured by invaders. FINALLY I handled the first wave of invaders. I go to build my infermary to heal the injured, only it takes the builders FOREVER to finish anything and by the time it gets done I'm being invaded again... and again... and again. About four seperate attacks happened in the span of five minutes (in LOW hostility territory) and I watched as everyone was killed and my game, thus, completely lost.

This is not fun. The tutorial sucks and the learning curve is too steep or the A.I. is just too dumb for the hostility the game throws at you. I have restarted this game 10 times already because I can get nowhere in it. I'm done.

DO NO BUY THIS GAME. IT'S NOT WORTH THE FRUSTRATION!",False,0,175
"torrent it, not illegal since abandon-ware. buggy, unfinished, rushed EA game.",False,1,360
"Poop...do not buy. It wasn't finished, and has no end game. Basically, nothing to do after  you build each room type.",False,2,399
"It can not even be considered a Pre-Alpha-Release, but it comes with a full price tag nonetheless. Double Fine decided to rob all early access supporters by pretenting development by making cosmetic changes to their tech-preview for a while until they finally drop the whole project all together, like they already did with Broken Age, Hack'n'Slash and other titles. In my opinion this can only be called an bold example of customer fraud, so don't even consider to install it even if it might be for free one day, since it's in a non playable state and therefor a total waste of time.

Keep away from any Double Fine game at all costs, since it follows a undeniable pattern of overexaggerating and under-delivering. It would fit in if they would hire Molyneux.",False,0,2591
"Really great IF it works.  It was doing great then suddenly, it doen't work!  No idea why

If it works, you've got a great, near endless game.

Can't help but feel double fine left it.",True,0,209
"Fatal error, wouldn't run. Contacted the company, the informed me they were aware of the problem and would eventually fix it. No refund. 6 months without a patch.",False,2,157
"This is an unfinished game, not even worth buying in a Steam sale. For more, read the other 77% of unsatisfied reviews.",False,2,245
"I really wanted to like this game, but the AI is absolutely horrendous, one negative thing hits your base and it's over. I had a base with 45 people, one killbot came in, despite me having 12 people on security with phaser rifles and better armor and turrets in every room, the killbot alone murdered my entire base that I had spent 3-4 hours building, on top of that, most of the people on your base will randomly go on a rampage and kill / destroy everything, it's ridiculous, unfinished, and really disappointing, bought in pre-release hoping they'd finish it, but never happened. Will make sure to boycott any other games they try to sell and spread the word of how ♥♥♥♥♥♥ of a company they are.",False,12,2037
"Great game, where you really need to build your own spacebase! If something is wrong, like your people dies often, other people will not work good and can die soon too
But if you have a nice base, it will be OK, and the only problem will be Raiders (or not a problem, but additional matarial for your base)",True,0,2195
"This game is fun for the 30 - 45 minutes you can play.  Bugs still exist.

Great concept and gameplay.  The problem is, even when in an ""extremely low-risk"" portion of the galaxy, you are faced with raider after raider after raider.  With 12 citizens and FOUR of the being 4-star ""security""... ONE raider wiped out all but two citizens. Ridiculous.

15 minutes later I had built back up to 5 citizens.  Three raiders wipe EVERYONE out.

No way to save a game and return to it as far as I can tell.  You may ""quit and save"" then return later to where you left off....  But once catastrophe happens, you can't back up and try again.

Start over?  I've done that plenty.  Tired of it.  This game sux and is the biggest waste of money I've ever experienced on Steam.



As I said, good premise, fun game.  But no saves and wave after wave of intruders in the ""significantly low risk"" portion of the galaxy.  Ridiculous.

Continuous message that my base is out of power yet it is NOT.",False,7,763
"The game isn't finished, abandoned by the devs.",False,0,1185
The dev is literally scum.,False,3,10
"Not even the quit button works.

Not even kidding, the game freezes when i try to exit the game.",False,22,192
Don't trust this company,False,0,372
"The base of the game is interesting and could be fun. But after trying a geat number of time, I'm finding it impossible to survive more than a few hours, too many things go wrong very quickly and choosing a ""good"" spot doesn't change the length of the survival.
So it becomes boring very quickly !",False,0,471
"This review doesn't account for the fact that DoubleFine essentially gave up on it. 

I rather enjoy playing this game, and often think back on it in consideration of playing it more. 
I have rarely, if ever, encountered most of the complaints that I've seen about the game; even after essentially 'beating' it. 

The community guides for the game are very helpful - especially in handling savegames. RNG can really kick your butt in Spacebase DF-9, and managing your saves is the key to making the game enjoyable. 

All that said, I really do wish that there were more content... the game, in my opinion, is much more fun than FTL.",True,0,5464
Doesn't work like it should or you're not given enough info on how to play the game.,False,0,63
"I'm writing a positive review to this game only for 1 reason - current fanpatch(v1.08.1) made this game quite playable - when you`ve figured out this game at least(i made a little guide for the game anyway - ""Nova-class fortress"").

As game in raw - you are building a space base populated by lazy idiots. They dont do what they must, fight for no reason and die for that reason. 10/10 simulator of why idiots must not be around base. Ppl jump off airlocks, fight fire with bare hands - that's raw spacebase.

Anyway, you're building yourself a spacebase. From scratch. You need to get Air recyclers, beds, medical care, food and later - garden-made food. For all of that you use matter mined out of asteroid chuncks. Ppl have different skills and job preferences. Sometimes you gonna get raiders, sometimes - derelicts with raide/parasites/killbots. You also need to research new stuff in order to survive. And in the end - fight off massive raider attack.

For great idea this game had, it's a shame that the game was never finished, but with fanpatch and other stuff game is quite funny and can test your wits and nerves. Also, bought game with discount - so it's worth it's price for me. 
Shame no achievements evne though game has goals(things like achievements).",True,1,2929
"Tim shaffer is a scamming hack.
-This game is broken and abandoned.

-The AI is completely broken
-the game is boring
-abandoned.

Do not make the mistake to buy this terrible game. Tim schafer doesnt deserve anymore cheeseburgers, he is a disgusting human being already.",False,0,287
"An unfinished, buggy piece of abandonware marketed as a early access game in constant development which was tossed out along with the source code and sold in spite of being a finished, functional game when the funding dried up.  Instead of a game, this is an example of the worst and most intolerable abuses of early access.  That this was done by Double Fine only makes the jab that much more painful.  There isn't enough content in this ""game"" to be worthy of the title or even to be judged as such and the sequence of events leading up to now make this more of an artifact to be remembered about how bad things can possibly get and a reminder of how you should never trust a single word published by a developer and judge the product in your hands as is.",False,0,282
They have stop doing updates to this.  The AI is buggy as hell.,False,0,5441
Horrible,False,0,1397
Abandoned.,False,0,526
developers threw a 1.0 tag on it and called it even. Plenty of bugs still afloat. sadly it could have been a good game.,False,0,1202
"Got updated from Alpha initial testing maybe twice, over a year ago. No work since. Thanks for taking our money, DoubleFine scams again!",False,0,3771
"4.9 hours in and I'm pretty sure I've seen just about everything this game has to offer.

Kinda sad.",False,0,292
Will not buy any double fine games after this disappointment.,False,0,168
"I got this, it showed promise, they failed to finish the game bc funding or some ♥♥♥♥, they gifted me another ♥♥♥♥♥♥ game hack'n'slash, and then they rushed out 1.0. I try not to call early access games scams, give them a chance, but this game ripped me off and double fine has lost my trust.",False,1,427
"TL:DR - Dont buy it. Great potential, shame was never finished.

A awesome game - or it could have been. Great ideas, really had alot of us excited, ""This is the game I have been wanting to play for 14 years, and finally someone's making it!! Startopia x Dwarf Fortress!!"" But unfortunately, the decision was made to pull the plug by DoubleFine. The game is unfinished. The AI is awful, It's crashy  it's buggy and while they claim they covered the list of things they were going to include, the full list (that they tried to delete and replace with an abridged version) was considerably bigger, and you can feel from the game alot of the ""Completed"" items could have had several layers, or further sophistication, but instead were there as a superficial ""tick the box so we can say we delivered"". 

I cant even compare this to the MOO3's in terms of promises that failed to deliver (Maybe Outpost comes close?) although the ""let the modding community save us"" is VERY MOO3. I am VERY interested to see what the modding community can do with the game, but I can only echo the others here to say DONT BUY IT!! Get a friend to share it or torrent it first, or wait till it's $3 in a Steam sale - in it's current state it is only good of an evenings entertainment. 

The thing that makes me FURIOUS instead of dissapointed is several other groups (i counted at least 3) were looking to make a similar ""Build your Spacestation x resource management x roguelike"" games around this time, but the graphics for SB-DF9 made all of them say ""Nope! All right, junk that and try the next idea"". They had games that looked good (in 2D) and were focused on gameplay and game mechanics and also had huge potential, but were scared out f the market. Damn you DoubleFine. . . . that is all.",False,0,1992
"The concept and idea is really good. The dev's just kind of decided to let it go and there are some out there who have taken it into their own hands to finish the job. I like the game, and favor it. It's the best space-sim micromanagement type game since Startopia and I loved that one.",True,0,16
"Even tho i got this game for 99 cents its not even worth that.

The game is flat out annoying.

I guess i should have looked at the reviews.

One of the things that made me laugh was the ore you mine runs out.Cool i thought,but no more rocks float into your map ...lol
your crew will fight each other to the death pretty often..thought this was kinda weird.

COME TO FIND OUT THIS GAME WAS SOLD DURING ITS EA AND NEVER WAS FINISHED.
WTF
i thought steam removed games like this...i  guess not.

gonna get a refund,cause this game is not even worth the 99 cents i payed for it,but i guess my play time made me lose out on the refund...you need less then 2 hours.

SUCKS I WANT MY 99 CENTS BACK atleast now i can perma delete games...this will be the first one to go into the trash along with stronghold3",False,0,265
"Theme Hospital meets FTL.
It's a roguelike space station building game. You start with three astronauts and some supplies. 
After you've got the basic stuff laid out - everyone needs air and food - you're free to start kicking back and just...building a base. Positioning sleeping quarters, infirmary, dropping plants, opening a pub.
Challenge comes in the form of enemy attacks. Sometimes enemy ships will close on your station and invade, other times you'll come across a derelict wreck which you can explore, though in doing so you'll generally have to fight stuff.

And why are so many negative reviews around?
Fan base doesn't like the way this game came from an early access to a full release, so the most of them changed their reviews to negative ones.
Nevertheless the game is really good and definitely worth trying!",True,25,713
"Awesome idea that fell flat on it's face. Why, just Why?",False,0,187
not good game',False,0,6
"Dont buy it, just pirate it.",False,0,15
"A.I. IS DUMB LIKE ♥♥♥♥ AND YOU CANT TELL THEM WHERE TO GO!

The game is very nice and had potential, but i want to give you just some little examples of gameplay:

Everything worked fine for 2 hours, but then suddenly 3 raiders came and killed half of the crew....

Later on some idiot went crazy, damaged a turret, that killed 90% of the Crew... The last guy died after a sudden fire accident, that would have been no problem if it wasn't just at the infirmary.... 3 hours gameplay lost. 


NO CHANCE TO SAVE! JUST THIS DUMB-PSEUDO-WE-WANT-A-INDIE-SAVEGAME-♥♥♥♥-THING will make anybody mad playing this game for later than a few hours. 
Sometimes you cant even do anything, just watch anything what you had built up in this game for hours die and burn. 
But people who love this, should buy it....",False,2,847
"Unfortunately, besides being an unfinished abandoned product it's not even fun to play. It seems to be more of an alpha demo with lots of ideas crammed together than anything else.

What I felt it crippled the fun the most was that the crew spent 50% of the time sleeping, 25% eating, 15% chatting and 10% working so everything moves extremely slow, besides that sleep time even on super fast speed takes forever (like at least 5 times longer than the sleep time in the sims with low end beds, or about 5 minutes real time). And I'm not even commenting on the characters dying of diseases even though they were ""healthy"" and/or quite early in the game and when they are unconscious on the floor the medics or anyone else does nothing to help them out even if you have a free bed in the infirmary, or that even on the more secure zones you can be attacked at the very beginning when you haven't even begun to mine asteroids for resources.

The GUI is quite a mess as well with features all over the place and filled with so many things you don't know what do with yet lacking of important information of what does each object/room do and just throws you into lots of trial and error.",False,0,199
This needs to be marked as an abandoned early access. There's obvious potential but it is completely unreasonable to charge for this.,False,2,142
"Spacebase DF-9 lets you create your own space station, managing crew and resources all while staving off pirates and taking hails. It sounds like a lot of fun for anyone that was into Star Trek or even games like Dungeon Keeper 2, but it turns into all of the management and none of the fun. The big issues that I have with the game is that its tough to survive the first few moments of a normal game and beyond that, its just a dull game that forces you to assimilate all metal to keep growing your station to accommodate more crew.

Your objective is to keep your crew alive against first asphyxiation and later raiders. Even when your crew dies and the game tells you start a new game, it still continues. It is a game over without being concrete or giving you a final score before you have to start a new game.

To start with, there's an optional easy how to play tutorial level that will guide you through the basics without feeling forced upon you. The tutorial makes it easy to get up and running. Assign crew to the roster of jobs. Builders build when you construct rooms or objects. Miners will mine ore to be refined to get more matter to construct with. Technicians fix things and that's about as far as the tutorial gets.

You'll need a few things to get a space base operational. The first is power that comes in the form of reactors or a seed to start with. The second is the base itself which can be a giant room. You'll need an oxygen recycler since you are in space after all. After your space base has O2, an enclosed room and power, there's another matter and that's getting in. To do this you need to setup an air lock with two airlock doors one to the interior and the other to the exterior. This room also needs to have a locker for space suits.

Outside of the tutorial the giant problem that I have with the game is the level of difficulty when you're even getting started. The tutorial is nice and setup and it does let you continue on playing which is perhaps the best method. Consider that easy mode. You get to select your location and the game tells you how rich in ore and the frequency of attacks. Its a nice choice of difficulty without being a blunt difficulty slider.

In normal play, the game starts you with a seed for power and three crew in space suits with limited oxygen. There is so much that can go wrong. Running out of matter before your crew is in oxygen will doom you. So you need to budget building a small room to house the seed, a recycler, food dispenser, and a second for the air lock. Then you need to wait for the station to fill with oxygen and even for the air lock to cycle air in and out. Your spacemen can die in their suits when waiting for an air lock to pressurize. Oh but there is another nail to get caught on and that's the fact ore needs to be converted into matter, so it requires a matter refinery. This getting started kicks off the game and it will scare people away.

On paper, interesting things do happen. Derelict space stations will come into your area for you to explore and spaceships will dock with you. From there you have a choice, send your security over to investigate them or ignore them. The spaceships become part of your base where then you need to claim each room, which can be tedious and cumbersome since many small rooms are just tough to click on.

People can come aboard infected with a disease and then your science station will be put to work finding the cure. To do so, click whatever science room you've setup and select whatever they should research. There are a number of diseases to cure and upgrades to unlock. Upgrades include things like body armor and heavier doors.

You will get attacked from time to time. Raiders will float out in space and either try to shoot your miners as they pass by or they will board your station. Other times vessels will dock with your station and you'll be invaded. The catch is, unless you're watching a mining operation, its easy to spot and prepare for. You can have your security waiting for them, unless they're busy putting out a fire. It seems like more of an annoyance than a fun or cool challenge. You can also purchase wall mounted defense turrets.

Normal crew will still engage the enemy if they're in the same room, but to send crew in to fight hostiles, you'll need to assign crew to the security. From there you can make a security beacon that draws them to the area. It feels like an extra step and even marking the point and calling off security seems like it could be streamlined. A lot of the game needs to be streamlined.

Once attackers are incapacitated you can act to cuff, uncuff or execute them. In fact you can chose to execute or cuff any of your crew. Its just a little odd. Sometimes they will even chose to join your crew. Once resources become scarce, its just easier to execute them and dump them into the refiners to make matter.

Sometimes there is an issue where a firefight in an airlock can down the only crew inside the station. So anyone outside the station is forced to suffocate over time because the air lock refuses to open when someone is in there without a suit. It gets more hilarious because in smaller stations, crew will just stand in the air lock when its too crowded everywhere else. Spacebase DF-9 is an amazing game to watch because of its logic.

Speaking of logic, I managed to glitch the game into thinking there was no airlock. Those outside the station would die of asphyxiation and those inside the station would stay in there. Even crew joining would stay outside until they died. Destroying the airlock doors and rebuilding had no effect. Yet I could manually keep a door open so the spacemen could float into my base still in their suits. They would still suffer the same fate with no oxygen. The only way I was able to get people in and out was to build a new airlock.

In terms of crew management, when it comes to the roster everyone has an emotion to specific jobs no matter what their skill level is. You can have someone great at botany, yet hates doing it. Crew member you're the best doctor we have! Yeah but they get sad while doing it. Its a realistic and offers a level of micro management. Once you get to a point where you have crew of every class it gets easier since you no longer have people flip jobs such as having a miner one day and builder the next.

You get constant hails to answer and decide if you want them to join. It feels like a chore so I opt to avoid the calls. Sometimes the hails are to lull you into security so they can get ""in your base, killing your dudes."" Their transmissions all seems sketchy. There is no one that sounds like a clear cut good or bad choice. They all sound like they're trying to be funny and questionable, because that's what people like in their games, humor and charm. Well both fall flat and it feels forced.

Its also annoying having to press the faster speed setting, because the game will drop to normal speed whenever a yellow notice appears. It could be worse by being a popup box that you have to click like in so many other games. These warnings are things such as a crew member is starving or running out of oxygen. These warnings are color coated. Green means an overall hint on what's needed in your station such as more self space. Yellow and brown seem to be specific crew have achieved something or need something. Major warnings like crew being attacked or raiders about to board are in yellow so they blend in. A lot of times I realize we've been attacked after I see the number of crew go down. Raiders look similar to your own crew.

Spacebase DF-9 is just a tough game to love when it feels like a tough start followed by dull and uninspired management. It does feel like a fleshed out game with a lot of annoyances. I think scenarios would help extend my interest, but within a few hours I feel like I've seen everything there is to see. With all of that said, it is still worth the one dollar I paid for it.",False,91,490
"got this in a tf2 trade, didn't know how to play it",True,0,9
"Don't buy this game unless it's on sale. It was abandoned in development and while playable in the early stages quickly becomes a nightmare somewhere around the 10 hour mark. I didn't realize this game had been out for a while and kept waitng for updates and fixes that never came. So, I was screwed out of about 14 bucks around a year and a half ago.

 If you just can't resist go for it now while the whole (unfinished) thing is under 2 bucks.",False,0,929
The game that managed to sour me on Early Access and Doublefine at the same time. Don't throw money away on an unfinished game.,False,0,697
"Could have been a very fun game that could be played for hours. However, the game is buggy, very limited gameplay and no end goals or objects. And what content is in the game lacks depth.

It's not worth the money even on the holiday sale",False,2,1468
I really like this game.  It's simple and difficult to develop all the tecnologies and keep the population happy.  A very challenging and time consuming game.,True,0,8006
"Glitches / stupid crew actions ruin this game. I really wanted to like it. It's a good idea. It should be fun but it just makes you angry. The challenges like raiders, space monsters and diseases are nothing in comparison to your own crews death wish and ineptitude.
Suffocation seems to be the suicide of choice for your crew. Half your crew will move from a perfectly life sustaining base with everything they need to a tiny base with nothing, panic about oxygen then asphyxiate. For no reason!
Your crew will ""chat"" inside an air lock while their friends suffocate outside. Alternatively crew will open airlock doors flushing their unsuited friends into space.
You security crew will ignore alerts and ""patrol"" the room next to the sleeping quarters where every one inside is being slaughtered by raiders.
Your security crew can't tell the difference between a raider inside the base and a raider outside, so while all your miners are being shot they will run round inside instead of putting on space suites.
Crew will starve to death stood next to a food dispenser.
Finally your crew will refuse to go to the infirmary (status says they will, but by now you know they are  lying) and die of diseases you have the cure for.",False,0,2164
"You're killin' me, DoubleFine.  I was such a Tim Schaefer-ite, I loved everything he and DoubleFine put out for a long time, and then they started making awful business decisions and completely screwing their customers.  What's worse is that SpaceBase REALLY scratches that itch of well-designed, funny and tight gameplay I have been searching for - until all the bugs show up and I read the reviews and find out that DoubleFine literally stopped supporting the game.  Left for the wasteland of vaporware, this game could have been amazing.  I know there's a cadre of programmers trying to take up the mantle that DoubleFine left behind to fix it via patches and mods, but the bottom line?  They shouldn't have to.  Spacebase could have been something amazing, and it was the final nail in the coffin; I will never buy another DoubleFine product. :\",False,0,449
"Paid for early access. Looked promising, great planned feature list. 

SIKE here's your wrapped turd sandwich of a game.

TL:DR will never purchase a game from DoubleFine again.",False,0,44
"Unless the developers come out with an amazing update after all this time, this game isnt worth your time or money. For a DF style game it is so shallow.",False,0,217
Game is too buggy. It's not a finished product. They just released what they had which is a small part of a finished game.,False,2,512
"Good idea, but was executed in a manner that left it both terrible and unfinished. Do not buy.",False,0,192
"This game had its potential. The devs abandoned it.
Unfinished early access game with the early access label removed.
Dont buy this bugged crap.",False,0,993
No longer being developed. Do not buy,False,3,239
"This could have been a good game, but Double Fine abandoned it while it was still more-or-less an alpha.",False,0,75
"I really recommend this game, even though its not finished. Its a very open and challenging game. For the HATERS, this is a INDIE game, what means that it is made by a group of about 1 to 10 people sitting nonstop developing in the same clothes and they have no/barely communication with the outside world. Wich they got probaly tired of and stopped developing. If you just dont focus on the group abonded the dev, and the bugs- wich arent much - ( there are some fixes for it). This is a very fun game. This game is just like a completed game.",True,1,612
"This game has made it finally from early Alpha to final release version. I played this game while it was in early alpha and beta later on. Long after it has been released as final I picled up again.
Gameplay: You start off building your own little spacebase after picking a suitable place. Getting into the basics is quite easy and there is quite fun attached to that. Building up you base is spiced with raider attacks and impacts from space debris. Some other gameplay elements (artefacts, research, etc.) make it interesting for some longer play.
I found this game entertaining for about 10h, afterwards it got repetetive and dull.
After the developers dropped this game completely there will be no future content added (besides community developed content). I certainly learned my lessons concerning early alpha content.
=> You may have some fun with this game for a short/medium amount of time, but I cannot really recommend buying it.",False,0,1618
"I am really upset this game turned out the way it did.
Talk a walk a year or two back, and you'll find Double Fine announcing a cool new sci-fi space station management game. Why, it looks amazing. Many of us buy in, including myself, and fork over loads of cash to get this game going. And for a long time, it went. It developed and developed and developed, and then all the coal of the development train was dumped out into the engineers' pockets, and they ran off, leaving us passengers screwed over on a train that was stopped halfway to its destination.
The engineers reach the nearest town, and, without changing their names or the name of their train company, start advertising a brand new train ride.",False,21,1618
"Looks like a space-ship builder/simulator, but it's not really intuitive and I have no clue what I'm supposed to do in it.
Also it somehow appeared in my library by itself, don't spam me please!",False,0,7
spacebase doublefine nine is a bad game by a bad man,False,12,143
"♥♥♥♥ these ♥♥♥♥♥, they took our money and ran away. This game is unfinished. It went straight from alpha 1.06 to ""finished"". Dont buy this, or any other products from Double Fine for that matter.",False,29,809
"developers abandoned an unfinished game, do not trust these devlopers on futher early funding schemes",False,18,2070
"This game does not reward you enough for your success, and is balanced poorly. Even in the better systems, the difficulty is way too hard. One mistake could mean restarting. I am likely uninstalling this game, and when I do, I will not try it again.",False,15,1243
"OK 
ummm its was my Early Review 
ok Its Awesome Base Manager Game
This Game Make Me Addicted 
Srsly 
But i Have Minus Score Here But its only trivial Prob 
-I See The Bad Reviews cause of Bug,But I Didnt See Any Bug But,The Worker is Lazy AF
-Raider is very strong 

Ok 
i Rate It 6/10 for this",True,0,821
"In its current form the game is worth less than $1

Unfortunately it may never be improved beyond that state. If you want to buy it for $1 (on sale) and hope that several years from now the player base mod team actually turns this into a working game, go for it.

But don't say you weren't warned. I bought this for a $1 knowing what I was getting into and I can't say I'm disappointed simply because I wanted to poke around and see what all the negative hype has been about. And the reality is, this game can not be recommended with a good conscience.

All the potential for a good game is here and than you realize your content ends shortly after figuring out how the controls work. There's no campaign, the tutorial is laughably poor at even explaining the basics and the sandbox play (which is pretty much all that exists) is laughably short before it becomes an endless loop.

You start with a random team of 3 with random skills in a random zone of space with random resources and (almost) random difficulty. You have some minor influence over how to skew the randomness (by choosing different zones of space); but in the end the only real choice you have is:
pick a dangerous area or pick a non dangerous area (or rather: pick an area where you cant play because you die instantly or pick an area where nothing happens until later and than goes into an endless loop of the same easily defeated enemies)

I don't know, I had some silly fun poking around with it for about an hour but there's just not much here and while I applaud the player base mod team for making an effort at improving the game I know full well that it could take years before there's enough fixes and content additions to make this game playable. 

I'll probably replay it for a few minutes every year or so just to see if they ever do anything with it.

EDIT 1: And I fell asleep listening to the music while playing, which is the only reason it looks like I have some hours of play time. Content was over in less than an hour. The rest of the listed play time was watching the spacebase like a fishbowl or sleeping with the music from the game playing.

EDIT 2 (years later):
Just to note it appears the mod team that wanted to fix this game no longer seem to be active, no real progress has been made or is currently available to the public.

On a brighter note the original Startopia is getting a spiritual successor in Spacebase Startopia.

Note: Spacebase Startopia is not made by either company that had anything to do with either Spacebase DF9 or Startopia, it's just borrowing the names from each, but the game play is clearly inspired by Startopia more so than Spacebase DF9. Anyway for those who may have been even curious about Spacebase DF9 I think either the original Startopia or its spiritual child Spacebase Startopia are both at least worth looking at:
https://store.steampowered.com/app/243040/Startopia/

https://store.steampowered.com/app/840390/Spacebase_Startopia/
---

[url=https://store.steampowered.com/curator/38232109/]While you are here, would you consider following my curator page?[/url]

[url=https://steamcommunity.com/id/kunovega/recommended/]Want to read all of my reviews and not just the curated ones?[/url]",False,1,372
"The game seemed to have potential, but it didn't take long before half my colonists got stuck on the terrain and the game became unplayable.  There really isn't much to say.  The game's just too buggy to warrant a purchase.",False,0,98
Game isn't finished. Really soured me on Double Fine.,False,0,3118
"The game was very promising, but doublefine decided to stop development and just left it hanging on alpha. 
Buggy, incomplete.",False,0,1065
Why is this even still available on the store?,False,0,8
"took the money and canceled it :(
BALLS",False,2,64
"Great concept, but there's a reason why everyone who brought this got given a free game after the Devs abandoned it",False,0,1834
Dont give tim shaffer money,False,0,16
Looked like a novel game that had a lot of potential.  Also the reason I don't buy early access games anymore.,False,0,406
"a game where you have to adjust to its Bugs to get anthing done and then still lose half your People to medicore AI.

Any item and room can be Build within an Hour and from there its expanding and hoping the AI doesnt bend you over.",False,1,2483
"This game was left on the street by Tim. 

Not play it for the love of god. It a lemon, and now just one of many reasons why i not care for Duble Fine games. Just get Plant Side, or anything besides this haft bake game.",False,0,116
its ♥♥♥♥♥♥♥♥ game worst than warthunder,False,0,16
"Lacks so much contents, gets boring so quick.",False,1,117
Abandoned early access game. A shame.,False,0,854
"[b][i]Spacebase DF-9[/i][/b] is a casual building sim-tycoon game. You are put in charge of a few colonists to build, maintain and protect your own space station.

[b]Pros[/b]: The game is easy to pick up on: you start with a power source, minerals and a handful of colonists whose first priority is to build a modest space station with oxygen supplies, and expand to a small variety of room types while mining and refining minerals. As your crew grows and time passes, additional needs will surface, needs that you must address or risk your crew to lose its temper. Derelict ships and additional travelers will want to join, some whether you like it or not, and you must deal with meteor showers, raiders and other threats, all the while researching better equipment.

[b]Cons[/b]: There is a severe lack of variety in every way: Only a couple of room types with very little content or options, while general furniture offers a scarce selection. Travelers will often discard your rejection, and you quickly become over-populated. You barely have any control over crew morale. The game become repetitive as you are constantly facing the same issues: need more resource or oxygen/power, raiders come over to kill some of your crew, crew member goes berserk, rinse & repeat. Even tech research is rather limited.

[b]Verdict[/b]: ★★☆☆☆ - Forget it

[i]Spacebase DF-9[/I] drops the ball. While not a bad game, it had the potential of being the next [url=http://store.steampowered.com/app/297920/][i]Space Colony[/i][/url], but doesn't come even close. Games of this genre require variety to make it interesting to build and grow, and this game doesn't have what it takes to give it the replay value it would need.

[quote][b]P.S.:[/b] I do not recommend this game as it is offered on Steam. There is, however, a dedicated team of developers at [url]http://spacebasehub.net[/url] who have taken it upon themselves to enhance the game and its content. There is still a long way to go, but should the game's potential actually come to fruition, my opinion of the game could change.[/quote]

—————————————————————————
[i][b]This was just my opinion.[/b]

If you found this review helpful, please consider giving it a thumbs up, and feel free to check out more of my (purely opinionated) [url=http://steamcommunity.com/groups/CJsOpinions/]reviews[/url].[/i]",False,13,806
"The game was promising, but the developer decided not to finish the game so they could pursue other projects that were worth more.  A good example of getting burned for buying early access on steam.",False,0,200
"I really don't understand why anyone would have anything negative to say about this game. There are some very small wonky bits but it's a very good game. It's not overly complex. It's also not that deep. It's just fun. If something goes wrong, start over and do it better. I really like it.",True,5,991
This game is the reason I don't buy early access games anymore. Promises and dev updates and lots and then just dropped on the floor.,False,0,261
Abandonware. Double fine has been commiting a lot of questionable actions.,False,149,749
"For a ten dollar game this was fun. I put a lot of hours into it offline. Yes it is limited, and yes it's hard, but then you find a sweet spot (top left). You then enjoy yourself. 7/10",True,0,688
"Double Fine abandoned this game, and yet you can still buy it on Steam. DO NOT TRUST TIM SCHAFER PEOPLE! HE WILL TAKE YOUR MONEY AND THEN RUIN PSYCHONAUTS 2!",False,0,84
"The ENTIRE point of this game, is to have your units build/repair/fight/etc. THERE IS NO UNIT CONTROL! None! This is laughably stupid. You have to start your game over, constantly, because your units will just asphyxiate in space. Because you can't move them. You just sit there and watch them dawdle.",False,0,460
"Unfinished game, lack of content makes the game a toil.",False,0,936
"I wanted to like it... i really did... But it's unfinnished, untested, overflowing with bugs, and playing it pisses me off...  Play startopia instead.",False,0,453
"Do yourself a favour and do not buy Spacebase DF-9. I bought it some years ago, early in development and it was a great concept. But as the ""development"" went on it started to get less and less substantial, until they just stopped. Double Fine might say it is finished. Nothing of the sort. It is empty, buggy and mediocre. They filled it with features that would look good on a list, but gameplay-wise are useless. If you already have it like me, get rid of your misfortune and download the unoffcial 1.7 patch from Derelict Games (community). 

Double Fine is anything but fine. They might have other great games, but they are not getting a penny's worth of my time and money again. To do this, and in such an underhanded way, it is unforgibable.",False,0,1908
"Bugy and moddings not helped.

Small handling issues: 
The object/build menu - Meh. 
Build walls for new rooms - Meh.

It looks good and can play well. Up to the point where you have to claim other stations or ships to get new members.
Your Guard will mostly fail to go into there.

I tested one mod to see ""will it fixed?"" and the game crashed, so for me it was no solution.
(Played with Win7 64bit)",False,0,104
DO NOT BUY. Incomplete and abandoned by the developer.,False,0,302
"What started out as a positive prospect, offering a unique concept akin only to ""The Sims"" in space, was sadly dropped from development. I never got a refund, and I never got a product. Such a shame. It is much to my disappointment that I must tell you not buy this game. This really could have been a great product, instead just another sour footnote on the indie ""early access"" ""development"" program.",False,0,118
Unfinished. Just another stain on DoubleFine's recent track record.,False,49,58
"Abandoned development. Thanks for nothing jerks,",False,104,5
save your money.,False,1,34
"1.0 doesn't mean finished. Take the money we all gave you finish the damn game already, you thieves!",False,29,365
"Its a fun time waster. However Double Fin left it in a bad state. If you want a Space builder that is close to this one, i recommend you pick up Planet Base instead.",False,2,1440
They never finished it. Company is a scam,False,14,99
"Impossible to play, doesn't really go anywhere.",False,2,53
This game couldve been great. Its an unfinished mess. Shame on you Tim.,False,2,474
Incomp,False,15,81
"This game is just a failed experiment I suppose? Basic playability is barely functional.
At a base level in games, you generally want to know what you can and can't do, and a certain amount of intuitiveness is necessary in UI elements. 

You cannot place objects on walls if they face ne/nw (Isometric view). You cannot rotate a camera despite the 3D models, I spent about five minutes confused thinking no surely you must be able to make it face the other way? Considering objects are NECESSARY in one room, to go into another, (Two spacesuits in a room, with an airlock, to move out) the only answer is making gigantic rooms or a ton of small rooms. The tutorial doesn't really tell you to do this, and while you can then retry, and do it ""right"", it sets the tone for the game. You won't be using your intellect or planning skills, you will learn that the game isn't capable of some things, and how to work around it. There is no space efficiency, which is one of the key ""fun"" things to do in a base building game. 

Learning is of course a key part of games and design, but they should be learning mechanics not limitations. 
In ten minutes I ran into several of these little ""Oh. You can't do that? Or am I doing it wrong?"".

I bought it because it was DoubleFine and it DID NOT say it was early access. I checked if there would be updates, and it says sure there will be one more, and then development is done. Unfortunately I think this is a kind of cool game that will never come to fruition, like  many in this harsh industry.",False,1,10
"Summary:  Don't buy this game.  Not worth playing, even if it was free.


Review:

It will take about 30 minutes to get a simple base together.  Then you will be under constant attack with everything you build getting destroyed faster than it can be rebuilt.

There is no way to turn down the frequency of attack.  I've even changed the config files with no difference.

Resources are clunky to manage.

Tons of ""fun"" negative events include various types of raider events, meteor strikes, fires, fights, killbots, etc.
ZERO helpful events.

No balance.",False,1,845
I dont reconmend it has been completely abandoned and isnt playable in its current state,False,3,319
"TL;DR Don't bother, it doesn't follow it's own rules.

What a steaming load.  I bought this for 99 cents and I still fell ripped off. sure, it looks okay, sure, it has it's atmosphere but the game doesn't understand what a ""low chance of being raided"" means. I played one game for ~4 hours today and I was actually starting to have fun. theeeen raider after raider after raider, waves of the scrublords killed my workers, so I had to assign people who were not workers.. they were murdered, eventually my security was killed off and everything fell to pot. This isn't a strategy game, this is an exercise in futility and it desperately needs fixing. (but its not being  developed any more, ohnooes) And if you think I'm just being salty over this, I moused over the galaxy and found the most ideal spot I could. (which is near the galactic center) I was looking for the easiest of easy modes to get my feet  wet before I tried any of the other areas. And it was decently easy! uuuntil the game decided to start throwing raiders at me like they were party favors. seriously, I couldn't even keep up with  the info box because it was all ""hey, raiders. look, raiders. oh hey, guess what? raiders!"" Maybe there's some sort of infinite loop, maybe there's some sort of size threshold that this happens at but I never even got my population to 40. On top of all of this I was unable to do any research, medical or tech related. I couldn't assign anyone to do anything like that even though I had a huge research bay with 16 or so research tables and at the peak, 4 scientists.  

And can we talk about unhappiness? nothing  I did seemed to help them, they'd just go off and sulk and get into fights n stuff. All in all,  not as bad as Kirk Cameron's Saving Xmas, nor is it anywhere as awful as Depression Quest, but it has some serious coding and feature-related issues that really need to be looked at (if not by DF, then by allowing 3rd party patches to fix it.)",False,8,256
"This game had promise, particularly since it was backed by  largely well thought of and high pedigree studio.  Unfortunately, their business model depended on coninued purchase throughout developmento fund more work, and they abandoned the game.  Double Fine should be ashamed of how they abandoned their customers and stopped development.  This whole experience seriously makes me think twice when buying a Double Fine game now.",False,1,429
Double Fine abandoned this game well before finishing it.,False,3,292
"I don't think the game is bad, it just sort of very quickly becomes repetitive where you set it on highest speed, sit back, and wait. The quick start/tutorial was pretty good but I found self-start was too steep of a learning curve - I had to restart several times because my dudes were dying. I think maybe the game needs some sort of campaign or level progression to make it more enjoyable (maybe there is one? I didn't find it).",False,2,120
"Could have been fun but too buggy and is now ""abandoware"".",False,3,382
"An incomplete game. Put down as early access for ages, asked a whopping 19 euro's (now 9,99) which I will NEVER get back.

Promised big, delivered small.

♥♥♥♥ Tim Schafer for releasing this piece of ♥♥♥♥.",False,3,53
"Mess of a game that the devs decided to abandon. Waste of ♥♥♥♥♥♥♥ money I'll never see again.

Even with the community patches, this game is still utter ♥♥♥♥♥. Complete disappointment, as the game originally showed some promise.",False,2,482
"Abandoned. Well done double fine, more quality work.",False,20,521
"this game has a few too many problems for me.

1: no one ever does their jobs. the builders and the miners do their jobs, though when you tell the builders to take appart a derelict they go inside, take off their space suites, and drill a hole in the hull and kill themselves.

i got attacked by raiders and they got into my life support room and got killed, but then the room was full of dead bodies so no one wanted to go into the room to fix the oxygen recyclers. how do you get rid of dead bodies? well, the doctors are meant to come in and take them away, but whenever they enter the room they get upset by all the dead bodies and leave. THIS IS YOUR JOB! not to mention that they leave all these unconcious and injured people all over the base.

then there's the science team, there was a disease i needed them to reaserch so i assigned them to it and checked back on them about sixty minutes later and they had done NOTHING. i had a special room and everything, i double checked and they had just been standing in the hallway chatting the whole time. eventually they got to work, but people were sick and going to DIE!

the security job is nearly pointless, and what they actually do can hardly be considered security. people assigned to security patrol a small area around a single security beacon, and the only real use for this is to have them explor derelicts. i just ended up building defense turrets everywhere, but they have limited view.
 
1.5: you can't tell anyone what to do, so even though this room is on fire no one knows and your fusion reactors are going to burn down.

2: given how little you're actually able to do as a player, the game asks way too much of you. every five minutes it's telling you there's a new disease that needs to be researched, when instead you want to research new technology (because apparently the scientists who research dark matter also research medicine, and not the doctors), raiders seem to attack more and more frequently untill you're perpetually under attack, and the game is always telling you that, even though you have 30 reactors and twice as many oxygen recyclers than you need for your population, you don't have enough power or oxygen.

3: the AI is stupid. outside of not doing their jobs, when i got attacked by raiders the AI does nothing to avoid them. when they walk into a room and see a raider, most of them just stop and hold up their hands in fear before being shot. raiders aren't even that smart, one broke into my pub and started punching my fridge.

4: i'm not listing all the problems, i'm glad this game was so cheap when i baught it, because it's too late to get a refund.",False,2,486
Wont let me refund,False,24,372
I do not recommend this publisher or developer. This game is an example of a broken greenlight and kickstart,False,2,14
"Gameplay is fun, but ♥♥♥♥♥♥♥♥♥ is the AI dumb. I cant tell you how many security gaurds I've lost exploring derelicts only to have them get stuck in an airlock or panic and not leave until they suffocate. And dont try to build extra airlocks for long range mining, 9 times out of 10 they'll use the airlock furthest away and asphyxiate. Hopefully this will be improved or at the very least add some feature to assign miners specific routes or airlocks.",False,2,991
"Game showed promise, but developers bailed without finishing.",False,164,1001
"Unless this has a serious discount, don't buy it. It has a lot of things wrong with it, and the devs dumped it before finishing the game. BUT some modders have taken up the challenge of releasing patches for the game anyway using its source code, and so far they've been consistent in their releases.

The most annoying thing about the game by far is how your station residents are incredibly sluggish when it comes to doing anything. I've had two starts where everyone suffocated in their space suits because they took a million years to actually get around to building oxygen recyclers when ordered, and another where everyone suffocated because they refused to build an airlock to actually get into the mini-station they'd just built. When you order a squad of security officers to move to an area with raiders in, it's a coin flip whether or not all of them will actually go there. I lost one citizen and one of my two officers to a raider attack when one of the officers decided to - I ♥♥♥♥ you not - stand around playing a handheld game instead of actually doing his job and shooting the raider that just killed someone.

It's quite frustrating sometimes, but worth the whole 69p I paid for it. I wouldn't pay much more than that for this game in its current state, though - if you do want to pick it up, I would advise you to not pay anything more than £1.50 or so for it.",False,1,366
"I think this game is a lot better now that Skenners has taken over the coding.  I play it almost every day and can't wait for the December update that Skenners is working on to come out.  By the way, does anyone know how to use the items that get left laying around everywhere?  I see armor, MK sunshine, ect. that looks like it would give bonuses but I can't figure out how to pick it up or use it.",True,0,2163
Don't buy it. Just don't,False,3,340
"This game had promise, but the devs left it incomplete and bug ridden.",False,3,529
"Update to my review...

Been a while since I looked at the progress of the game. Looks like there is a team now working again on getting the game fixed and updated.

Loads of updates have been done along with fixes to broken stuff. Few new items as well.

Keep an eye on this game as if they keep up the good work it could become what we all hopped for originally.
---------------------------------------------------

Excellent space base build game.  Played it for a little while then got annoyed as the original developers abandoned it after a quick final few patches.  Making the game getting really bad reviews.

... BUT.  It looks like someone is gonna save the game and a new roadmap has been written up.  Lets watch and hope :)

http://www.spacebasehub.net/roadmap.html",True,1,2519
"Fun diversionary game.  If you get it for a few dollars, it is worth a purchase but don't pay full price since there just isn't enough content.   The tutorial is decent.  I haven't found the Lua modding community for this game that the developers were hoping would expand their content.  

For a lower price and some DLC, or more content at its full price, this game would have been a great afternoon or light weekend game. 

Helpful Observations
Installed turrents in quantity seem to be the best bet for security but lack the ability to investigate the derilict ships.  
Watch the lights on the airlock doors (they go from full lights when pressurized to no lights when depressurized).  The airlock will only handle as many characters at a time as there are spacesuit lockers and space for.",True,0,804
"WTF is this...? I guess i should have read the reviews before spending 99ct on it, but being a huge scifi fan i was blinded by the promising screenshots and i bought it anyway. I regret every single of the 99cts. It just sucks. My crew keeps dying constantly without any logical reasons (especially popular: asphyxiation due to blocked air locks that other crewmembers refuse to leave or generally refusing to leave depressurized areas), i get raided all the time despite living in a VERY LOW threat sector, the build menu is awful to use and the game sometimes refuses to follow build orders due to already demolished structures that nonetheless block the construction of new ones.

Don't make the same mistake i made. Do not buy this game.",False,1,321
"It occurred to me that I should actually write something after the couple of years I've had this game. For those who weren't aware, this is an unfinished game that went from Alpha to Finished virtually overnight after Double Fine got all the money they thought they were going to get from it. It's buggy, it's extremely barebones in features, and if you buy it now you'll ""miss out"" on the Hack/Slash consolation gift they offered to us paying customers who got royally screwed by Tim of Legend. There is a modding team attempting to do (for free) the job Double Fine Entertainment couldn't be bothered to do, but buying this game will give those welchers yet more money that they can roll into their new Early Access project, which they're totally going to finish this time, honest guys. My advice: avoid.

I can't say the $20 I spent on this game was a complete waste, though. It taught me two valuable life lessons: never buy a game for the promise that it'll be awesome later, and never buy any more Double Fine products for as long as I live.",False,1,469
"Even at 99c with the ""unoffical update"" it Crashed A LOT. A LOT. Found a fix, seems good.",True,0,243
"Was worth the dollar I spent! I recommed it for that reason, with caveat emptor: Tim Schaefer's group made and ABANDONED THIS TITLE because it was not making them enough money. An early access..not turning in a profit to ""sustain"" it's development.

I gave a buck. Was worth a buck. 10 bucks? Eh, it's not bad for 10. Catch it on sale if you really want it.

Recommended? Yeah, sure.",True,0,513
fun,True,0,150
"Starts off sweet but quickly becomes sour.

As far as abandon titles go, this one seems like it is close to being complete. However, two big elements are missing. 

First, there is gameplay balance. The game starts off feeling like you can do anything in it, if you just put the time and effort into it. And for the first 20 or 30 minutes this feels true.  You expand your base, explore ships, and manage your people to get the most out of them.  But then the raiders, and meteor strikes happen. And this is where the missing gameplay balance is most obvious.  Negative events are important to any game, if things were always good, than there wouldn't be any challenge. But the speed, and frequency of the negative events needs to be balance out against what the play can and cannot do, so that they can overcome them, and not just suffer.  I found that during the few games that I played, that I would get close to having a decent base going, only to have ruin by constant attacks, to the point where I was losing a lot more people than I was generating. Which resulted in me having a large empty base that I had no chance of defending or using.

The second element is content. There isn't much in this game... 

Overall, this is not a game that you should spend money or time in.",False,1,302
Completley broken and incomplete. Abandonded by the developer.,False,3,451
"1 hour content. burns my laptop and even 4 cores desktop.

$1 wasted",False,1,218
"Dwarf fortress in spess

glorious failure",False,4,624
It ensures you lose. Pointless game.,False,3,759
"Double fine droped this games development before it was finished, good trading cards though.",False,15,127
"I liked the concept of this game, but ultimately it proves so frustrating to play.

Everything from the UI to the AI slowly starts to grate on you. Take when the player has to first build the room for power and life support and an airlock - even though I did it fine each time, a bunch of times the little crew members would refuse to go inside and instead ran out of air while floating and wandering around outside while marvelling at their craftsmanship.

Send your virtual minions to collect rocks so that you can build more areas for them to live in and shelves for their..tentacle monsters and sooner or later you will encounter... SPACE PIRATES! Okay, it is not nearly that dramatic, it becomes such a casual occurrence (so much so you get invasions right after each other, yaay..), the problem is these visits throw stuff into chaos. Security team, arm phazers, set them to stun or kill, I don't know, just get rid of these guys! Mr Wol--, what the... So even if you go to the security tab and tell your security team to defend a breach point a lot of the time they will stand idle and just be cut down one after another and the SPACE PIRATES will go on their merry way butchering your whole crew.
How to prevent this? Set EVERYBODY to security since that is the only way people defend themselves properly, afterwards you can try to figure out who does what job. CHAOS, Chaos everywhere, send in space marines to purge all this chaos.

After learning that my security were completely incompetent I instead put turrets, over there, outside, in that room there.. EVERYWHERE! Turrets are far more effective than actual people, you don't need to worry about losing something that took ages to level up and they kill raiders near instantly. <3 Turrets.

Base is defended - rockin'! Crap, tons of dead bodies in the base, mostly raiders but also my own people sometimes too, but they are making the crew depressed. No worries, the doctors will clear these bodies and recycle the matter, or at least they should. Doctor doctor, emergency paging dr. Beat, corpse rotting in life support room, whole station being flooded with smell of rot and bacteria! DOCTOR! I stare at my doctors and notice two standing in the infirmary playing videogames (curse you videogames!) and another one in the pub getting drunk and brawling. I sigh and decide that if they want to look at them so bad then sure, they can keep their cadaver friends.

Despite my doctors being either drunken masters or videogame addicts, I don't have any huge illnesses or parasitic worms devouring the crew lately. Still no work is getting done, so I change all the bartenders to other stuff hoping this abolition will get people to work.

I have miners and builders getting picked off by raiders and kill bots because the AI does not avoid danger and there is no way I saw to tell them to stop and go home. I stop caring if my crew die, it is worse than herding sheep because at least sheep run away from danger, crew numbers drop, bodies piling up, nobody cares and just drinks away their sorrows on Spacebase. 
I decide to quit playing the game before the chaos and stupid mechanics get to me and I become as apathetic as the crew, right before I quit - I notice that a doctor is finally removing all the dead bodies on the ship. 

Double Fine, could have done better. The game had potential, but abandoning it rather than fixing stuff was much easier for them.",False,2,417
Do not buy. Make a boat out of the money and let it sail down a river instead. You'll get greater quality of entertainment that way.,False,17,307
I suppose this is a lesson learned about the risks of Early Access and the naughty behaviour of some developers. (Put polietly),False,15,115
"It's fun, Double Fine stopped working on it, but a team of coders called the ""spacebace restoration squad"" are trying to finish it. Oh yeah, also, most of the bad reviews are fans who are mad at Double Fine abandoned it.",True,1,46
this game sucks,False,4,56
"I was having fun playing, taking things step by step. After spending two hours building up my base, I clicked ""Learn to play"" in the menu, as my citzens weren't doing their jobs. It started a tutorial mode in a new base, deleted my old game and gave no warning it was going to do it. Deleted, terrible design oversight throughout. Obvious, even using the meus.",False,16,137
At this point I have to give it a negative review - obviously it sucks that they stopped development with new content (although apparently there's a decent unofficial mod community that supports it) but what really sucks is the game has bugs that they don't care to fix! Can't even load old save games! Kind of a rip off for that reason alone.,False,1,787
"Betrayal...Game is sold as early access, after you buy it u see it is no longer developed.
Spacebase is raided after 1 hour and you must atart again.
This was my last early access game on steam.",False,3,1971
"BIG disapoinment
another game fked
another developers that dont give fk about players",False,3,270
"♥♥♥♥ you Shafer, ♥♥♥♥ you",False,3,219
"This game is fun, and as a space-themed strategy game about building a base in the middle of nowhere.  That part is fine.  What is not fine however, is how the devs abandoned this game part way through development.  Good thing I bought this on a really great sale when it was around the first few versions.  I cannot recommend this game unfortunately, even though I do actually like the game itself.  Wait for a sale if you want to buy it.  Anyway, here are some pros and cons.

Pros:

+ The game is fun, if you are patient.
+ The community for this game is releasing unofficial updates to the game.
+ Can actually present an occasional challenge.

Cons:

-The devs abandoned this at the side of the road like an unwanted child.
- Might be a bit TOO challenging at times
- $9.99 is a bit steep of a tag for a game that was abandoned in alpha.

Summary:  Buy this game if you like space strategy games, and dear god, please don't buy it at full price, wait for a sale.",False,7,889
they took our money and ran for the hills. Easy as that.,False,3,404
fun game. youll burn a couple hours without realizing it. Always seems like you'll lose in the end though.,True,0,152
"Well, there goes any faith I had left in Double Fine. You ain't getting any of my money again! Its better spent on drugs",False,3,1040
"Spacebase DF-9 review: http://sdgtstudio.blogspot.com/2015/11/spacebase-df-9-reviewed.html

This game isn't recommended until its updated in a way thats suggested in the review.",False,2,491
The game that put me off early access. I felt ripped off. A buggy contentless game and a non engaging development process.,False,6,247
Double Fine at their worst.,False,3,351
"Avoid this game! This is the reincarnation of E.T. for the Atari. I Received this game for free, and I still want my money back. I was Inundated with game breaking bugs from the start. I feel sorry for anybody who paid for this game.",False,1,922
This is an abandoned product and should be treated as such. This is one example of why i dont trust this early acces bs anymore. furthermore i have lost all faith in this company (Double ♥♥♥♥ productions) as a customer. do yourself a favor and steer clear of this manure that is spacebase.,False,0,710
possibly one of the greatest builder games I've ever played on par with sims and maybe even cities skylines i truly hope that the game continues to be updated,True,0,211
Basically it's an incomplete game with buggy gameplay.,False,3,231
Incomplete and pretty much unplayable,False,1,20
"Ok let me start by saying I love this game. The best way to describe it is that it is kind of like SimCity and also the Sims but it is in space. You have to build a space colony from scratch and take care of your people. You build things for you colony to aid in research, life support, things to do for your crew and so on. You have to mine materials and manage resources in order to last a while. You must make sure you keep an eye out for raiders and derilect ships. This game is like a Sims game on steroids. If you don't like games like the Sims or SimCity you may want to pass this by but if you do enjoy games like that then this is a must have. The neat thing is that all of this happens in a sci-fi setting and the game can be addictive as you want to do the best you can for your crew and protect them from raiders. Make sure you get the The Officially Unofficial v1.08 Patch! Now with Brainworms! to make the game even more enjoyable. Trust me.",True,5,3409
Bad. Had potential. Maybe check out Space Haven instead.,False,0,916
"Game is incomplete and devs ditched it. They wanted to do the Minecraft-style development where they keep improving the game and people keep buying it as they add more and more, but they had a barely-functioning skeleton of the game, not enough people bought it to justify them continuing, so they shut it down. That's just pathetic behaviour. Small indie studios get crucified for that kind of thing, let alone a bigger established studio like DoubleFine. As a bonus they put it on a big steam sale a week before announcing the end of development, just so new buyers felt extra shafted. They tried to buy some goodwill back by giving purchasers a free copy of Hack n Slash, as well as by putting out tools for modders and asking the community to finish the game for them(!), but buyer beware. This game was halted a brief way into development and never even remotely came close to being a releasable product. If Broken Age's double-kickstarter shenanigans weren't enough, this is proof that DF cannot be trusted with early access. Just stay well away.",False,15,124
"The saddest part about this game is that before the late stages of development, it was actually a really good game that you could sink hours into.

However all it took was one badly executed patch, and the developers jumping ship on an early release, to render the game unplayable.

It be wishful thinking to see a future patch help make this game playable again, but it's doubtful.",False,2,3071
This game should not be.,False,3,54
"Clearly a buggy, half finished game.

RIP those who pre-ordered. Steam gifted me it for free so nothing lost here.",False,3,91
"This project looked very good and had a lot of potential during its early access stage. I came back to this game every couple of months to check the new content and was glad to see a lot of nice features and overall fun stuff. At some point I read the project had reached its 1.x version. Sadly this game is not what was advertised during early access, and its developers abandoned it before delivering what was meant to be a fun COMPLETE game.",False,2,388
"This is just bad, very very bad.",False,3,8
Abandoned and changed to 1.0. Should be removed since will never be finished.,False,3,960
"What can I say that wasn't already been said? A great idea but abandoned before being finished. The version now is a cruel tease to play as the potential for this game was huge! I love the idea of building a base and looking after a colony but crappy AI ruins the experience and after a certain point I just couldn't continue.

I wish there was a way to delete a game so I don't have to see it in my library, it's a painful reminder every time I see it in what a great game it could have been.",False,1,1785
"It's abandoned, don't waste your money.",False,3,163
"Idiots made this crap!

If someone can explain how to actually build an oxegen recycler, I will change the review!",False,3,19
"Game showed such promise. I enjoyed what the game was shaping up to be. Loved the premise and enjoyed it and watching it grow.

Unfortunately, the game is now ABANDONWARE. I do not recommend purchasing this game unless you can accept the game in an unfinished 40% state the game is in. It is fun, but there is little content, the AI is crap, and will wear out on it fast due to odd bugs and little content.

While I do understand when games have to be abandoned, with the new Early Access system, this is one many people got burned, and burned bad with. What was supposed to occur with the game, and what actually happened, were narrow. They released the game from Early Access and called that that. Did a few fast patches to shut people up about the big items and continued on their way. The dollar signs weren't big in front of Doublefine's eyes apparently, and took what they had and ran. I wish Steam would have forced their hands in this situation, but didn't, and Doublefine continues along its way like nothing happened.

I'm even more disappointed with Doublefine that they put it on sale right before they terminated development (And I can't imagine them NOT knowing they were going to can it a couple weeks before they did) and continue to sell it with no disclaimer anywhere on the Steam page that it is abandonware and no longer being worked on, AND have also put it for sale as if it's still being acknowledged.

I will not purchase another Doublefine title (or anyone who is part of their team if they move on again) in prerelease, and I am GREATLY nervous about buying a title from them ever again.",False,3,450
"Do not buy this game!

To put it simply, this game was good in concept. It had an interesting idea which didn't form in the way the developers wanted, so they abandoned it.

11/10 would abandon again.",False,0,2948
"Wow.  This could have been a great game, if only they had a feature to allow the rotating of your perspective.  However, without that feature this game is to be avoided.  You'll very quickly find yourself in a situation where the objects stack up and you cannot see what's going on to play.  

This may seem like a minor thing.  It's not.  If you don't believe me, go ahead and buy this and you'll see what I mean.

If the developers read this... do you really play test your products?  REALLY?",False,1,84
"I guess this game has gotten such bad reviews because the previous developer dropped it after people had already bought it.  Well now it seems like it's finished.  Great UI, great concept, lots of fun.  Reminds me a lot of the old Outpost series, but with a greater focus on your people/birdmen/chickenmen/frogmen etc. 

I really like that you can plan out the design of a room before confiming it and having your builders build the objects, but wish that you could do the same thing when laying out the room initially.  Something like a building simulation mode where you can place the walls and then place the objects to make sure that you have the room dimensions correct.  I've built a few rooms where I've discovered that the walls need to come out another tile and then had to send my builder back outside again to fix it... If the devs did this I think it would be the first sim that I've played with this feature, design first then build.  Then I wouldn't need to keep drawing my rooms first on grid paper... haha.",True,2,150
"I torrented this game when it first came out and for a couple of patches after that. I brought it as I wished to support the devs, they then abandoned the game 2 months later. Wish I'd just stuck with pirating it.",False,149,65
"Awful, lack of random events.",False,1,273
"I like this game. I understand that development has slowed, but there was just a patch this week, so that's very cool.
 I've already spent some time making and losing bases, and love the art style, music, and humor. 

Would I love some new things to buy and build, sure, but overall very entertaining.",True,0,391
"Ok, so this game.  Great concept.  Great idea, and it is done really well.  Except for one main thing.  The game constantly throws stuff at you, and sometimes there isn't actually a good answer.  Let me explain.  You are building a big section of your base.  Things are going well.  You then see a message appear on the side of the screen saying how one of your builder's space suit oxygen is running low.  Sometimes they quickly make their own way back to the airlock, stopping them from dieing.  Sometimes they just carry on working and then die.  You can try to avoid this by sending them to the infirmary (which is obviously inside) manually.  But sometimes they don't bother to listen and still die.

  Another example of this game throwing rubbish into your face would be those raiders who have high tech weaponry.  It takes one of them to take out tonnes of vital parts to your station as well as many many people with inferior weaponry, and thats it.  Your space base is broken and/or on fire and half your population dead.  Yay.

The random space debris causing major fires and ruptures within your base can easily kill a room full of sleeping people, again almost half your bases population. 

But the main thing that gets me is that for a game that is meant to be a mix between economy and fighting, all the fighting is unfair (see the first paragraph) and the economy lacks whats really needed.  The AI don't know when to prioritise fixing vital oxygen recyclers over fixing an unused door.  They also don't know when it is useful to take a break - many will take a break and not perform tasks during critical points in gameplay, causing negative effects (most prominently the players mood).  

In conclusion this game has a lot of potential.  A lot.  But it doesn't have basic concepts like manual prioritization and decent AI.  The whole game needs a huge amount of balancing, and until this happens I recommend you simply follow this game, rather than get it.  If and when the devs make the changes necessary this game will definately worth the money.  But for now, I recommend you spend it elsewhere.

And one other thing.  I can't for the life of me find out a way of keeping the people happy.  It may just be my incompetance, or this too may need balancing...",False,0,961
"This game had such potential. I really enjoyed it at first, but the flaws in the psychology AI ruin it every time. I seriously don't recommend this game.",False,0,3927
"Double Fine ripped us all off. Game is buggy and not fun to play. There's little end game, too little progression. It's either easy or impossible, depending on world gen and random events. Avoid.",False,0,440
"I will never buy a Double Fine game again, they lied, procrastinated, and the result is a broken unfinished game.

They should be ashamed of themselves, they got me excited with this game and I bought into their lies and hype. In the end buying into it was a mistake. Their failure to prioritize development led to them abandoning the game. Double Fine should be sitting in prison for theft as far as I'm concerned, they took my money and failed to provide the product they advertised.",False,0,222
"I started to make a review, but then like Doublefine, I decided you should finish it for me!",False,33,125
"this is just an awful game, terrible gui",False,0,76
"The game does not have the depth of complexity of  a proper colony simulator, it's more like a demo of a full game than the full game itself.",False,1,582
Never gonna be finished.  Doublefine = EA,False,2,1882
Uninspired basse building simulator that so ubalanced and with so many bugs that it's inplayable - and I've tried!,False,1,1313
"This is abandonware. It's simply unfinished, and what is there doesn't work.",False,3,255
"There are better games to spend both your time and money on. 

If the developers don't care, neither should you.",False,3,8
"I hate to see the bad in this game but there's no way I could recommend it as it's basically an incomplete game. Development halted and although the game is functional it is hardly a thrilling and inviting game.

If you wish to learn more before buying simply do a good search for SpaceBase DF9 and you'll get all the history on the reasons for halting development and the reactions from the fans.

Another cautionary tail for gamers with early access and Kickstarters.

Buy at your own discretion.",False,0,822
Early access abandoned by devs. All be doomed who enter here,False,0,1405
very bad no good game play,False,0,557
The game is a lie,False,0,1295
"ONLY BUY THIS ON SALE!!!!!!!!!!
Admittedly at first with this game I bought it in early access, I ranted and raved about it and it had amazing potential to be an extraordinary game. The game itself offers good game play and a decent UI, the tutorial is standard, does the job. The only thing that annoys me about this game is that although the features the game has are damn cool and entertaining (at least for 37 hourish ahaa) it had the potentially to become one of the best but sadly double-fine as per usual started as being active with the alpha community but did the inevitable thing they almost always seem to do and screwed everyone by being half arsed and essentially slapping a for sale sign on an alpha despite many things 'in the pipeline' so they claimed (including workshop compatibility which would have only made this game even more fun to play, more features, more control, more events and ultimately a better game). So i will still recommended this game, but however please ONLY BUY THIS ON SALE!!!!!!!!!! I only say this as double-fine seem to developing quite a habit of not fully developing their games that they release early access and shafting what is always an active community of fans to 'work on other projects'.... In other words they wants to see the $£$£$.... like a street hooker who starts buy giving you some amazing head and then bolting down the street leaving you to realise they've provided an albeit enjoyed but unfinished and overall crappy service while stealing your money and running onto the next chump.... (I use that analogy as it actually happened to a friend of mine once, hardest I've ever laughed)....
 Despite all of that however I cannot find it in my heart to not recommended this game as I thoroughly enjoy it....",True,1,1978
I liked this game verry mutch but over time I have lost intrest because the devoloper stoped supporting it.,True,1,671
"i could not even get past the tutorial without dying or being attacked to death.  I tried the game on linux with a gtx460 and it ran ok so for functioning it works.  As for the gameplay,  if the tutorial is broken i dont feel that going into the game without knowing how to do anything would be wise.  It also leads to what Dwarf Fortress would call !fun!.  Sadly i prefer  Dwarf Fortress' idea of !fun! more enticing than DF-9.  

To put it short... RNG hates you in this game.",False,0,117
seemed like it was going to be great... and it was until the developers abandoned it right when there was alot of bugs and new features... they now seem incomplete compared to any other game of this type.,False,0,821
"This is not so much game as a loose conglomeration of bugs held together by an idea of a game. Bought it when it was still in development, after a few false starts murdered by game breaking bugs I realised it's not even marked as ""In development"" anymore. If that was an option - I'd demand my time back, let alone the money.

Pros:
Er... It was a nice idea, I guess?
There were a couple of lines that made me chuckle
Cons:
Bugs
Simple and soon annoying soundtrack
Behavioral bugs
Pathfinding bugs
Lousy implementation
Graphic glitches
Gamebreaking bugs
Other kind of bugs
More bugs.
Did I mention bugs?",False,0,200
"Garbage, unfinished piece of crap that I originally paid £15 for. The absolute poster child of why early access sucks 99% of the time. Double Fine studios raw dogged everyone with this ship-jumping money-grabbing half-arsed excuse for a space sim.

If this were any industry but gaming they would be taken to court by the customers and sued for breach of contract, having to give all customers the option of a refund. They sold the game with the promise that it was a work in progress and they would evolve it, only to bin it as soon as they harvested all the early sales. To add insult to injury the game is awful too.

Disgusting, I shall not be buying another Double Fine game.",False,1,254
"A reasonable attempt, but patchily implemented and abandoned part-way through development.",False,0,1029
"As everyone else has said, the developers lied to their fan base and scammed a bunch of people out of their money- the game is far from finished and doesn't even have the featureset originally promised. Who knows if the game will actually work on future OS updates? 

A developer that lies and doesn't respect their fans doesn't deserve any business, keep far away from this game and any other game the Dev tries to scam you with. BROKEN GAMEPLAY, CANT RECOMMEND.",False,1,3150
"My seemingly limited play time includes playing through once and getting part way into a second time. Basically in no time you find you have built everything and then there's nothing else to do. So much potential but just not worth the money now.

This was only the second game I bought on early access, I had waited for a year until I thought the game was at a point where I could enjoy it and see it reach completion. What a smack in the face that was. I haven't bought another early access game since or another Double Fine game that wasn't at least 75% off.",False,1,200
"Unfinished Piece of SH1T, Doublefine need to die of something horrible.",False,1,220
"Game was bought in early access, game was dropped by the dev becuase not enough people bought it.

So yeah, I won't be buying anything from double fine ever again, smart move guys.",False,2,263
"I, like many others, bought this game under the impression that it was merely ealry access and would be completed eventually. This game is the reason I now no longer buy Double Fine games or early access games. I do not recommend buying this game as there is very little content outside of mods.",False,3,249
"It's a shame to say, but unfortunately, this is just an incomplete game. That's really the best way to describe it. With bugs and glitches abound, and an astounding lack of ability to implement even the most basic mechanics without running into huge balancing issues between AI abilities (which are stunted by a bad AI setup) and the horrifically timed Raider events, it really just reeks of Double Fine saying ""we need to get something that at least looks half decent if you close one eye and squint real hard"".

Don't waste any of your money on this. I got this as a gift copy, and I still feel offended for the person that was kind enough to gift it to me. This is one of the few games which makes me genuinely angry to play, and is a blight in anyone's game library without some future huge rewrite by an independent coder of some kind.",False,1,591
"I am recommending this because ""Spacebase Restoration Squad"", which is a team of coders who have decided to take spacebase df9's source code and actually finish the game, had released the unofficial patch.

http://www.doublefine.com/forums/viewthread/17462/

One of the main reasons its steam score is so low is because fans were upset that Doublefine stopped working on it, and there were issues that went unfixed. They are fixing it. They already added some useful stuff, they are planning more.",True,24,6343
"While the game looked promising at first, Double Fine blew through a budget that should easily cover the entire development, sold a half-finished product and kicked their fans right in the trust.",False,1,2220
It Stinks!,False,2,1854
Not 100% finished :/,False,3,1264
Pretty terrible - it's been a long time since I've played a game this feature-starved and incomplete. Also very poor form on the part of the developers to put it on sale a few weeks before announcing they're dumping it.,False,3,201
"Not that bad, its a little hard to start off but its pretty fun!",True,1,33
"Concept of the game is promising, a space base management game, but double fine decide to abandone this game.",False,22,286
"Developers abandoned the game, do not buy this.",False,21,816
"this game was abandoned but they didn't remove the price tag, they aren't even going to come back if they did start making a profit so don't buy it.",False,3,3230
"This is a prime example of good plan, bad execution.
It's like bringing your date to a seafood resturant, only to find out that when you get there; they're deathly allergic to seafood.",False,0,274
"I would've liked this, if doublefine had finished it rather than half baking it and then calling it quits.",False,1,262
such potential.....,False,1,739
"This game had so much potential. Go ahead and watch Scott Manly play this game on youtube. It was early access and it was shaping up to be a pretty decent Dwarf Fortress style game, but in space. Progress was made, bugs were clipped, and features added on a fairly regular basis, it had every indication that it was an early access game being developed in good faith for your investment. For whatever reason it got frozen, and released, unfinished, warts and all for the world. That's why you see so many negative reviews. This game isn't done, it makes no pretensions to being done, don't buy it unless you are fully aware what it is you are getting, and you don't have any lighters around to burn 10 bucks.",False,3,1033
"This game Had such good aspects but having heard that the developers are abandoning this still in Alpha game on us i will would advise you not to buy it.
Such sad and annoying news to me.",False,3,728
"Yes, this game is unfinished. Yes, it could have been way better. Yes, there are big AI problems. But NO this is not a bad game, I had a lot of fun playing this and I would recommend it without hesitation.",True,1,74
"I liked this game when i bought it at Alpha, the promise of content suckered me in to what was already a promising game.

I endured the bugs and the issues ans the developer systematically fixed all issues but added little content.

I go away for a few weeks thinking, ill come back to it.

I come back, the developer has launched the game and left any future content to the Modding community, which would be fine if they actually put content in it.

Great game, gets a No because theyved not finished it,",False,0,616
"No, just No...",False,1,149
"This game had a lot of potential, but it's left very unfinished.  A lack of settings makes the game difficult to customize, and many of the event are haphazardly thrown in.  I'm very disappointed to see this as an example of an early access game gone wrong.  It's sad that they just dropped it like they did, and with very little info on what happened.",False,0,1052
"I am reccomending this because I am part of the ""Spacebase Restoration Squad"", which is a team of coders who have decided to take spacebase df9's source code and actually finish the game.

http://www.doublefine.com/forums/viewthread/17289/

One of the main resaons its steam score is so low is because fans were upset that doublefine stopped working on it, and there were issues that went unfixed. We are fixing it.


NOTE:
Project is now defunkt. I tried switching to not reccomending but steam gives an error when i do that, so oh well. How do people still play this game lol.
This review is very old and i've moved onto my own projects since this.",True,2,3544
"I would've loved to have played the game they promised, sadly that game didn't get made and we got stuck with this incomplete thing.",False,18,103
SpaceCancer The Game The Movie The adapted unfinished FanFiction.,False,1,628
realy fun but realy difficult,True,2,784
"This is a blatant cash grab that was rushed out of early access into ""full"" release.",False,0,244
"I really wanted to like this game but its just way too broken to enjoy. The potential for a great space station sim is there but the bugs make it unplayable. I'm hoping for mods but Spacebase needs an overhaul.

Pros: 
- great idea
- fun when you fool yourself that everything will actually work this time

Cons:
- Only playable if you can mod or work around the various bugs and brain dead AI
- Overall unpolished and ugly
- unbalanced enemies and unintersting battle system
- feels like more of a fish bowl than a game at times.",False,0,424
"The gameplay itself is fairly fun, but I cannot recommend it for a simple reason:

Double Fines poor approach towards the game. Rather than finish implementing promised features, they cancelled any further development with no warning and crapped the game out of Early Access.

Why such a formerly loved developer would make such a colossally bad business decision, I'll never know.",False,3,219
"tell you what, it would be a better use of your money to pay someone to remove your brain.",False,0,624
"Horribly frustrating. Lacks basic feactures. Interesting idea, poorly implemented.",False,0,164
"Booooooooooooooooooooooooo. Cancelled (""Released"" technically) before it was finished. Poor form Double Fine.",False,0,47
"Don't buy this game.

Here's why:
-Incomplete. They stopped working on it while it was in alpha. Then said it was complete.

-Unbalanced. Most things end up broken or killing you.

-Broken AI. The AI does idiotic things that end up being worse for them and everyone else. And you have zero control over them.

-Tutorial. It's terrible.

-Events. The events are just awful. No one wants any of the events to happen. They never end up being fun. Bandits are OP.

-Features. The bare minimum was put into this game. Seriously, they added only what the game needed to be playable not fun.

-Mods. There are none because the game isn't even worth it.

-Developers. They don't help much and obviously don't care for this game. Which begs the question: ""Why did you make it?""",False,0,1310
Broken.,False,0,144
Scamers,False,0,139
Abbandoned do NOT buy,False,0,135
Junk Garbage trash do not get this game,False,0,2394
"I don't understand why this game has so many negative reviews. Don't get me wrong, to have it bought and then find out that the devs would cease development, I would probably be angry too...but it's no longer early access, and for 2,45 I have to say that it has all I want. The music is nice, the scenery is nice, and the gameplay is good. I mean...you build habitats in space!!!
It relaxes me VERY much and I can't do anything else but recomend it. Maybe it's not worth 9,99, but having bought it on sale I have no regrets!",True,9,506
"I love the concept of this game, but for me there are too many flaws. 

Raiding parties too early in the game with higher tech weaponry when you haven't got enough time to build your base to defend yourself.
The time it takes to switch jobs for characters. I had a builder and needed security quickly, my base was overrun with raiders and my builder/security just carried on building in his security suit.
The rate my citizens get peeved or bored. How do I get these ratings back up??
The lack of scenic items to raise the morale of the citizens

I'll probably keep at this game, playing it and trying out different techniques, but I can't see the level of difficulty changing in relation to raiding parties. I even placed my base in an area where it was ridiculously low for threats, but in three different games got attacked within an hour of setting up a base. I could be playing the game totally wrong, but if that's the case the tutorials need to be more informative.",False,3,1983
Too buggy to play without interruption. The fact that the game is still for sale says more about Steam than it does about the game devs who abandoned this game.,False,0,390
"I didn't really ""get"" this when it was in Early Access; now that it's nominally in final release, I think Double Fine owes each of its owners a copy of Psychonauts 2.",False,0,125
"This started out as a good looking project from a respected maker of novel games.  Then apparently Double fine's collective brains fell out and they decided that since people had already payed for their game in early access they didn't actually need to bother to finish it.
The release version of the game is fundamentally broken, and cannot even claim to be a working beta.  It's a half finished alpha they just dumped with zero consideration for their customers.  Most of the features promissed don't exist, or if they do are not functioning correctly.

Issules include but ar not limited to:

Spotty AI of both crew and hostile mobs.

Exploring wrecks is almost pointless since the risk of loosing crew because they refuse to come back to the station after checking it is usually greater than any benefits you may get from it.  Plus the mining reources always run out far too early leaving gutting wrecks for matter the only way to keep a base running.

Station power supply only works sometimes.

The only way to satisfy the entertainment need of station crew is to put at least 2 televisions in EVERY room of the base (including airlocks) since nothing else was ever added for entertainment.

The shield tech to stop asteroids punching holes in the base was never added, so you tend to spend half your time patching holes.

Don't even THINK of buying this game, and if you want my advice, stay clear of anything else from this developer as they do not deserve to exist.",False,291,1663
"I bought this game really early on and i still had a ton of fun with the limited things to do, now that ive played the full release, i can see theyve done alot of work, theyve fixed a huge amount of bugs and glitches that i used to see. The game goes pretty well now. I see people complain about the raiders, well you can build turrets to repel the ships before they even arrive, its all a learning process honestly, youll need to try a few new games before you find a nice balance.

Now I will say that there are still a few glitches but nothing gamebreaking. And I think the power system needs reworked because my base is covered in reactors but im somehow still need power. I also would think that there is alot more they could add to the game (rooms, objects, defences, other customizations) to have more things to do, but Im happy with its current state and id deffinately say this game is worth $10",True,0,230
"This is a very high potential game, but still in alpha state. Double Fine Production didn't finish it and released it after alpha 6. It's a great game and so much fun to start with. But it's incomplete, not balanced and buggy which leads to a frustrating gaming experience.

I can not recommend it in the current (sadly final) state.",False,1,1741
"Can't even get past the tutorial.  The game doesn't seem to have been leveled out appropriately.  After reading other reviews, I understand that the game wasn't near to completion.  Glad I got this game on sale.  Hope the studio uses what they learned here to make better games in the future.",False,0,23
"Well, luckily I just paid 2 bucks for this pile of ♥♥♥♥. Almost never seen a game as unfinished as this.",False,0,85
"I started out loving this game, really, really loving it. Then slowly but surely all it's issues crept up and started ruining it for me.. AI does not work, causing ridiculous losses from raiders and essentially just making you angry rather than thinking ""damn, next time that won't happen, I'll totally be ready"".
If this game was still in early access and under development, I'd be willing to give it another chance. However, this is all it's getting, so I likely won't be playing again.",False,2,832
"Steam recommends an unfinished game . 11/10.
Could have been a good game . Dont buy this crapware .",False,2,868
"I don't want to say this game is categorically ""bad"" but I certainly don't have any fun playing it.",False,18,311
"I'll keep this review short and sweet.

I got this back in Early Access as I liked the idea. Pretty solid progress was made along the way and while it was nowhere near what I'd class as ""Complete"", it was showing lots of potential.

Then suddenly it got released as version 1.0 and that was that.

What's there is relatively stable and it's fun for a few hours. But it's easy to see it's incomplete whether it's some missing tool tips, room zones where there isn't much to do, etc. There's no reason to keep playing after you've built anything in your base and enjoyed the inhabitants for a while unless you really enjoy aiming for the ""Goals"" which just seems like grinding numbers.

Great idea but incomplete, released as ""finished"" too early and they seem to be relying on mod support to fill out what's missing.",False,1,700
"Don't buy this game, Unfinished abandonware, also I suggest you refuse to buy anything from Double Fine Productions  in the future given their practices.   Your money is too good for them.",False,1,237
"got it early on, in the hopes that double fine had another good game in the works. 

I missed the memo that they had decided to suck and die as a company, they put this out, didn't even come close to what feels like a finished game, then decided to say it's done and let the community do the rest of the work if anyone cared to. and no one cares to.",False,1,284
It had a great amount of promise and potential until Double Fine up and abandoned it.,False,35,1302
"Horrible game... it seems fun at first, but then all the errors in the programming and AI start to show up and you realize you wasted money and time.  Absolute garabage.",False,0,731
I really can't recommend enough against picking this up.  Just check when the last update came in and you will get your answer on where this title is going.,False,0,54
This is still for sale?,False,0,319
"Every aspect of DF-9 feels half finished.
It feels as if the developers just stopped halfw",False,2,995
"Wow, another unfinished early access game that will clutter your gaming library!",False,0,444
"It's still a good game and a great concept. But DoubleFine can suck my *** *** ****.

Even with the third party patches, the game was meant to fail. 

The ""Big One"" can kiss my ass. I have done iteration after iteration, and even with cheats, it loses. It was meant to cover up the failure of the simulation. It has to end when the game wants it to end.",False,0,1750
"Was going really well, then double fine got the money they wanted, pulled the plug, they went from alpha 1.03 to being out, with a lot of features missing.",False,22,623
"DO NOT BUY! This game is a disaster in every sense of the word. For those of you who do not know the history of this game it originally was in pre-release phase but due to the failure of that pre-release, Double Fine forced the game to be ""fully-released"" early. Basically it's a completely unfinished game that is claimed to be fully finished, the games many features include: Very few room options with literally only one object for each room, research that does not allow you to discover any new exciting objects or rooms but instead gives you stat boosts! (Only 7 or so  research techs are even available), incredible glitches that surpass all human understanding and that persist after game restarts! what fun!, In the end you'll have done all the game has to offer in about 30 minutes and then youll slowly fall into depression as you wonder why you shelled out 10 bucks for this when that same money could have been spent on steak fajitas at Chile's...trust me your money is better spent there....or at least on stanely parable....",False,0,129
"Anybody thinking of buying this game don't please theairlock is buged and it will end up breaking your game.

Update: Alright I found a fanmade update for the game and now it is playable but still nothing special. I would still reccoment rimworld over this anyday. But I am still reviewing the steam version only so it's still a 0/10 because i is unplayable without that update.",False,0,1989
"DOES NOT WORK AT ALL

This is not a working game! You cannot play this game! I mean it! DO NOT BUY THIS! You will never even be able to build your own base!

I repeat THIS GAME IS BROKEN!",False,0,31
Abandoned game,False,0,1414
"good game, fun to play, not an epic masterpiece but a good game at the end... recomended",True,1,1262
"This game is great at destroying all of your progress in a single moment. For example: I had a base of around 30 residence and two raiders show up. Then my life support failed so everyone started paniking and running around. by the time I fixed everything, I only had three people left. There are various other issues with this game, but the other reviews should be able to show them.

Don't buy this game, get a different one that is not broken.",False,0,292
"just few words:
fraudulent game-development campaign.

PS: go buy RimWorld or Space Colony: Steam Edition instead (both on steam)",False,75,24
"Isn't finished and because Double Fine doesn't know how to make games anymore, will never be finished either. Which is kind of a shame as there was something to this.",False,1,115
Do not buy!,False,0,172
A game with great potential ruined by developers abandoning it.,False,0,955
"Run Away, Run Away fast!! This game showed potential and I really enjoyed playing it. However the Dev's have given up on it and have stated they will not be doing anything more to it. That means you are left with this highly buggy mess with very little replayability.",False,0,650
"Spacebase DF-9 isn't really that bad of a game, The only problem is it's very obviously unfinished, Plenty of unfixed bugs and the game doesn't have that much content, But it is still enjoyable, Overall i reccomend buying it on a sale if you like basebuilding games.",True,0,472
"Great idea with good intentions that just fell short. 

This is half-baked so please don't waste your money!",False,0,516
The worst game made by double fine don't waste even a dollar on this unfinished barebone joke of a simulation.,False,0,428
"The game has been abandoned in the Alpha stages and really it seemed like it had quite a bit going for it. But DoubleFine really screwed the pooch when it decided to do damage control on the disgruntled community. Instead of apologizing and admitting the problems they decided to ban threads, remove forum posts, and keep everything as quiet as possible. I would have been mildly upset with DF-9, but with the way DoubleFine is handling the situation I'm outright refusing to even touch anything else they make. Bad business practices don't deserve support. Vote with your monies and don't support DoubleFine.",False,134,226
Don't buy this TRASH! Horrible company. Just plain ripoff artists.,False,0,408
i would like this game beter with a sandbox mode,True,1,526
"Spacebase DF-9 is an enjoyable space base simulation game that has some great concepts and great ideas and a lot of potential.

https://www.youtube.com/watch?v=-VoV3yoTWUQ",True,0,305
"""So long, and thanks for all the cash."" This game is a bigger scam than Game of War. The company's official line is that they are no longer going to work on this game, and they've fired everyone involved. Your money would literally be better used as toilet paper... What little they bothered to make of the game plays even worse than it looks. I don't give negative reviews lightly, but this one earned every terrible statement.",False,28,10
Look at the top comments and it sums up my feelings nicely.,False,0,126
Another abandoned game by devs. Not worth purchasing and still wondering why Steam still sells an unfinished abandoned project.,False,2,656
Use to like double fine... now... they take my money... I hate them...,False,0,667
"How sad double fine has made me, This is old news but still.... The hurt is real :(",False,1,861
It will never be updated again,False,0,2058
"Abandonded by devs, nothing close to being a complete game.",False,22,210
Double Fine has some hits and misses. This one's a miss.,False,0,279
"I like the Idea, it is basicly funtional. but it's like banging your head against a brick wall. can't build alot, and there are Items that don't get used or the reason is wtf?",False,0,381
"I know this game has gotten a lot of flack for being incomplete, but that was to be expected given how it was released, funded and marketed. After quickly dying a few times, I really grew to like this game. It's fun as an occassional small game to play through until you die due to some amusing glitch or something. It has so much potential, I hope someday Double Fine scrapes enough money together to get back to it and make it the wonderful game it was on the way to becoming.",True,0,216
"So I have now uninstalled the game, at 1.2 hours I have now seen everything and feel the pain the other earlyer adapors have felt. Dubblefine Did a disservice to us all and should have offered refunds. The game play is basic and its pretty fun on full speed. That is untill you forget to check the incoming ships and get wiped out in a few secounds. the roster is very basic and when people are doing there job's you really don't notice a diffrance besides mining and building. I would give this game a rating of about 4/10 and say unless you want to collect all of dubblefines games, then skip it and save your money.",False,2,278
"The ""idea"" of the game was really cool so I took a chance on it in early access.  I ended up trying to like it but it ended up being more labor than ""fun"".  There just wasn't enough to the game.  No help tips or options to make me feel like...""hey I want to play it again tonight.""  Nope.  I may give it another installl and try soon to see if it really ever became a fun game but put it this way....it's fun for about the first hour or two then sizzles away.  Oh yeah and the developer has abandoned this game so what does that tell you?

DON'T BUY!!!!!",False,2,373
"This game promised a lot of things and delivered none of them. If the money I paid for this game went to slapping the devs in the face it would be worth it, but as it is I might as well have used it as kindling.",False,0,821
"Originally, I had a positive review of this game.  It was an interesting start.  It was basically Dwarf Fortress in space with graphics from the list of planned features, and looked to be quite promising.  Even with what was in the game, it was at least worth playing for a couple dozen hours, even if it lacked any real depth to keep you playing for too long.  

Then, it was cancelled while still in pre-alpha...

The developer abandoned it because, as far as I can tell, they just plain didn't think it was selling well enough to be worth putting money into finishing the game.  It's kind of crushing that a company that had a positive reputation like DoubleFine would just abandon a half-made game like this.  (And for the record, my first real notification of this was that my previous positive early-access review managed to get a near-constant stream of downvotes for the simple fact that it had been a positive review...)  The ""consolation prize"" was that they handed out free Hack 'n' Slash games to purchasers of this game (limited time, already over), although it raises the question of why players would trust in the next early access game when the last one was abandoned...

That said, I don't have the same bitterness a lot of people seemed to have. (Likely because I don't live in hype of upcoming games when I'm sitting on a mountain of Steam games I've got in reserve.)  

As for the game, itself, it's fairly simple.  Start with nothing but a few resources, build an airlock and air recycler quick to not suffocate when your suits run out of air, build a mining station, and start mining for more resources.  From there, use resources to start making more rooms, and stuffing them full of all the random things in the menu until you have a little of everything.  Then have random visitors stay at your station, and start building MORE of everything.  Then have asteroids slam into your station (just lock everyone out of the threatened rooms), or have some raiders (set everyone to security, and bum rush them all), or have other mystery stations drift nearby (remove their walls from the outside to suck all the likely hostile inhabitants into the vacuum of space instead of letting your guys get killed). By and large, the game just lather, rinses, and repeats from there.  

If you really like managers, I can say you might have fun with it for a few hours, but don't get it unless it's absolutely dirt cheap, because you're probably going to experience everything this game really has to offer in about 6 hours or so, and from there, it's just a matter of building a base larger and larger to cram more and more population in.",False,4,704
"There's a lot of bad blood between gamers and developers here, but all im really reading in regards to the game is that the AI needs tweaking, needs more features and a few other tweaks here and there.

Im recommending it because im developing it. DF gave us the code to edit and mod it, so thats what im doing. Progress is happening in the forums, but im a lone developer with no graphic design skills. But relax, its all coming together!

If you have positive input and would like to see this game succeed, join the forum and send a message in thread and ill see if i can add it in. http://www.doublefine.com/forums/viewforum/58/

Before anyone says it, no im not a shill for DF, I just enjoy this game, found little to no one developing it anymore and want to see it succeed. I want to fix whats broken to play a game that I'd be happy to spend a few hours playing.

-Skenners",True,184,112
"The game is unfinished and abandoned. Do not buy, no matter how discounted it might be.",False,0,196
"Abandoned, like my spacemen :(",False,0,172
"I see this game getting a lot of bad rep and while, I can't confidently say that it's undeserved, It's certainly not a bad game either.

It's a good builder/management game for the price. This game's development story was a sad one, all is not lost however, because it is a genuinely good game....for the most part.",True,0,519
"Do not buy this game, it will not get finnished and is a waste of money.",False,2,1353
"I really enjoyed this game. I almost did not buy it cos of the negative comments on it.

This game is like Theme Hospital, but space stations instead.

I'm not sure about what the planned content was, it might've made it better. The game is very hard to master, even when you have a big station and 50+ people, a simple mistake is all it takes to destroy all that you built.

I gotta recommend this game.",True,0,1126
meh its ok but was a let down since i was hopeing for more to this game good idea like the art style just seems like they havent delivered on what it could of been shame really it had potaental but nows ita abandonware and is not worth the asking price it should have staying in early access seems the game is far from complete,False,0,427
"I bought this game way early and it was $20, to this day I wouldn't pay $5 for it. I liked the potential it had, I saw all the planned features it had and it sounded amazing. However most of those features never came. Every now and then I would check up on it, then one day I wake up to Schafer saying this ""[Spacebase DF-9] just not something we can afford to do any more."" This is a massive dissapointment, and purchasing this would not only be a waste of money, but it would actually be insulting other early access development teams that have more promising games.

My tip: Don't buy it.",False,0,640
"A game that had immense potential. that could be glorious, and in the end it was brought down by greed. It is abandoned by its developers, a babe to be set upon by the wolves. If they'd had any love for the project, they'd finish it. If they had any sort of community awareness, they'd let people finish it and put out unofficial patches on the workshop.

Dont buy it, not even out of sympathy",False,0,317
"While I love the potential for this game, it remains largely broken and unfinished. I got a good amount of entertainment out of it, but would not recommend it to a friend (or anyone else) on the grounds that, sooner or later, you will quit out of frustration, not because you 'finished' the game. Very sad, as there doesn't seem to be anything quite like it out there.",False,0,1144
"Don't get me wrong, I like the game and have played it a bunch when it was in alpha. But unfortunately it's really not finished. It's a failed early release that went from Alpha to Release when the money ran out. Despite that, it's still being sold. On the surface it's not super obvious what happened and there are no real honest announcements from double fine. I had to hunt down forum postings to find out what happened. This is a perfect case demonstarting why it's a bad idea to fund early access, especially when they can abandon production despite the assertions that a fnished game will be delivered to those that paid. And when you have to fulfil that promise but can't, you release a mostly-working title, call it finished and move on to the next project.",False,0,3213
Abandoned by the developers. This is a ripoff. many features they promised are not implemented.,False,0,2284
"A game with a lot of promise that got abandoned part way through, leaving an late-alpha-quality game labelled as ""finished"".  Much of the planned content never made it in, or was implemented in a shallow, nearly-negligible way.  Was very unstable and buggy for a long time; they did improve that somewhat before declaring it ""finished"", so that the early gameplay seems largely stable, but it still starts accumulating problems a few hours in.

A significant dissappointment.",False,0,1541
"https://www.youtube.com/watch?v=Vpph1grojrE

Spacebase DF-9 is so close to good, I just wish it had found its audience and had more time to bake.",False,4,592
A cautionary tale of early access.,False,24,854
DONT BY THIS UNFINISHED PIECE OF CRAP,False,1,135
They ran out of money and stopped developement.  Just so you know its not a finished product or ever will be.,False,1,2073
Abandonware,False,0,1650
could have been good but wasn't finished and wont be it seems.  it really had alot going for it but its a waste of money now.,False,0,168
"They've stated that they're abandoning the game and yet, Steam and Double Fine are still happy to take our money for an unfinished alpha? Get this ♥♥♥♥ off the store page if it's never going to be playable. I loved the premise and the gameplay was promising, but it was clearly an alpha with many bugs, poor AI and pathfinding, and a very threadbare amount of content. It could have become something wonderful, but Double Fine screwed the pooch and rather than eating their mistake, they thought they could just abandon everyone and get away with it. Well, I for one, will never purchase another double fine game. Ever. Until they let me get my money back on this shameful turd. DO. NOT. BUY. FOR. ANY. AMOUNT. OF. MONEY.",False,1,197
"dispite everytning ive read about the game and it being ditched and blah blah blah, i actually really enjoyed this game my first attempt at wasnt...the greatest but..well...went a little something like this.

was building my base, things were going great, had a lot of people, plenty of jobs and work, got attacked by 2 raider ships one blew a hole in my wall, sucked out a couple people, the other breached and begun an assault, they killed a couple people before being killed, so I had to switch the survivors job roles to fit the needs, a technician a doctor and a builder, 2 techs 2 builders 1 doc, 1 of the techs got stuck outside the airlock, because 2 of the people went in as he tried to get back in so it liked, glitched, and locked them in, and him out, well during that time the life support went on the fritz, oxygen slowly was depleted, everyone but the tech outside the station died of asphyxiation, he got back in after they were all dead and it stopped being glitched, he fixed life support and I went about repairing damages, got one new resident made him a builder had him working on some stuff, the tech (panya) slowly went insane and he eventually popped, and started beating the ♥♥♥♥ out fo doors, my new resident (jeff) went to calm him down panya said no, they fought knocked each other out, jeff woke up first, killed panya, went to the medical bay to heal, in stasis basically, more raiders attacked, they found my reactor room my turrents in the reactor room decided shoot THROUGH the walls at the raiders blew up the walls lit the hallway on fire, fire skipped some rooms and lit the life support on fire I booted jeff out of the med bays and turned them off so he didn't just lay back in them he ran around trying to put the fire out did so went ot repair life support died of asphyxiation before needed amout of oxygen was in the room
and so my last resident died

TL;DR everyone dies at the end.",True,2,430
"It started as a sandbox with plenty of potential but was (after a long period with just a few updates) abandoned. It's unfinishedd, lacks major features, has stupid AI and gets boring quiet quickly.

[b] Please don't waste your money !!!	[/b]

This is one of Early Accesses worst examples",False,1,5303
Loved this game. Please finish it! :),True,0,2062
Con artists. Nuff said.,False,0,113
"I got this DAY 1 when it got uploaded to steam, got abandoned and... well that was it, the game is BAD... nuf said
0/10 would get abandoned again.. :(",False,2,95
"I don't know what all the negative reviews are about. It's an good game, but I got bored pretty quickly.

You might like it, you might not. If you want it, get it on sale.",True,0,140
"Like everyone says, abandonware. No longevity, bugs, shallow management system. Simply not worth your money at any price.",False,0,1464
"Completely unfinished game, absolutely not worth playing.

The concept was great, but the developer pulled the plug when they ran out of money. If you start accepting money from customers, you are supposed to deliver a product, DoubleFine!",False,0,306
"The game is abandonware. It promised so much, and delivered on 1% of it. The manegement of your citizens are rediculously shallow, and almost non-exsistant. the game is bugged beyond what is 10 Euro's worth, and the fact that Doubble Fine has abandond this turd in the pool, means that there is no more fixes. The game delivers only 40 mins of gameplay, and is depression-indusing. 
This game is Fraud!

DO NOT BUY THIS GAME!

BOYCUTT DOUBBLE FINE! - BOYCOTT TIM SHEFFER!",False,1,4851
"Stay away, far far away. Unfinished, buggy waste of money.",False,1,74
Unfinished early access game with the early access label removed.,False,219,1668
Unplayable and a bad example for early access games.,False,15,76
"Well as I have had this game for some time, i'm sad to see such... How do I put this, raw Potential in a game go to waste, the game had many features that could have been expanded upon and made to be an over all enjoyable experiance, when I first bought the game I played it and lauged at all the quirks it had, as time went on I grew annoyed by them, the way the Ai isn't polished or how the game handles Raiders and how the frequency of them is not fixed or how the simple air system, I mean the one thing this game could have used is a simple ventilation system. I also was rather upset about how a station could go good to bad in the blink of an eye, one minute my station is doing good the next there falling over dead from parasites because they won't visit the medical lab to have them removed. Over all I wouldn't even tell a person who might be interested to buy this game and support this company.",False,1,1607
"I feel this game is a great game, with providing complete control to the construction of the base to giving individuals specific duties. I have had absolutely no issues with this game or its AI. I really enjoy simulation/building games.",True,1,271
"If you want half a game in every aspect, be my guest.",False,0,501
"A broken and unfinished game, Double Fine has fully released the game and added a mods folder, not even steam workshop support. They expect the community to repair their broken game, I enjoyed the game for the most part, that was until the raider attacks just didn't stop, sometimes it was one or two attacks, others it was five or seven at once making it impossible to survive more than a few weeks in the game. I do not recommend purchasing this game and I strongly suggest you take your money anywhere else that isn't Double Fine's pockets, I think that even EA has better games than this.",False,1,2274
"it's a lot better now they finally fixed it up works great.
now we just need Modding ability and it's sure to be a hit
8/10 buy it on sale",True,0,363
"This Dwarf Fortress-esque game was abandoned by the developer long before it reached anywhere near its potential, stay away.",False,1,75
This game made me never buy another Double Fine game again.,False,2,186
"I'll start by saying that this game has great poential but at the moment it seems imposably hard as the AI is kinda dumb and  even with a utopian sector the raiders are very frequent early on.This would not be a problem if you could direct your people to tasks rather than waiting for them to just figure it out...sometimes they never do. I've also expirenced them sufficating thenselves even when there is a built station. I've never been able to play for more than 30 minutes without everyone being killed as the security just wanders around and does nothing about threats...as I said guys, you need to be able to direct your people to jobs. 

I would reccomend this if these issues are adressed.",True,0,247
"Stagnant, not developed any more",False,0,425
Wasnt this game supposed to get mod support?,False,0,136
"Full of bugs, and feels unfinished, worth a few hours of fun i guess, but the game is essentially broken in its current state, so i dont recoment wasting your money on this, development have stopped, its never getting better than this!.....",False,0,635
hasn't had an update for over half a year. ♥♥♥♥ you.,False,2,147
"This game looked extremely promising. The idea of building your own space base was extremely cool, I liked the random events, the room zoning, etc, but AI is incredibly stupid, there are tons of game-breaking bugs, and after leaving this game alone for months in the hope that when I came back it would be in much better shape, I find that the devs abandoned it.

So much wasted potential. 4/10, do not buy.",False,0,238
"Huge disappointment, do not trust this company.   I'd rather have my hands cut off...",False,0,263
"This started of as a really great idea, but unfortunately it seems to be abaondoned by the developers before they fully implimented mod support as promised. This is an incomplete game.",False,0,3002
"Spacebase DF9’s 2,859 “mostly negative” reviews (at the time of writing) are probably more a testament to Steam’s ubiquity as a content delivery tool than to the game’s own (very real) problems. And it does have problems, to be sure, but depending on your outlook and how much you pay for it, they’re not insurmountable.

Its gameplay appears at first to be something along the lines of the legendary Dwarf Fortress, Mucky Foot’s 2001 classic Startopia, or Firefly Studios’  2003 Space Colony, but its flaws – the result of a suddenly-abandoned development process – make it play more like a Roguelike. Your rather nebulous goal is to re-populate the galaxy by building endless space stations, staffing them with an ever-increasing supply of wandering space travellers and keeping them happy and safe from weird diseases, bloodthirsty raiders and each other. Material for building comes from mining asteroids or disassembling passing wrecks and derelicts, and your rooms and corridors are built and then assigned different uses – residential, life support, various social, scientific and utilitarian functions. There’s a strong people-management aspect too, as each new arrival at your base can be assigned to one of eight different duties, each of which will make them feel varying degrees of satisfaction or frustration, and each of which they’ll be good or bad at according to a 1-5 star system. In all respects, the UI is super friendly and makes juggling your people as easy as possible. Which is great, because you can eventually build gigantic structures with literally dozens and dozens and dozens of crewmembers. Crucially though, you have almost zero direct control over your people. You can only order them to report to the infirmary if they’re injured, and even then it may take them a while to limp their way over.

At first, as you learn the ropes, each new game comes hard and fast. Death comes as a result of being ill-prepared to research a disease cure, or not having sufficient defences against a surprise Raider attack, or for any one of dozens of interestingly unfortunate and unforeseeable reasons (usually often as funny as they are frustrating). But the actual process of making your space stations is so much fun that the urge to immediately try again keeps you clicking, again and again, learning more and more each time, developing and abandoning new ideas and strategies as you go. Spacebase DF 9 is very much one of those Civ/Morrowind-type games that suck the hours out of your life without you realising. Be prepared for some really late nights if you decide to have ‘just one quick go’ before bedtime.

Adding to this feeling is the game’s own save system, which by default consists of toggle-able silent autosaves and a Save and Quit menu option. Like a psychopathic lover, Spacebase DF9 doesn’t want you to be anywhere other than inside it, grinding at full speed. Played like this, the feeling is very much of a  Roguelike’s ‘one life, one death’ trip, and all of this helps mitigate the pain of being screwed by one of the game’s terrible bugs or imbalances.

Yes, they are quite terrible, unfortunately. But in the twenty hours that I’ve played it so far, the problems have been all about imbalance and lack of tweaking, rather than outright bugs. One of the worst of these is the fact that the guns on enemy ships, once they’ve boarded you, remain ‘hostile’ even after you’ve killed or captured the invaders (sometimes they can even be reformed and will join your crew to start a new life), or claimed their ship as your own. Only by eventually disassembling enough of the enemy ship will you be able to cut off power to the gun, thus making it safe. But getting to the bloody thing can be a real game-breaker – these defensive turrets have great range and cut through people in spacesuits like a lightsabre through yogurt. It’s at times like these that the lack of direct control over your spacemen becomes a real tooth-grinder, and you can end up with piles and piles of floating corpses made up of the Builders who foolishly crossed in front of the guns to get behind them (in space, the AI paths in direct lines from point-to-point), as well as the Doctors who went to retrieve their corpses. 

As far as imbalance in the invisible numbers, the worst offender is the near-constant brawling that goes on. At best this leads to a trip to the brig to cool off for the aggressor and a trip to the infirmary for the victim. At worst, guns will be drawn, and people and facilities start falling. In-fighting is a result of a brilliant system of cabin fever that is determined by various things, including job satisfaction and a host of actual personal feelings and emotions, all of which can be monitored on the crew’s individual profiles. Assigning two people who hate each other to a double cabin is a recipe for disaster, while the sight of bloody corpses littering the place has an obvious impact on depression (especially if the deceased was someone’s friend). But again, due to the abruptly aborted development process, it’s one of several crucial, glaringly imbalanced systems. Which, unless Double Fine release the source code, as they’ve promised to but still not yet done, may never be properly sorted out. This is doubly frustrating because a lua-based modding system is present and correct, but so far nobody’s done anything with it.

Like the similarly blighted and similarly great fun Aliens: Colonial Marines, it’s a game with a bad reputation that in reality is only partially deserved. Early adopters and those who saw the potential for a Dwarf Fortress in space have every right to be annoyed (and to make those thousands of “negative” Steam reviews). But for those of us coming to the game in its ‘finished’ state, and aware of the lingering problems, there is still much fun to be had. Double Fine’s original plan for the game was hugely ambitious, ultimately requiring much more funding than they could successfully raise for it (hence the truncated development). It was only unfortunate that they had already taken it well into the Early Access phase at USD 20 a pop before they realised this. But that’s one of the risks of public alphas, crowdfunding and transparent game development. Like condoms, no one's happy when they go wrong. 

If we’re looking at it in financial terms, then in my case I bought it in the 2015 Steam summer sale at -50%, or EUR 4.99, and have played it now for nearly 21 hours. My feeling is that I’ve had at least 20 Euros of fun from it, and that’s quite important. With some AAA titles costing nearly 60 Euro-dollarpounds and offering dozens of hours of gameplay, but failing to deliver even half as much fun, for a flawed gem like Spacebase DF9 to give you that elusive feeling of true, full-belly satisfaction is, I think, quite a feat.",True,12,1636
"The game is fun for about 20 minuites; then the AI craps out, almost constant raider attacks, general complete bugginess causing most of the bases made to fail or the people playing the game to stop out of pure frustration.",False,0,356
"Initial impressions way back in early release gave a lot to be hopeful for, especially with the lofty goals of the development team.

Unfortunately Double Fine has taken the money and ran, leaving it up to the community to implement the lion's share of the promised features.",False,0,227
This game was never completed. A lot of promises have never been fulfilled. A lot of bugs make sure you cant enjoy it. Stear clear.,False,5,477
"This ""game"" is not worth your time.  The developer and publisher could not be bothered to complete it.  Labelling a game 1.0 does not make it so.  It would be inappropriate for me to speculate where the money that was donated to funding the project went to or what it was actually used for but if the state of the game is an indication it wasn't allocated where it should have been.

The only reason you might consider paying money for this is if you are a skilled modder and want to prove your ability to the gaming industry.  It would be very impressive if you could create a release worthy program out of this monument to mediocrity.  Can you accomplish what $400k+ and a bevy of yesterday's news hipsters could not?",False,55,97
Hmm.  This is crap.  Unfinished.  Glitchy as hell.  If only some of that Kickstarter money went into it...,False,1,578
"It is a game with amazing potential, it's really fun when you see past the wealth of bugs and the other mechanics issues, most notably the character AI, who will eat a snack while being shot at, or build instead of fighting raiders. Raiders who appear far to frequently, every 5 minutes it feels as if a raider comes to ruin everything you have just made and due to the derpy ai, you can do little to stop them.

Past all of this it is a really fun building game in space, I would recommend to anyone who likes building and can deal with bugs and setbacks at every corner.",True,0,712
"Waste of money bought it last summer sale, got a few bug filled hours out of it.",False,0,313
"A grate idea that showed endless promise, up until it was axed my Double Fine after Alpha 6. That's right; the game was released as a 'finished' product before it even went into bata!

I enjoyed my time with the game, even in its unfinished state, but given how it was shamelessly shoved out the door and given a price slash to entice in new players who had yet to see what a half-baked product they were buying into, I cannot recommend this game in good faith, nor can I even say that you should pick up the game if you think it might appeal to you if you don't mind a lack of polish.

As a moral consumer, I strongly advise you to NOT give money to this game! Even on sale, when a 5$ USD price tag might be reasonable, it is an utterly disgusting example of a once grate company using its good name to exploit its fans.",False,1,1047
"Unfinished, and the developer will never finish it. I had high hopes for this one but sadly can't recommend it due to the poor support from the developers. Because of this I also do not recommend buying any other games from Double Fine Productions.",False,1,156
"abandoned, dont buy it, complete waste of money",False,0,293
Simply unacceptable how this highly regarded developer abandoned an incomplete game once they realized some core aspects had to be rewritten. What a cash grab.,False,2,843
"Saw all the negative press for the game, so I waited until it was less than $5. 

Wow it is really sad to see how AMAZING this could have been with, like, an extra year of indie development. Or, hell, maybe even just a few months more.

The art is great and the mechanics work fine. It's hard at first, but then you get your base starting to work, some hydroponics, a nice little bar, and your colonists go from mildly sad to somewhat happy.

*Then* what?

They added in these achievements but they don't feel worth the effort. The colonists have tons of traits and thoughts and everything, but ... What do they amount to? Why should I care? They don't really affect anything other than how pissy they get over time.

Raiders stomped my first base, but then I realized I just need a turret minding the entrance, and boom, problem almost entirely solved.

There are so few objects, with so little placing options, you can't even really decorate it. The colonists don't even mop up blood from fights that break out.

I understand now why everyone was so disappointed. I just don't understand why they would make such a fantastic foundation, if they weren't gonna build on it.

I give it 4 sad faces out of 4. Couldn't even keep me mildly amused for more than a few hours (the rest was added on when I paused it to get up and go AFK for a bit).",False,1,294
"Isometric Joy!
Early Access Devs Say 'Done!'.
Sprite walks through wall...    'Sigh'.",False,0,1829
This game had so much potential! But alas it is not another sad story on how devolopers screw their consumers over for a quick buck. The games very hard annoyingly so but it can be fun. Whatever you do though do not pay money for this it! do not contriute to the selfishness of Double fine!!!!!!,False,1,2014
"Was actually very fun for a while, until the huge alien squadron came to my base and all of my people just ran around, even the security guards. But as a free game, it was fun for a little while. If you want to continue to play this game, there is a unofficial patch that you can find on the Spacebase subreddit that works pretty well, although there are some problems, there are less than the vanilla game",False,0,419
"What could have been a very good game that ended up sucking due to Double Fine half assing it.

Take for example mod support.  They rushed out the mod support to let the fans complete the game for them and didn't even bother to give the game steam workshop support.  Plain lazy.",False,0,2539
"This is a buggy, unfinished game, and the stupidity of the AI makes it almost unplayable at times. But if you buy it on sale at $5 and expect only $5 of value, it's good fun for quite a while.",True,0,1554
"Could have been awesome if the money grabbing devs didn't mislead their customer base and then dump the game. 

4/10 will never buy a Double Fine game again.",False,1,303
"BUY AT YOUR OWN RISK: UNFINISHED
Such a good concept and game.................for an early access one that is.

It was sadly abandoned by double fine. It will never be finshed.
I bought this game cause it was a great early access concept and game. But its now fully released and its still as it was an alpha.

Its unfinshed other than that.

It plays well, great concept and idea of running your own space station from scratch and watching it crumble cause you let one person in or broke the wrong wall or no fire extingushers. You pick a spot in the galaxy hoping to find a perfect place for mining and saftey.
Its fun but its unfinshed.

Hey its got a 100% mod support cause the devs abandoned it and released the soruce code hopping modders will clean up their unfinshed promises.

So if its cheap ok go ahead have some fun, but its more unfished than rust.
At least rust have a chance of being finshed though, this will never however.",False,1,295
I am disappointed in Double Fine. This is not a finished game. All goals are not even completable. There are many obvious bugs. It just seems clearly unfinished yet they are selling it as completed. I think it would be a pretty fun little game if even all they did was fix the blatant bugs.,False,1,703
The prototype showed such promise. This delivers none of that.,False,1,125
"Abandonware, bro, and not the good kind. Of those games produced by Double Fine, I have enjoyed one, and this game is not Psychonauts.",False,1,361
"I love this game.

Actually, no.

I loved the promise it had.  The potential it showed.  I love what is available as a demo of things yet to come.

As development was just dropped and the game will never be finished, I can't in good conscious recommend it to anyone.  What is up is a buggy, half-finished wreck.  If you get it in a bundle with other games then it is worth trying out a little, but otherwise, please don't spend money on this.",False,4,888
"My thoughts are;"" what the hell? did i really pay for this?""
Guess you will figure out how this game is by reading the other reviews.",False,1,282
"I want to love this game. I really do.

For a shipped game, for the AI to be this bad though, when you have no direct control over your citizens? It's just unacceptable.",False,1,397
"This game had so much potential to compete with the Positive examples of Early access like Kerbal Space Program and Prison Architect, but sadly they released this game far too early, It's fun for a while and you can make some interesting stories with it but it's not worth twenty dollars, maybe five dollars at most.",False,1,1175
"THIS GAME IS SUCKS AND GLITCHY AND REALLY BUGGEY, AND IF YOU HAVE A MAC IT STOPS UP TO 1 TO 5 HOURS!
SO DON'T BUY IT UNLESS YOU WANT YOUR COMPUTER TO FREEZE UP AND DIE!

AND I WANT MY ******* MONEY BACK!!!!!!!!!!!!!!!!!!!!!!!!!!!!!!!!!!!!!!!!!!!!!!!!!!!!!!!!!!!!!!!!!!!!!!!!!!!!!!!!!!!!!!!!!!!!!!!!!!!!!!!!!!!!!!!!!!!!!!!!!!!!!!!!!!!!!!!!!!!!!!!!!!!!!!!!!!!!!!!!!!!!!!!!!!!!!!!!!!!!!!!!!!!!!!!!!!!!!!",False,1,41
"Aweful unfinished game. Developers abbandoned and threw in ""mod support"" to make others fix what they wernt bothered to do, but even that is half arsed, to add a mod you have to edit the games script files (which dosent even work half the time). I keep trying to like the game because its a great concept, but the barely working state of the game ruins it.",False,1,406
"I don't normally give reviews, But, Ill make an Exception given how terrible this utter waste of Disk space is.

First off, I bought this game about 7 Months ago, (So i can't get a Refund for it), So, I'm now stuck with a £19.99 hole in my Wallet.

If like me, You looked at this game and thought, ''Hey, This looks kind of cool'', You were mistaken, What you are buying into, Is a Bug Ridden game with Poorly Designed gameplay, Completely ridden with bugs. All of which, Would be fine, If the Dev team was working on it, But, Oh, Yeah, I forgot, The Dev's have done absolutely nothing on this game since November 2014.

And incase you were wondering, The patch they did back in november, Was not good, It essentially added in loads of broken, Terrible mechanics that completely broke an already not good game, Not its just not playable, Seriously, Do not buy this game, Its terrible.

With the Dev team essentially walking away from this game with all the money of their supportrs, You would only be giving those thieves money if you payed for this, Do yourself a Favour and pick up a Different space game ;).

Gameplay - 3/10
Dev Team - 1/10
Bug Support - 1/10
Waste of money - 11/10",False,83,434
Incomplete game. Will never be finished. DO NOT BUY!,False,99,219
"DONT BUY IT ITS STILL NOT DONE AND BUGGY SINCE THE DEV'S STOPED WORKING ON THE GAME 

its NOT worth the 19,99€ and u prolly gonna be disapointed eaven if u buy it on sale for under 5€",False,1,270
"Gave up when Sales started to dry up. They've Bandaged the wounds very poorly. And shipped it as Brand New Game. This game is hardly worth $5 let alone $20.

Game does have some decent reasons to play it, But most of them are Destroyed by the crashing, and some of the weirdest bugs you'll ever see.

Best part about the game is the released SourceCode with the Game.",False,16,453
"Incomplete, developers will not finish the product. Game in its current state not worth the high price, consider it only when >$5",False,1,619
How do i get a refund?,False,0,738
"Spacebase DF-9. Games like this make me sad, it had so much promise. Now? Now it's just buggy and unfinished. I'll happy tell you now dear reader: don't even pirate this game, its not worth the downloads. The only thing this game has got is it's graphics. That's all.

I played less then 30 minutes, i didn't even get passedthe totorial. Not because it was hardbut becuase it wasn't good. It was a window in the bottom left corner telling me what to do. and everything was unloacked in the totorial from the start.

This game also has very little in the way of content. By this I mean there's not much to it. For example i only saw one generator and no alternitives. And everything's really basic too. Life support's just a structure that you put into the life support room.
Also the NPCs aren't great, they randomly do stuff like exercise in the hallways... and doorways. No really, i have someone doing push-ups in the doorway to the generator room. That bring me to another NPC related point: they're annimations. usually when I play games this is never a big problem but with Spacebase I suddenly had many problems. The annimations don't seem one bit natual, or smooth.
Now I know alot of people found this had more bugs than a garden, but the only noticable one i found was when NPCs left the station via the airlock they only went though one door. That door was to get into the airlock, everytime someone left i just had to sit there in horror because the floor kept eating them.

This game work about as well dirty underpants with no elastic. Did i meantion it was $20? this game should be removed from steam altogether. I'm glad this came in an indi bundle.",False,0,28
"It's fun... until stuff happens! It's buggy as hell! Mostly due to raiders. Lost 3 guys standing in front of raiders for reason I'm assuming to be bugs. Raiders killed in spcae can't be cleared off, and their items dropped can't be picked up. and then there's the whole ""we are gonna stop making this game"" bs.


Like I said, it's fun, but then bugs and unfinished features will kill your progress! Don't buy it, it's rushed in the end and full of bugs",False,0,532
Unfinished and abandoned. Only fun for awhile until you realize how buggy and broken it is.,False,2,463
"While early access it was a very promising game with a lot of features to be in the release version. Some features really came, but most of them never reached it into the game because they stopped the work. They even apologized for stopping working on this game, but that's not making it better.",False,4,511
"[h1]The first 'promising' Early Access game[/h1]
Double Fine had [url=https://archive.is/irRiB]lot's of plans[/url] for Spacebase DF-9. The game those plans outlined would be [b]well[/b] worth the $20€ price.
As development continued however, more and more of those plans [url=https://archive.is/RBCBP]were laid to rest[/url] and in the end a very select few were ever realized. As such, the game as it stands, is just nowhere close to being worth the price, and should've been priced more like Hack'n'Slash, the game it's being bundled with now, is priced.

Spacebase DF-9 is a perfect example of a phenomenon that continues to this day: wholly unfinished but 'promising' alphas on Early Access.
As Steam's own documentation states, both developers and customers should treat Early Access games as they are know, not as what they might one day become. Devs shouldn't sell promises, and customers shouldn't buy them. But alas, here we are.

I regret buying into Double Fine's promises during Early Access. Because of the few genuinely good games they've put out, it's easy to forget Double Fine's catalogue is more '[i]miss[/i]' than '[i]hit[/i]', Spacebase DF-9 being a prime example of that fact.

[h1]Bottom line[/h1]
Only buy Spacebase DF-9 if you want to support Double Fine. Even then, it might be better to just buy a DF t-shirt or something, rather than to inflate the sales numbers of this mediocre dissapointment.",False,1,67
.,False,0,171
They basically cancelled it before they actually finished it. DO NOT BUY!!!!,False,105,263
"As is being said in all the other reviews, the developer has abandoned the game.  I actually enjoyed the concept quite a bit, but not finishing the project leaves a bad taste in the mouths of buyers.",False,1,215
"STAY AWAY.  Its BROKEN.  Double Fine really dropped the ball on this game.  Crashes, incredibly long load times, UI is in total disarray, and the AI is a mess. They shipped an incomplete title. They are professionals and this is a not a professional way of doing things.  You cannot commit to a early access and then take the money and run. To be honest I feel like they lied to my face and its been hard to trust Double Fine at all after this.  Now that I'm thinking of it I'm going to ask for my money back from Steam.",False,4,108
Why finish making a game when you've already got the money?,False,2,617
I barely played this game at all. Just ten minutes on this account and about an hour on my brother's. Couldn't figure out how to do anything and there is almost zero content. Would not recommend Double Fine's most disappointing release in the past decade.,False,1,11
"This game is quite possibly the worst Pre-Release game I have ever played. I hav eowned it since inception, and the biggest issues were never rectified.

The primary issue i have with this game is the fact that you may queue something up to be done, but nobody may ever get around to doingit. 

Hostile encounters tend to happen early, and often result in losing at least one critical creew member. Diseases are rampant in early game, and controlling your crew is impossible.

I have 10 hours on record playing this gaem, and will never play another minute. You can spend an entire hour on a single session of the game, and end up losing your entire crew to something rediculous. 

DO NOT BUY!

And NEVER PRE-RELEASE BUY ANYTHING.

I never will again.

(Note: The Devs made this game 1.0 while it was still missing about 20-% of the promised features.)",False,1,596
"Had fantastic possibilities, but fell short on every delivery point. 

The game has been dropped and will forever be unfinished unless the modding community (which the game has blatantly been dropped on) steps up and finishes the game themselves. 

If you are thinking of buying the game please take a look at what is actually included. Sadly a buy-beware situation.",False,1,136
"This game needs a good modding community. The concept and the game is good, but what it really needs is someone to go in and fix what the devs decided wasn't worth doing. As well as improve on some of the core game mechanics.


No I don't recommend this game. to me it's just unfinished and someone needs to finish it, and if someone is willing to finish it I'll be willing to change my review.",False,0,251
"Its been abandoned, which in itself makes me not recommend it, but it is also broken at ties deleting saved data and causing full on crashes.",False,0,104
developer decided to leave the game unfinished and incomplete,False,0,236
"Loved the game.  Really enjoyed it.  Unfortunately it simply quit working.   I'd invest time and effort in building, and it would simply die.  Restart, reboot, re-install, delete saves, nothing returns this pile of garbage software to working order.  Not only will I never buy a double-fine developed game again, but I'll probably never buy another early access game.  Shame, it was a nice game idea and had great potential, and I would have paid MORE for continued development, but alas... jerks up and quit.  Do not buy this game or any early access game, or any game from this game studio.",False,0,5617
"// TRANSMISSION INCOMING //

Docking request... 

We see your Spacebase is complete, erm, wait, are those citizens being sucked into space? We heard that you guys had big plans to get this thing up and running but it seems that you have a lumpy, kind of lopsided base... Oh well, it had promise but appears to have been partially abandoned with only a token staff left behind to keep the raiders and pirates away. Hopefully there will be a crew out there willing to get in back into order before it enters the atmosphere of some celestial body out there.

// TRANSMISSION TERMINATED //",False,1,1284
"I think what hurts the most about this game is the completely wasted potential. When updates were actively coming out it seemed pretty realistic to expect a very well made if modest game. The art assets were there, what had been worked on and put in the game was of a reasonably high quality with some later updates excepted, the sound seemed like time and effort went into making it fit the tone of the overall game. Somewhere, this all fell through at the last minute.

I know Double Fine has to find a way to pay the bills, so cutting the project to work on something more lucrative is the smart thing to do for them. Leaving it on the store and calling it 'finished' to try and squeeze it for cash is simply ridiculous though. They could have easily left it in early access and said something along the lines of ""We need to work on some other games to generate revenue. We'll leave the game on Early Access and when we've made enough money on additional early supporters we'll continue development."" and I wouldn't have batted an eyelash. There's a pretty distinct line between putting a hold on development and blatantly releasing a mess as a finished product in a crass attempt to get more money.

I'm not mad that you ran out of money. I'm not mad the game is unfinished. I'm mad that you're taking advantage of your audience and lying to them.",False,3,1340
"Good concept for a game, and funny at some places, but needs more game content & flexibility.
and I LOVE the music when you choose your base in the star system :3

I would recommend it, bu needs more content

6,5/10",True,1,181
"If it was still early access the lack of features and bugs would be somewhat acceptable, but as a finished product I cannot recommend it",False,1,73
"For shame, Double Fine. After Psychonauts I was thrilled to see this release. But after your decision to take your money and tell us all 'Oh-well, so sad'... That was some truly cutthroat business. Sadly, your managers will probably go on to make similar decisions, but it's your name they dragged through the mud, and I will never purchase another Double Fine title.

The game had promise, but the bugs make it practically unplayable. There's no real way to stop rampaging citizens, as the jail system doesnt seem to do anything about their attitudes. Wounded people will lie around on the ground because the Medics cant be directed to go to them and will instead carry on about their daily lives, meanwhile everyone takes a morale hit. 

Would have been fun, but as you can see from the nosedive in reputation the game has taken, ""would have been"" doesnt sell games.",False,15,1790
"Poor spacebase, this game is amazing. Not complete nor most likely never will be but amazing.
Unfortunately the game lost funding and double fine couldn’t continue creating it. They went through many hardships at the time this game was being built and ultimately failed on this one. Still as is, it is a pretty awesome game. I blew through hours playing it and I would still recommend getting it. 
Hell, maybe one day it will get revisited.",True,1,1564
"I followed this game during its early access, and I really liked the way it was going. However, I feel that the game was never really completed, and a lot of features were left unpolished. I find the clunky interface to be the games biggest problem. If they had continued to develop it, I'm sure it would have been a marvelous game, but as it stands, I can't recommend it. At least not at that price.",False,1,784
"Developer abandoned the title - it's not finished.
If you like the look of Spacebase DF-9, stop by Spatials. Spatials is this game, but much more, and fun to play.",False,1,559
"Pros:
+Lots of events
+Easy to learn
Cons:
-Whenever you die, it gets bored fast
-Bugs
-Hard to build your ship at the start
-The whole game is hard to play",False,1,252
"Doublefine ran out of money, and basically gave the game to modders and said ""Do as you please""
And everyone felt backstabbed

Then they gave us all a free game as a way of saying sorry, But that is not enough as the game was never finished and was incredibly barebones for something I was personally looking forward too",False,2,573
"DO NOT buy, this game was abandoned by devs and they still ask 20 bucks for it..

DO NOT PURCHASE.",False,1,450
The only time I think I've ever felt truly ripped off by early access. Double Fine lost all my good will with this one.,False,0,79
"Double Fine, for all intents and purposes, abandoned this game and the fully released version is little more than the alpha with a few minor bug fixes and no amount of modding will salvage this derelict.

I can in no way recommend this game. It is fundamentally broken and purchasing it only rewards poor behaviour on behalf of the developer..",False,1,3628
"I played a little of the Beta and enjoyed it, so I though once I waited and tried the game at full release, it'd be even better. And it was, for a time. But I kept getting the feeling that it didn't feel like a finished product. There were plenty of nuances that irked me and I had no control over that often left me starting a new game because my citizens were no better than lemmings as they both walked continuously to their deaths. Combat was pretty poor, as your security rarely won in any fight they got into.

Then came the great raider raid, which killed my measly group(I had only had a few hours to do anything before it came, and the area I chose was supposed to be low in hostility.) So that and finding out it was abandonware was a big slap in the face by the devs.

Hopefully, in a few years, someone will pick this up, fix the bugs and flesh it out and turn it into a game actually worth the money you spent for it. Until then, DO NOT BUY. I already regret it, and I got it on a cheap sale.",False,1,261
"While there are still many issues in Spacebase DF-9(such as bugs, outdated graphics, and so on), despite the years of production and work, I understand that this is still an incomplete product. Therefore I am not reviewing this game as a complete product, but rather I am reviewing its creative process. As a building management and construction simulator, Spacebase DF-9 fails the most important criterion in any simulation, uniqueness. Uniqueness is a core aspect in simulation games because it is there in which specialties and creativity come together to make an enjoyable and memorable simulation game. Examples of popular simulation games are Goat Simulator, The Sims, and Train Simulator, which all can be easily identified by each of their unique points. That being said, it is hard to find unique points in Spacebase DF-9. As I am writing this review, in trying to remember things that were unique I find myself fixated more on the bugs than actual gameplay. 

Overlooking the bugs, let me break down the gameplay. You build a base, gather resources, and make the base bigger and repeat. You have raiders that attack your base but they don’t present a threat if you properly maintain security. You have asteroid showers that happen every once in a while that start fires and destroy structures such as walls and they need to be patched up. You will get transmissions every once in a while so that people can move in, attack, or attach themselves to the base. The difficulty ramps up as your base becomes larger and more populated; you have to keep track of people’s morale, energy consumption, and security.  That is about it. 

As I have stated earlier, it lacks uniqueness. The simulation itself is very basic and there seems to be a large amount of creative work in creating the characters. Unfortunately, the programmers made the characters expandable, having them die very easily and having a lot of them makes the characters feel insignificant and therefore, their uniqueness insignificant. As a simulation, this game will not stand out in sales or reviews unless the creative department decides to do some major reworking. Furthermore if unchanged and published, this game will stand out as one of many examples of morale hazard in pre-release gaming. 

 [u] Note:[/u] As I was about to post this I realized that this game was published a year ago. I could not fathom that a game this unpolished and lacking in content could be deemed complete by anyone who took pride in their work. In the end, it seems that DoubleFine just took everyone’s money and fled.",False,2,316
"May 17 2015:

It's broken asf, don't even bother spending any money on this.

I opened the game, clicked tutorial. And nothing else happened. Couldn't do anything even after several tries.
It's a waste of money, and that steam is selling this for 20bucks is ridiculous.


EDIT October 8 2015:

An update rolled out and the game now actually works, I'm greatly enjoying this even though it's mostly basic base building with not too much to do other than assign people to mine, food, build and maintenance. 

It's fun but gets kind of dull after a while, I'm now changing my review to positive only due to the fact something has changed and it actually works in an enjoyable way.",True,7,282
"This game is a lot of fun! I like the base building, I like all my people walking about and talking and living their own lives, I like being able to 'absorb' docking derelicts.

But I can't reccomend it whole heartedly because ONE defense turret on an attached derelict killed 80% of my crew because they tried to glide past. I had claimed the whole derelict, but there's no easy way to deactivate those turrets. My entire game flushed down the drain because of one turret.",False,0,236
"One of the more expensive items in my cart, and one of the least satisfying. Like Dwarf Fortress if everyone in your fortress was really stupid.

Also, it's not being developed, or it's open source or it's not, or something. Whatever.",False,0,541
"Bought for $5,00 on early access, played once and start hoping to turn a good game when it get finished.
The game is ""finished"" and I'm still hopping.",False,1,7
unpolished dog turd. no real attempt was made to make this a working game. never buying another product with double fine logo on it.,False,1,494
Don't lose your time with this game. It is unfinished and it is unplayable. The developers didn't have the resources to finish the game so they released it as it was for the early access backers and moved on... I don't understand how it is still on the store. The game is simply not playable at all. It is but a joke.,False,1,763
Feels like a good beta. Its a good idea but never got to the fun part. It is only a good proof of concept. Really not worth money and  is not anything like the Bullfrog games of the past. And that is the most frustrating part. The small details this game gets wrong (but to be sure not the only thing this game gets wrong) were solved almost 20 years ago in the 90s.,False,0,403
"Do not buy.  It's not finished and never will be.

I will not be buying any more Early Access Double Fine games.  Very sad.",False,10,265
This developer has caused me to have trust issues with early access games. Could have been awesome if it wasn't abandoned. Took the money and ran.,False,1,31
"Half finished, so many promises unfulfilled...",False,1,194
"Loads of promise. Ultimately let down by an egotistical developer who has refused to continue developing the game and has moved on to other projects.

Don't ever buy a Double Fine product again.",False,3,517
"The game had a lot of potential and a strong foundation, but at the rate of development it had it would have taken another full year or two to get where it needed to be for a truly great game. The game at ""release"" is incredibly hollow and honestly this is a black eye for Double Fine.

Do yourself a favor and get yourself Startopia instead.",False,0,1496
Unfinished and abandoned,False,3,3315
"Not a never ending story, but a game never completely developed.  Gives indie games a bad name.",False,1,671
"If the developers had not abandoned this game, it would've been amazing! It's too bad. Don't waste your money on an unfinished project.",False,1,1776
Another example of kickstarter gone bad.,False,1,166
"To put it plainly; I loved this game. ""Loved"" being the key word. The devs abandoned this game. It had great potential and much promise, but they threw all of that away. I'm deeply disappointed.

If you want to buy this game, by all means, do so. At a discount. Never for full price. Because why should you? It's not finished, and it never will be. So why should you pay full price for something that isn't even finished?

Again, it isn't a ♥♥♥♥ game. In my opinion anyways. It's just not finished. So expect bugs. Expect crashes. Expect a ton of nasty ♥♥♥♥ to happy and be there. 

Anyways, I cannot recommend this game because it isn't finished. 

in summary: What was once 4/5 is now 1/5. DO NOT BUY UNLESS IT IS ON A GOOD* SALE. The end.

*A sale being at least 75%+",False,1,469
"its been 6months !! where is the next update??? 
com'on !! update update update update !!!!!
:)",False,0,318
"Could of been a great Space Station Sim, but the game was discontinued from it's publisher. Last time I use Kickstarter to find new games.",False,0,2133
"During development, I would have recommended.  Updates came through - project was going somewhere.

Then Bam - end of development - left unfinished.

Got my moneys worth playing it, but don't feel that anyone buying now esp at £14.99!  will get a good deal.

Shame.  This has made me more aware of EA and especially DF - will be very careful about selecting their titles in future.",False,1,986
"Unfortunately this game is a bit of a disaster. DoubleFine supposedly had to cancel this game and release a final version early after finding this game to be uneconomical. A shame.

Time for the good/bad/ugly.

The Good:
[list]
[*]The art style is nice
[*]Oxygen simulation works well
[*]Characters have moods and these change according to what happens
[/list]

The Bad:
[list]
[*]General lack of features; boredom does not take long.
[*]Building a large base is not difficult, merely very time-consuming.
[/list]

The Ugly:
[list]
[*]The AI. DEAR GOD.
[*]Seriously, half of the time people don't do their &!€$@# jobs.
[*]I'm not kidding. Characters manage to kill themselves REGULARLY.
[/list]

Don't buy this unless you love bad games (also source code is now free according to comments)",False,141,423
"Don't buy this game. It's more likly not what you want to play.
For a long time I had really great hope for this game and especially Double Fine Production.
I bought this game in Early Access stage and the game is nearly in the same stage.
I just feel like I got scammed for my money.

Well at least I learned a lesson: No more early access for me (only if the EA-Stage is really stable and playable) and no more Double Fine (before this game I was like,  this company is awesome. they only make good games and such).
Well you fooled me :p",False,1,626
10/10 would get screwed again.,False,6,246
"Dev's abandoned this game.
Don't buy it.",False,3,365
"I actually liked it, despite all the bad press. Solid little bit of fun.",True,1,766
"This game had so much promise, but it all got more or less abandoned by Double Fine a while ago, they basically said that the modding community will have to complete the game for them now as they've run out of time, money and other rather petty excuses things considered.
Don't bother with this.",False,0,29
"It was left in a half-finished alpha state by the developers because they decided they couldn't be bothered to devote the time to making a sold game.  Double Fine has a good track record of great games, which prompted the community to buy into the early access purchase model.

Don't give Double Fine the benefit of that level of faith ever again.",False,1,2964
unfinished game crashes all the time,False,8,344
"As many others have said, the game has been left unfinished with a middle finger up to all of us who bought it in early access.",False,79,103
"Not as wide as their ambition initially set out to be, but still has many hours of fun space station management to be had.",True,0,2160
"The game was released unfinished, while it promised the world to the pre-purchasers and Early Access-ers, it did not deliver, and mocked that the gamers, the pre-purchasers and the supporters, were the ones who would have to finish the game for them, after all, they made their money and ran.

Would not buy again, and would not support the company again.

Gameplay is stunted as a result of the cutting and running. Features are sparse. Graphics lackluster. Scope is smaller in scale than promised.",False,2,336
"There is nothing more infuriating than an almost good game.  I really like the concept and mostly still had fun playing it.  The game has an annoying tendency for bases to implode (figuratively) for no discernible reason ruining hours of work. The game has no easy ability to save and as far as I can tell no way to have multiple games at the same time.  People are made of tissue paper.  Fights break out and the player has very little control as the denizens pummel each other unconscious.  I have had airlock glitch and deplete the air in the base and suffocate people. I have had people run screaming past fire-extinguishers while their co-worker's burn.  The lack of ability to prioritize building often leaves a room only a single floor tile left to be constructed.

If the issues that make it un-playable were fixed then I would change my recommendation but until then a waste of money.",False,0,603
"Would you like to hear a joke? Okay, here it goes:

Q: How many people does it take to make an indie game?

A: Sixty five full time game developers, and countless modders to actually finish it when the former group decides it can't be bothered anymore.",False,65,2158
Defs abandoned the game unfinished. Dont touch it at all. This is the first and last Double Fine game I will ever touch.,False,0,343
"Huge learning curve on what to build and when to build it.

When you invest the time and knowledge the game hits you with the most 
♥♥♥♥♥♥♥♥ mass raider attack that destroys your base and all your work.

Thanks DoubleFine.",False,0,1052
"Last early-access game I buy from Double Fine.

Showed lots of promise, but development was painfully slow. When people stopped buying it, reather than fix the issues, they pulled the plug.

Leason leared.",False,1,1232
"Even if you get DF-9 very cheap (like I did) and not expect a lot, you will be disappointed.
It's kind of a space station sim alright, but
1.) the gameplay does not have any depth to it - hardly any resources to balance etc.
2.) it just feels bland and boring after a very short time, there are no goals / challenges
3.) it's bugged. not in a ""it crashes"" way, but in a ""it constantly kills your space station with peculiar mechanics details"" way.

What do I mean with that? 2 Examples:
In the tutorial mission, I ordered the removal of a wall. Funny enough, the floor got removed as well (the difference between the 2 available remove/disintegrate commands was not explained"", so I had a hull breach in the corridor.  To fix that, one of my builders would have needed to use an airlock - which was on the other side of the corridor. Result: dead end, start a new station.
On the new station, I build the most important new structures (generator room, oxygen source, airlock). Unfortunately, all 3 residents randomly ended up on the outside of the airlock, making it impossible to finish building it. Everybody suffocates. Or maybe the airlock did get finished, but failed to operate because all 3 tried to use it at the same time... I don't know, I will not try to find out. And I will not start a new game.

Funny thing is, from reading comments here, I now know that in the less than 2 hours tutorial play, I have already seen everything there is in this game. The only thing that would have been left for me is build the space station bigger with more of the same kinds of room. I thought I was too stupid to make proper use of the ""derelic vessel"" parts, but it turns out it's because they are useless.

Well, time to move on.",False,0,129
"This game barely qualifies as a playable demo and now the developers have abandoned it, unfinished, by slapping a ""1.0"" on the product and saying it's complete.

Only a fool would buy this game, for any price. It's a con job, pure and simple. 

There aren't enough thumbs down to adequately review this game.",False,2,1821
Wish I could get my refund. DO NOT BUY! GAME HAS BEEN ABANDONED!,False,2,350
Just read the community page and you will understand why this game is rated so negatively.,False,1,338
The game died before it was finished so unfortunatly it is not fine.,False,1,142
"This game is probably the most notorious vaporware game in Steam history. The developers at Doublefine were on a roll with a great game, and out of nowhere cancelled the project without finishing the game due to funding issues. Not to mention they didn't even open up Steam workshop support so Steam users could finish it for them. 

The worst part is that it was a fun game a couple versions before Doublefine abandoned the project. However, when they abandoned the project they released a final patch that sends swarms of raiders to attack your base so frequently you can't build, and your citizens are constantly sad or angry. It's unplayable now because you can't send your citizens outside your base to build,mine,explore,etc without them being killed. And I'll point out that this is in the Extremely Low threat areas of the galaxy map. To me this seems like a final insult to all of the people who paid good money for what was a good game. 

I for one will never purchase anything from Doublefine again, and I can't see how this could fix their ""funding"" issues because the PR nightmare of this game has killed their reputation. My recommendation to Doublefine is to reopen this project and satisfy their customers, as it's the only way they will save their company. 

My recommendation to anyone thinking of purchasing this game in it's current state, is don't!",False,10,14480
"This ""game"" is completely unplayable. You are unable to build most of the things it shows in the pictures/video because the untis will just bug out and not do it. Do not waste your money. Do not buy this game.",False,2,50
"I've finally decided to give the ""release"" version a full go. After completing most of the goals in the game I've come to a conclusion:

DF-9 does not hold up to its promise. Not by a long shot.

Aside from the fact that fact that Double Fine abandoned (I do actually understand their situation) the game long before their planned goals had been implemented, the unfortunate truth is that what we do have isn't finished either.

Most prominently the power system. Without an actual power meter (like we have for O2) your base will just suddenly lose power if you've built too much. You have no useful way of knowing when to build another reactor. The devs expect you to hover your mouse over each and every room and sum up the power consumption in your head each time you want to take inventory.

Next up is the ""story"" of the game. One of the last versions must have shoehorned this in because I don't remember it from Alpha5. Basically at some point the game will spontaneously throw multiple raider ships and raider astronauts at you in bulk. I've you've managed to build your base accordingly by then: congratulations for figuring out the simple and boring strategy needed. If you haven't? Well, you can start all over again.

Then as you continue to play and expand your base to meet the other goals you'll notice how the game becomes increasingly glitchy.

And speaking of goals: The ""build all the things"" goal isn't even possible. I tried. I built everything there is and allegedly I'm still missing something.",False,164,2008
"(I wanted to redo my review for a better viewpoint and whatnot. This review also comes from someone who played early access, and played post realease)

I can say, that the concept for this game was great! A spacebase that half the time acts nicely, and runs like clockwork, then raiders show up and wreck s**t up. I was really excited when I heard this, and boughtit in early access. When I bought the game, I thought it was doing quite well for an early access game, and I enjoyed it!

But, there were some signs that the game development was having problems. Updates, weeks and sometimes months apart. And these updates were adding barely anything to the game, and even bug fixing was quite slow. The AI, was and still is unbearable. And will do stupid things. The variety of things you can build in specific rooms is extremly limited.

And, of course, this game was pushed out the door, being realeased way to early. An example, was that your station's power supply. That was not even a factor until the update before realease. Reasearch was the same story, the update before realease. And the tech tree is pretty much worthless in the game anyway. If you looked at the planned features for this game, they say that they were possible ideas, but some of the content they said were possible are needed in this kind of game!

My last words on this are, Don't buy this piece of ♥♥♥♥, in fact, don't buy any sort of thing from Double Fine, unless you can at least make sure that production will finish on the game fully

2/10- Fun for an hour or two, but no storyline, not enought content, and lack of any new things happening after half an hour of gameplay, makes this game awful. Classic example of why you should buy early access games unless they are dirt cheap and you like the idea, or if you have a undying love in your heart for a concept that someone using early access is trying to make. 

Long story short- STAY AWAY!!!",False,2,2983
while i did have fun setting up stations and playing this game i paid for a full product but double fine cutloose when the money pool dried up,False,0,588
"After reporting a number of bugs during the beta and finding out they ""dumped"" any and all support for fixing all the issues they created, after all the promises they made regarding contents and then falling short after a year by breaking those promises by lumping all of it on to modders to do their work (and didn't even bother giving a proper source or knowlegebase on modding) and after hearing the huge excuse they ran out of funds and are moving on to other projects...

I suggest people avoid this broken title for what it is. A bunch of promises built on a faulty engine left to the players to fix what they broke. Don't give them your money, you'll simply regret it.",False,3,3169
"Okay let me first praise the idea behind the game and say that when it works properly and gets a little tuning in the .ini files...it's fun.

However, since the game is impossible to play and is nowhere stable enough to be considered a fun experience I cannot recommend this game to anyone.

Game is garbage-ware.",False,1,2076
Straight from Alpha 1.06 to Released. This game was abandoned by the developers and we will likely not see anymore updates. The game as it stands is at best inspiration for a future game. Don't waste your money and don't support these developers in the future.,False,0,192
"Clearly unfinished. Very disappointed in how DF dropped this game mid development and stamped it as complete. 

A testament to why backing a game pre-gold is a risky investment...

IMO do not buy this. I love games along these lines and this is just hands down a complete failure.",False,0,693
Very little content for the price,False,0,473
"Time to beat a dead horse.

Look at that description.  Look at those screenshots.  Looks pretty sweet, huh?

Well, it would be, if it was finished.  Instead, its a half finished, barely playable tease at what could be a good game.

If progress was half that of Prison Architect, Banished, or other similar games of the genre, this game would be worth it.",False,0,175
"I regret every cent i paid for this game. It is near impossible to gain control in this game before it starts to cave in on itself. 
It throws way too much at you from the get go and the AI is out to screw you over from the word go. 
My verdict: AVOID AT ALL COSTS!
This game alone has taught me to never trust the 'Early Access' title ever again.",False,2,88
Do I get my money back yet?,False,0,417
"Totally abandoned by Double Fine. What a rip off. I'm disgusted that they can say ""it's finished"" when it's so obviously not.",False,0,534
"V A P O R W A R E
A
P
O
R
W
A
R
E",False,2,370
It really is a shame it has not gotten any updates. Would have been good if it was flushed out but sadly its unfinished.,False,0,551
"Unfinished, broken, buggy, early-access-scam-garbage. Sadest part is I was having fun, hoping the concept would end up being finished. Nope. Abandoned to never be complete. 

11/9.5 would love getting scammed again!

Want to waste money? Buy this game.",False,0,751
"Now this is the very definition of a disappointment: there it was, a game concept that was absolutely bang on with all the bones to turn it in to a bit of a powerhouse colony building game and then... nothing.
Literally... not a sausage.
They did their final polish, which really wasn't that shiny, and then the whole concept, engine and general U.I. has been entirely ignored and dumped and at the price they were asking for at the time it was a masssive slap in the face.  More so to those of us that have a harrowing love for all that is Double Fine.
It's maddening!
One day they put their love in to games like Psychonauts and Iron Brigade with DLC that's worth a damn and then they drop a clanger like this and without a single explanation why (or at elast none that I can fathom).
But then I pick up Hack 'n' Slash which is some properly INSPIRED gaming.  I loved that.  It's like they got bored and skipped on merrily.

I want to like Spacebase DF-9, and in some ways I really do, but I can't, in good conscience, suggest to another person to purchase this game because it is clearly not finished at all.  Perhaps, in the fullness of time, someone might come back to it, or a fanbase works the source code to turn this game in to something beautiful (and then get Double Fine to publish for them - it's the least they could do, imo...) but until then I'm going to warn players away from this game.

If you're looking for something mildly similar, there's The Spatials on Steam, Rimworld and Sol 0 that, at the time of this review, are still entirely independant.  I'm utterly loving Rimworld.  But not this... :(",False,0,306
"Good game. Can be hard at some points and some features are a bit weird...
Found problems where citizens who are set as Technicians dont actually repair your machines so you eventually die...",False,4,739
Abandoned by devs.  Never support this company again.,False,0,45
"My AI stood in an airlock until they died of starvation because they could path to a fire in a docked hostile ship.  If you like terrible bugs that make a game unplayable, I'd recommend the ♥♥♥♥ out of this game.",False,0,94
Kind of a lame game at its current point. you just kind of get into the routine of mine more to make more space for more people. its sort of quirky but gets old fast. Frankly not worth the money.,False,0,271
"One to Avoid. See Towns /Godus as an example why

It was overfunded by three times its requested KS value, DF development pace was ploddingly slow and then they claimed they had run out of money. This all before they implemented the significant portion of the game (At the time they had barely gotten Oxygen balance working).

The game itself, is basic.

You plop down a square box room, stick a ""magical"" oxygen generator and a power generator. Oxygen pushes your people out of airlocks if theyre built badly. Combat is buggy and broken, as are the ""hidden"" space wrecks you can come across.",False,1,251
"Despite not having spent much time playing this game, it was an immediate diappointment from what was originally promised.  I had originally purchased this during Early Access, which of course, always means a certain risk the game will not be completed.  That is exactly what transpired with this particular title.  Essentially, the developers were unable to raise enough money to continue to support the game, so it was rushed into release.

As I enjoy sci-fi sandbox games, this title had tremendous potential, but failed to deliver.  What little time I have spent playing the game have made it obvious it is an incomplete product.  As it appears no additional development will be transpiring, or it will be slowed to a creeping halt, I recommend avoiding this particular title unless something changes.",False,0,13
The games alright,True,0,219
"Early access should really mean ""early access to a finished product"".

This was not the case.

It looked nice, had a good vibe, and I was following it pretty keenly. Then the people who made it gave up. I can understand their reasons. Things went wrong, they can't be expected to work at a loss. It's frustrating for all concerned. I can't recommend it, as it's unfinished, but I can understand how everyone, developer and customer lost out here. That's the nature of the beast I guess, it's just pure bad luck and bad planning.

I hope lessons were learned, and wish them the best in the future. Maybe if they have success with something else down the line, they could revisit it and pay back the funders one day?",False,0,241
"I was excited with this game early on, but it hasn't been updated nearly as much as I had hoped.  I do not currently recommend it.",False,0,100
its ♥♥♥♥♥♥ bugs and everything. all the buyers left to wait for an update thats never going to happen. well ♥♥♥♥ you too DF.,False,0,1476
Unfinished (And will never be...) game!,False,0,179
"Don't waste your time, or money, developer gave up on this game and it never lived up to the hype.",False,0,41
"The game could have been good but its so broken beyond belief I can't believe it.

So you can't control the citizens in any capacity, so whether or not CRUCIAL jobs get done is based entirely on whether or not the broken clunky AI wants to actually do it.

I cannot tell you how many games I have lost because the AI refused to get back into the station and simply floated aimlessly around in space until they suffocated.

Beyond that, you run out of ♥♥♥♥ to do absurdly quickly there is no goal, no mission, no midgame, no endgame it's painfully obvious that Double Fine has abandoned the game (saying its finished) as a means to save face and avoid backlash and run away with the Kickstarter and Early Access Cash they got given.

♥♥♥♥ this game, get Rimworld or Startopia, do not get this game.",False,0,146
"Its a good game but at the same time, very sad that the devs don't even care about it anymore and don't give a single f**k about their fans. My advice, don't buy that game until the devs update it, cause for now this is a lost cause..... :(",False,0,389
"it's like prison architect in space, but instead of being good it's actually bad",False,0,148
The game was abandoned before it was finished. Source was released without a proper license and the development team was fired. Avoid at all costs.,False,0,94
"We got ♥♥♥♥ on for pre-ordering this game... Plain and simple. Concept is ok, but as you can see... They just stopped working on this game... They added a ♥♥♥♥♥♥ tutorial in order to ""release"" it, now it is dead.",False,0,349
"This is not what I would expect from Tim Schafer or Doublefine.

There is not enough game here to be worth the money. Many of the features that were originally promised have been dropped.

Developer seems to have just washed their hands of the project and moved on.  Still has some bugs.",False,0,271
"To be honest, I was entirely satisifed with it's progress as it was being made. Fairly reguar updates adding lots of new content and improvements... and then out of nowhere they ""launched"" straight from Alpha. I have to imagine that this was a hard choice on their part, and left a lot of hard working devs sad that they'd never get to see the finished product. It can be fun, but it's not nearly finished and super buggy, so while I apprecate the effort, I couldn't advise spending more than 5 dollars on it max.",False,1,1350
"Worst Early Access game I ever supported.  Rush-released and then dropped by Double Fine, this game truly has more bugs than ant-eater poop and less content than the vaccum of outer space!!

Go Double-Team yourself Double Fine!!!",False,1,668
Game is unfinished and will never be finished. Even the little amount of content this game has is broken and I run into constant bugs. I highly do NOT recommend this game.,False,1,205
"Unfinished game, had promise but ruined by lazy developers. DO NOT BUY",False,2,804
This game is not finished. They consider it a release version so it probably never will be,False,8,285
"Early access is always a risk, so I choose carefully.  I liked double-fine and did not expect them to utterly betray their backers this way.  The game is buggy & unfinished.  I will never back a double fine project again.",False,2,616
"Horribly unfinished, rushed release. Avoid at all costs.",False,1,157
"I really wanted to like this game. I saw it featured very early on and picked it up. It was ok, there was a decent core game, but there were some bugs/glitches etc.

This was when the developers were updating the game.

Since that time, there have been very few, limiting updates. To my mind, there is no real point to the game. The whole thing about choosing where to have your base is very cool, but in reality there is little to no difference. There are lots of rooms you can put down, which is great, but I can find nothing to do apart from put all the rooms down and defend myself against the waves of baddies.
Which leads us onto another problem: Combat
If I was to be nice, I would say that the combat was... flawed. The truth of the matter is that even when you assign people to security, and give them a place the have to defend, if they are talking or playing a game or eating etc, they will simply ignore you while the baddies are quite happily blowing the c*** out of your base.

There are many bugs with game, including the priorities problem as outlined above. This was ok when the game was in development, but now that the developers seems to have abandoned it, there are too many for it to be considered a full game. 

That basically sums up my review. It had promise, but there is not enough actual game or polish for it to be considered a complete game. Save some money, go and buy Prison Architect or donate to/download Dwarf Fortress.",False,2,186
"I think this is a great start to a game.

I really want them to keep working on it.

I realy really really want to trust Double Fine again.

I wish I could recommend this game, but it is... not a game.

Shame, really. I was so sold, from the prototype, to development, to the miserable, shameful end.",False,1,2914
The last early access game from Double Fine I'm ever going to buy.,False,1,838
"It needs to be fixed, updated and it needs a steam workshop, if the creators of this game won't fix it let the modders fix it. I was sadden that this game was not what I hoped for. You have to build fast because your first three 'helpers' run out of oxygen fast. Power and oxygen are the hardest to maintain. People die fast and raiders don't make it any easier, they attack sometimes right off the bat before you even get started.",False,1,344
"Avoid game, and avoid Double Fine Studio.",False,0,134
"It's fun, but only for all of a few hours. Maybe it'll be worth a few bucks, if you don't mind trying to micromanage horribly idiotic and suicidal NPCs which aren't designed to be micromanaged. Whatever else I would say has been aid many times over in the other negative reviews. The game was never completed, it was abandoned in development and what you have here are the fragments. It could be a great game if someone were to finish programing it.",False,0,1016
"Spacebase DF9 is a complete wreck. I wouldn't recomend purchase for anyone. I can barely play the game before it wants to crash. When it does want to play, it's riddles with problems. Double Fine abandoned the game due to lack of funding, and I get that. It really sucks. But with that, I don't think I will EVER get another Double Fine game again. Severly disapointed.",False,0,61
"No, No No, NO!",False,0,364
"The game has a lot of potential and it could be great with few fixes like the raider frequency as they show up way to much and you can lose your whole base within 15 mins, also starting credits is laughable since you need 3 areas to start, and have just enough to make areas small enough to just supply your starting base but make any room too big and you have no way of fixing it. Developers are not working on the game anymore and it shows, seems they want the community to make mods to make their game playable. After playing through and getting to a point where I thought everything would be going well I got attacked by 40 raiders and lost the whole game, and without a save system I wasn't able to save anything and so everything ended because of a useless system and poor programing.",False,0,905
"When I first saw it,  I was amazed. I love Dwarf Fortress. I love Tim Schafer. This game couldn't fail.

In Oct 2013, they released a roadmap for the game. The roadmap was paraphrased by me b/c of word limit in review.

This is the roadmap they gave:

FOOD
deleted the info for review

CARRYABLE OBJECTS
* citizens visibly carry around arbitrary sprite/3D objects
* citizens can stash stuff in an inventory
* when people arrive, they have a suitcase 
* players build shelves for people to put their stuff on
* a single item of stuff can have multiple tags describing it. citizens have affinities for these tags
* citizens trade stuff w/ each other
* roaming traders will visit the base 
* ""litter"" objects that citizens w/ low neatness personality throw away
* janitors pick up litter
* janitors clean up bloodstains, body parts, other cosmetic damage

POWER SYSTEM
* unpowered rooms go dark (emergency lighting) & objects in them don't function
* reactors only produce X power, then you have to build another
* factor new need for reactors into starting matter allotment

MINIMAP
deleted the info for review

BASE HISTORY SCREEN
* a permanent timestamped list of important base events: citizen joined, citizen died, ship docked, etc
* in-game screenshot key that pops up a ""write a caption for this screenshot"" box, screenshot + caption is added to the timestamped list
* base history is stored locally in save dir as HTML + linked images, each base has its own dir
* base history is also mirrored on a hosted server

BASE STATS SCREEN
* auto-show stats screen after base fails, ie everyone dies, ""game over"" state

MULTI-LEVEL BASE CONSTRUCTION
* UI for navigating multiple levels
* rendering tech for showing multiple levels
* build gravshafts to allow citizens to travel between levels
* ability to build railings for safety

TAG SYSTEM FOR LOGS
deleted the info for review

ASSIGN PEOPLE TO ROOMS
* assign a security-duty citizen to a room to have them guard it
* assign any citizen to a residence to have them use it as their quarters
* normally, a citizen will ""claim"" an unused bed & the area around it
* citizens decorate their living space w/ their stuff (see ""stuff"" above)
* people protect their spaces / become annoyed when strangers or unfriendly people intrude

""LEARN TO PLAY""
deleted the info for review

TELEPORTERS
* create a functioning teleporter
* UI for selecting which teleporter goes where (dynamically changeable)
* teleporter accidents: could hurt/kill people, scramble their brains, turn them evil (goatee Spock)

METEOR STRIKES
* shield generators generate shielding to repel meteor strikes

MISC UI
deleted the info for review

EMERGENCY DISTRESS SIGNAL
*calls for rescue people / immigrants to show up & save your base

BASE NAMING
*first oxygenated room comes online, base is considered ""established"" & prompts you for a name

STEAM WORKSHOP
* built in savegame sharing!
* mod support!
* ""mods"" subdir where user-created scripts patch base game lua files at runtime
* provide uncompiled lua source for gameplay-relevant classes, eg Character.lua, to support modders
* allow PNG sprite sheets - lower performance than tex format in exchange for easy moddability

BARTENDERS
* customers give orders to bartender
* bartenders serve food
* skilled bartenders make people happier
* citizen drunkenness
* drunk citizens make mistakes while doing duty

CITIZEN FIGHTING
* citizens who dislike each other will fight
* risk of injury & deepening mutual hatred
* security can stun violent people
* drunk citizens more likely to fight
* low morale citizens are more likely to fight

SPACE MADNESS
* become violent, grabbing a rifle if available

DOCTORS
* doctor duty & infirmary zone
* doctors unassigned to infirmary patrol the base
* citizens seek out infirmary when hurt/sick 
* doctors use tricorder-like first aid
* better doctors heal people faster, bad doctors have a chance to hurt them
* revivabed object for infirmary: only way to detect parasite infestation or cure some diseases

CONSTRUCTION TOOLS
deleted the info for review

MISC LIFE SIM
* ""skill point distribution"" for generating skill set on citizen spawn
* citizens can get nicknames
* ability to flag citizens as hostile / suspicious (security will keep an eye on them)
* citizens have to reach a locker to change duty
* citizens become annoyed if environment is noisy while sleeping (low-traffic residences)
* ""watch video"" activity tied to monitors
* sportsball matches viewable on monitors
* high morale = skills go up more quickly
* citizens put on duty-outfit when they go to do duty, remove it when starting other tasks

SOCIALIZATION / AFFINITY AI
* people prefer to chat w/ friends, unless gregarious personality
* people have +/- affinities for objects/rooms/people w/ certain qualities
* people spread gossip about people they dislike
* trends: popular people influence the affinities of less popular people
* fashion accessories signify social affiliation
* new concepts introduced by immigrants & trade

PERSONALITY TRAITS
* introverted/extroverted
* gregarious/shy
* vindictive/forgiving
* angry/peaceful
* neat/messy
* religious preference

AFFINITY/CONVERSATION TOPICS
deleted the info for review

TECHNOLOGY
* scientist job
* research lab
* blueprints
* scientists can construct blueprints by research
* blueprints can be discovered aboard derelicts or immigrants
* starting conditions determine technologies you have access
* take dead hostiles to research labs to study them
* eventually, how to deactivate killbots & reform them into friendly

VISIT A FRIEND'S BASE
* hangar bay zone where shuttles can dock
* load citizens onto a shuttle
* shuttle leaves, your friend gets a visit request
* if accepted, your citizens disembark inside their base, walk around & have adventures
* return to your base
* travelers preserve any stuff, experience, technology etc that they accrue while visiting another base

BASE DEFENSE
* attackers show up in derelicts, docking ships, etc:
* killbots
* murderslugs
* invaders breach base walls & invade from the outside
* exterior base defenses
* build traps to capture/kill invaders:
* tripwires that can be scripted to doors, other traps, depressurize room, etc
* laser grids/auto-turrets/stun nets
* brig zone
* monster domestication/breeding!
* variety of weapons
* flamethrower
* gravity gun
* plasma cannon

FUNERALS
* will either be recycled at matter recycler or spacecoffin
* small service may be held w/ the citizen's friends
* attending service raises their morale, ie no service, will have a harder time grieving

ROBOTS
* robots join your base as citizens
* normal - subservient to organic life, perform the duty w/out question
* rampant - gained self-awareness but hate all organic life, they produce more killbots
* enlightened sentient -become sentient, develop personalities, change their names, live normal lives

LAWS
* ability to pass ordinances

COMPUTER TERMINALS
* write Lua to script control of environment objects, robots, etc

PLANETFALL
* teleport down to the surface of planet(s) you're orbiting
* discover abandoned bases, alien life, friendly or hostile sentients

HOLODECKS
* build vast zones that can reconfigure their geometry for entertainment/educational scenarios
* costumes for holodeck scenarios
* holodeck malfunctions:
* glitches that partially reconfigure the geometry of your base, eg ""half your base is now a medieval castle""
* holo-actors can break free & wreak havok in your base, eg ""cavemen & cowboys are attacking everyone""

""HISTORICAL SCENARIO"" ADDON PACKS
* props, tiles, costumes for sandbox storytelling in famous sci fi settings: alien, star wars, 2001, etc

TIME TRAVEL
* events deemed timeline-critical 

-----

This never happened. Less than a year later in Sept 2014, they announced they were going from Alpha 6e to v1.0 with way less than 40% of the roadmap in the game. Thumbs down.

If you are interested in a game like this, check out Star Command Galaxies (not on steam yet) or The Spatials.",False,0,1329
"I would really love this game if it wasn't for the few super annoying bugs .. like e.g. the AI just randomly decides that your perfectly functioning airlock is not going to be used due to a dead body in front of it, and all your builders, miners, new recruits, etc. asphyxiate just because they didn't feel like using the airlock

There have been plenty of changes since the last time I tried this game a few months ago (still in pre-release), but apparently they haven't cared to fix the actual game breaking bugs, instead they've added mainly useless new features.",False,2,756
"This game had a lot of promise. They ""ran out of money"" and it turned out to be barebones after release. This is an example of why buying an early access game is a roll of the dice. You are NEVER guaranteed a complete game. If you are, you're being lied to. The only incentive these people have to complete the game is the promise of more money in the future. If they know their product is crap or they see that no money is in the future, then expect the dev to drop development. If you don't like it, don't buy early access.",False,0,593
"As you can probably tell by my hours played, I was a huge fan of this game while it was in development. I could live with the bugs, knowing it was all an Early Access alpha, and that it was being worked on regularly. Some day, it would be finished and fun.

Except that never happened.

Tim Schaefer himself gave the order to pull the plug on development, claiming that not enough people bought the game during Early Access to fund the development. That's right, the business ""plan"" was to use Early Access money to fund the actual game (smacks head).

If they'd done a standard crowdfund (like Kickstarter) and said ""We need X dollars to make this game"", they probably would've gotten the money because, you know, Double Fine -- but, apparently, they completely misunderstood what Early Access is for (hint: it's not for funding the majority of your game's development).

Short version? Same as everyone else has been saying: the developer abandoned the project, but called it finished anyway. It's not finished. Do not buy.",False,2,18873
"Wow... Had a lot of potential, but the product that Doublefine crapped out here.. I won't be buying anything else made by that ""game"" developer.

The project is abandoned and unfinished. The build number claims to be 1.06, but it feels more like a 0.7 beta. Nothing is balanced and I encountered several glitches. This game was made to be modded, which in this case means the dev handed over game development to the players instead of finishing it. I would be happy with some awesome mods that finish the game out, but there is no workshop support.

After four or five failed bases I thought I had got the hang of it. I had beaten every disease and easily defended against 20-30 attacks. Then a wave of attacks hit (they often come in threes within seconds of each other) and I took out the first two no sweat with my five man security team with a combined star rating of ~14 out of 25 (which is quite good). Then the last raider boarded all by himself, and killed my entire crew.

I was boarded by the main antagonist of a space pirate anime apparently.

I would have researched better weapons and armor, but my two man scientific team were busy trying to develop anti-viral air scrubbers to counter the relentless spread of disease.

My entire population was 18. 5 Security, 2 Scientists, 1 Bartender, 2 Doctors, 1 Botanist, 4 Miners and 3 Builders. They were all busy non stop. Also, they were all assigned to professions that made them 'happy' and I had every accommodation in the game available to them in abundance, but they were all still sad/angry. I had only lost one crew member to a sudden chest bursting that I don't think could have been prevented.

I really want to play this game. It is really fun up until that moment that it becomes overwhelmingly unfair and you lose three hours worth of work. Maybe they made the game so hard to compensate for the lack of content. Every so often something comes along and takes out 90% of your crew. Then you have to build back up, thus 'adding' more game play. Not fun.

I give this game a 3/100. I'm going to give it one more try because I am stubborn, but I have no expectations other than a severe cussing fit.",False,0,959
"I purchased this as an early-access game, and it was mildly amusing then. I knew it was a pre-Alpha at the time, and so the fact that there was nothing really to do beyond build a few rooms and poke around wasn't a big deal. It never improved, though. The developer simply released the game in its unfinished state. At best, it's simply a bad investment. At worst, it's exploitative abandonware on the part of the developer.",False,0,267
I used to think positively of Double Fine... I don't know why anymore.,False,0,142
"A prime example of how Early Access should be very much taken lightly.  

Double Fine have quite literally taken everyone's money, pumped out an extremely low-grade ""game"" if you can even call it that in this buggy state and left it to die.",False,0,668
Most broken game ever! After 6 attemps I only managed people to open the airlock and get sucked out to space or standing before the airlock and doing nothing!,False,0,114
"This game had incredible potential once. Once because then the devs decided to abandon the game. Extremely buggy and nothing is being updated anymore.

Avoid unless you don't know what to do with your money.",False,0,994
"Looked like a decent game wiht some promise, but the last update was 11/2014 and has since been abandoned.",False,0,748
Unfinished.,False,2,846
"Developer has cut the umbillical cord to this game. Game is drastically unfinished, barely playable, and there is no more support provided.

Do not buy.",False,1,2960
"Not worth it, was an early access game abandoned by the publisher, they basically pushed the tutorial thru and called its version 1.0. Most of my hours were on the various updates while it was in early access, honestly the game is fun for awhile, and most of the fun was some of the aniticipation as it was developed. Now there is no story, and not a whole lot of depth. Worth it for the 3-4 hours of gameplay you will get out of it if it goes on sale for $1.99, otherwise dont bother. Really no replayability, even with random events.",False,0,3264
stay a way from this pit of sadness spend your money on something better,False,6,864
"pfff!! lol what is that game!!     stay away from it, doesnt worth to waste space on your hard drive lolll",False,0,3324
Early access to abandonware.  Epic fail.,False,3,540
Could have been great.,False,2,1358
i bought this game last year it had a bright future but it way to buggy and most of all the crew are retarded you can never make them happy and your base will fall apart no matter how many people you have there to heep thing together. this game is now dead stay as far away from this game a possible.,False,0,673
"This game has been abandoned, simple as. Do not purchase it, as the game itself is very much in the realms of ""Maybe it will, maybe it won't""",False,0,82
"They made a really great prototype for a game, but after selling the idea it seemed like all development stopped. Their ""release"" is still an unfinished, alpha-quality project, full of bugs and gaps. The world lacks purpose and is obviously still a template for what they were planning to do but never did. Their feature timeline was scrapped at the last second and now this once promising game is a sad letdown of lost potential. Their general treatment of the issue and the game has caused me to regret my purchase and I will no longer be supporting the developer's future work.",False,0,266
"While I've enoyed Double Fine's games in the past, DF9 has left a very bitter taste in my mouth and in the future I will seriously reconsider before purchasing another of their games.  This game was the first time I made an ""early access"" purchase and it has completely burned me for the whole concept.  I played the game whil it was still being toted in Alpha and it was a clunky mess with no tutorial.  While I was able eventually able to navigate the cumbersome menu setup and get the base setup the game just kinda plateaued at that point and just never got very interesting.

Eventually a tutorial of sorts was added but it had a persistent bug that prevented it from being completed.  No matter what was done the tutorial messages would persist on the screen despite having completed the objective.

Bottom line, avoid this title at all costs.",False,0,74
"Spacebase DF-9 is a really fun game for me to play.  Yes it has aspects that is so unfinish and I wish the development team did not give up so soon on the game as I know that there is lots more that could have been added to the game to complete it. I want to find modders to complete the things in the game to make it no reach the potential it has.   The game is playable up to a certain point then bad things happen and its hard to turn it around.  Is it a long term game? As the game stands now, No, dont know if there is anyway for some other team to come in and finish the game.  I hope so as this game would be oh so much more and was heading in a great direction.  I remembered playing Space Colony and loved it, and this reminds me of that game, but instead of being on land this is set for outer space outside of a planet.  I bought this game knowing, reading all the bad comments knowing that I still like the promise this game had to offer, and the price was really low because of the bad press.  I play it when I am bored, but because of the unfinishness of the game I never last long playing before I quit and move on.  It is a game for other developers to understand what gamers want in these kind of game so that they will make a better product next time as we all looked forwarded to this game but never got 100% of what we were looking for.",True,1,311
"I saw this game being played by Scott Manley (a youtuber, really cool guy tho.) so i bought it as well when it was on sale and played it a LOT, i still do play it, just less often....

reason: it gets repetetive real fast, from a certain point you cant really add much more to your base anymore, it starts to lag a little every now and then and lots of other little annoying things.

Also, when i heard they were quitting development of DF9 i was VERY, VEEEEEEEEERY disappointed, or rather, sad. it seemed like such a good game and had a great future if they added in all they promised.


So far, i would not say i would recommend this game, but i wouldnt tell you to avoid it like the plague. it is just a sad example of development stopping on a great game and it being left half finished.

(sadly theres no 'eh' option, i'll just go with the herd and say not recommended)",False,0,8039
"After playing the game for what I consider is a good chunk of time. I've came to the conclusion that the game has some very promising concepts/ideals. Like when the game is finished I think it will be a great game! Oh whats that? The game is done? There no more updates? Well ♥♥♥♥. The game feels like a buggy demo, and by demo I mean you have to pay 20 dollars AND ONE CENT. If you ask me personally it should just be one cent to buy it, if not free. Would i recomend? No, your gonna like the core ideas and gonna say hey if this was done or if this was added it would be a great game. But saying it wont make it true their just trying to break even on their project. Dont buy this overpriced demo.",False,0,415
I had very high hopes for this game but it is very dissapointing. They haven't finished the game or produced the promised product. It had so much potential...,False,0,145
Abandoned and horribly buggy. Enough said.,False,0,5549
"Going against most of the people here, it seems, I think DF-9 should get a generally positive review.

So you know where my view comes from: I bought this game early in alpha because I had a DF coupon, but I rarely play early EA games.  Aside from a quick try in alpha, I have only played the current 1.06.  I also rarely look in the forums, so perhaps I'm less angry than some.  :)

Bottom line: if you enjoy city/base/island-building sandbox games, you will enjoy this.

I found exploring the game after a minimal tutorial enjoyable.  I had several false-starts and refined my base layout as I went.  Lost one decent early base when I learned the difference between tear down and vaporize: when removing a section of wall, vaporize removes everything including the floor.  Everybody was blown out before it could be repaired.

The graphics and animation quality are quite nice as are most of the sound effects.  The user interface is also easy to use in most cases.  It has a few issues when it comes to placing objects, especially ones that go on walls.  Even though they might be hard to see sometimes, the game does not allow you to use the south-east and -west walls interior (hidden) side for object placement.  Turrets are one of the few items that can face in any direction and it can be difficult to place the turrent as it will jump from wall to wall.  There needs to be a manual method to move the selection tile-by-tile.  It matters where the turret's cone of fire reaches.

The AI is perhaps not superb, but so far I haven't had any serious issues with it.  At least, not yet.  Pathfinding seems okay, as long as your base isn't riddled with paths because of doors everywhere.  Picking/keeping a good crew goes along way towards avoiding frustration.  You should also invest some time in keeping them happy.  It can be difficult sometimes, but all of the information you need it given in their tabs.

Sometimes, though, the AI will do something really stupid or annoying.  Like avoiding the conveniently placed fire extinguisher in the hallway and trying to stamp out the fire.  It seems as though the extinguisher must be within the room on fire.

Of course, sometimes it helps to discover or know the AI's priorities.  With builders, for example, it's rather easy to observe their work, or lack of it, and to figure out what they prioritize.  They tend to prefer building floors before walls, and walls before any indoor work, and so on.  So, if you have a room built and while waiting for it to be filled you plan on a new hallway, the builders will drop their indoor work and go add that new section of hull first.

The game's biggest flaw, by far, then is the lack of depth.  Except for the residence and pub areas, every room has only a very small number of objects that you can place in it.  Researching does not alleviate this problem as you really just get upgraded versions of an object or an upgraded replacement model.  That's not bad, but it would be nice to have a number of topics to research (maybe based on your contact with alien visitors) that would give you new objects to use in rooms or maybe even a new room type.

This lack of depth and seeming lack of forward progression after a point seem to be the primary reasons other posters give for giving the game a thumbs down.  These really impact the length of play and replayability more than they do playability, however.

If the poor description of the game that I've given sounds like a genre that you enjoy, you'll definitely have some fun playing.  For how long I think largerly depends on how much you like exploring the mechanics of the game while you learn to play.  Experimenting with various base layouts for efficiency reasons or asthetics also adds some time and depth.

Whatever the reason for DF ceasing development, it seems pretty clear that what has been delivered is a [b]*platform*[/b] for a game.  But, of course, they were supposed to deliver a game.  Fortunately, the platform seems to be robust and moddable and even as-is provides a good amount of fun.

Judging by DF's last announcement, I doubt we'll be seeing anything more from them.  I choose to be optimistic about the game's future, though.  The quality of what they've open sourced appears good enough that I think the mod community will add a lot to the game in time.  I wish DF hadn't dropped it, but they did and there are far worse states they could have left it in.

The game does provide some long term objectives conveniently located under the ""Goals"" tab of the main HUD.  They are more like milestones, however, such as getting X number of crew, surviving the Mega Fleet, or killing X number of raiders.

Finally, price:  It's definitely not worth full price given the lack of depth.  I would pay anywhere between $5 and $10 for it and feel that I got my money's worth.

If you're looking for similar games, I would certainly recommend either Startopia or Evil Genius.  Startopia doesn't let you build the base, but you fill it and manage the station.  It came out some years back so it runs great on most any machine and it's a lot of fun.  Evil Genius has you building a base in your island mountain hideout.  You get to design the whole layout, rooms and hallways, similar to base building in DF-9.  Evil Genius has a lot of depth as you take on nefarious missions or as you build booby traps into your base to catch unwitting good guys.

I hope this provides a sufficiently objective view of the game.  Keep in mind that I'm still playing and making ever larger bases, so it's possible that there are some issues I've yet to encounter because my population hasn't been large enough.",True,5,1452
bad,False,0,57
"This game went straight from alpha testing to full release and it shows... Plenty of bugs leftover, devs left many hopes unfulfilled with this one.",False,2,999
damn ♥♥♥♥♥♥ devs leaving a game half finished,False,6,104
"Like a lot of people I had a lot of high hopes for this game. In the very very early stages it was a lot of fun even for being so broken and bare. Now after all this time the project has been abandoned and no further updates are being released. My feelings on SDF9 are between lines. While the game itself in its current state is fairly entertaining if only for a short while, the overall game itself is just.. disappointing.",False,0,765
"Abandonware! Buy at own risk! 

The devs left this game unfinished and expected the mod community to keep it going. Dont give them 20 bucks unless you like supporting ♥♥♥♥ like this.",False,1,3130
"A good game generally but unfortunately an awful lot of bugs. It would be great to have a mode with no aliens also and just build in peace! Also my citizens seem to always end up unhappy despite their own rooms, needs met etc.",False,0,583
cash grab,False,0,758
Not really a finished game. Devs ran out of money and released it as a finished product. tried passing off the task of adding more content to the players by adding in modding but hasn't gone anywhere. if you find it cheap like say 5 bucks or free then it might be worth checking out. luckily i bought it very cheap shortly before launch. un luckily i flew through what little content there is way to fast. spend your money on a game like rim world where you get a much better experience.,False,0,177
"Another shinnning example of the apauling use of Early Access, a moslty broken system that gives no impetus to developers to actually finish there game. 

At some point their income dries up because all the people interested have already payed for it. After that they just stop production. There not making games people might want to buy. Their half producing games with Ideas people want to buy.

Its a rubish Idea and steam should be held more to account for making it possible.",False,9,78
Devs ran out of money (poor management) and released a nowhere near finished game,False,5,95
"This game had huge potential until Double Fine cut it loose and ran off with the money from the early access. It was a decent start to what could've been a great game, but the devs decided to run off with the money and leave us with a half finished pile of garbage. They keep releasing ""patches"" that barely fix any of the problems, lied about all of the insanely cool sounding features that were supposed to be added, and then have the gall to charge $20 for a game that's got about $5 worth of content in it.

This game could've been another colossal hit for DF, but instead it turned into a colossal mess. Don't buy it. Pirate a copy if you have to play it, but don't bother buying it. DF doesn't deserve another cent for this train wreck.",False,15,291
"Slow, boring, and unfinished. Not worth playing.",False,0,305
"Ok, so this game has been targeted for negative reviews by a bunch of gamergate loons. Free speech and all that, but Tim Schafer and Doublefine make superb, heartfelt games that justify the entire art form, and you should know that he's evidently feminist enough to be able to speak out when the kind of treatment this release is getting is an obvious risk.

So maybe, if you want to piss off some reactionary sexists, you should buy this lovely game. It's not quite everything it was targeted to be, but there is a hidden storyline in there, and it is fun. If you're not interested, then maybe go buy psychonauts or one of their other bigger games as those are superb.

I got it when it was on sale, and my persistent habit of bothering to speak in places where what I have to say has gone unsaid means I am going to get downvoted horribly by those same loons.

Gamergaters, you're on the losing side :)",True,2,1164
"Not a finished product. The studio gave up on developing it, and version 1.0 contains many bugs and unfinished features.",False,0,888
"It's a Tim Schafer game. In other words, he took a bunch of peoples money off kickstarter, made a half-assed tech demo, and released it as the full product.

Hey Timmy boy, how about you actually ship a full game in the future? That $19 for Spacebase could buy me 2 games each with 10x content. That could get me a whole lot more on a steam sale.

P.S: You probably shouldn't have hired the guys from Enron to take care of your finances",False,2,305
"I had previously enjoyed this title, even in it's unfnished state and as a programmer had enjoyed access to the game's source.

However, that still doesn't excuse the fiasco that was this game's development and release, as well as the essential demand that others finish the title for them, but even that I can just roll my eyes and grumble a bit to myself and opt to be cynical with future purchases.

Than last night happened.
The Game Developer Choice Awards and Tim Schafer single handedly removed agency and the very humanity of thousands of women and minorities in the #NotYourShield hashtag, implying them all nothing but fake accounts and ""sockpuppets"" on stage, at the GDC.

Part of me died that night seeing that.
That was the tipping point for me, not only can I no longer support double fine or Tim Schafer, but now I genuinely believe their presence is directly harmful to not only game development but the gaming community too.

Go.
And never come back.",False,1,123
"Spacebase DF-9 had high hopes and dreams that were crushed when it was abruptly moved to release due to the game not making enough money to sustain development.  If that's not a kick in the balls then I don't know what is.

In addition, Studio Head Tim Schafer has proved his pig-headedness once more at the Game Developers Conference of 2015, where he flat-out denied the existance of the women and minority gamers who have been calling for improvement in gaming journalism-- so if you fall in one of those two groups (or both), then you should probably think twice about buying any game made by Tim Schafer.  Otherwise you're just fueling the ego of a man who, quite literally, sock-puppets.

https://www.youtube.com/watch?v=eEDCcdjgMNs",False,7,910
"released as full with lots of missing content, lots of bugs and generally a mess. regret purchase",False,0,1677
"DO NOT BUY THIS GAME THIS IS A SCAM!!!! The developpers have abandonned the project and the game is really buggy, barely functionnal. Selling a game like this should be punished by law and i hope the devs rot in hell.... The game has so much potential and yet its been ruined....",False,1,547
"[h1]Full Feature Price, but Still Alpha Gameplay[/h1]

It is with a heavy heart that I give this game a bad review, but when all is said and done I must very emphatically council anyone against paying for this game. I was given this game for free (a Broken Age backer perk) back when it was still in Alpha and I thought it was really fun with it. It was buggy and there really wasn't that much to do, but that's what you expect from a game in alpha and the core mechanics were really quite fun. I followed this game, eager to find out what it could eventually become. 

Sadly, it never grew into anything greater than the alpha version. In fact, I can't even tell the difference between the alpha version and the release version. (Did they ever even have a beta version?) Not only is the game not fully fleshed out, but it's still got some major bugs that have never been fully addressed. I think charging people $20 for this game is just absolute fraud. If you ever manage to pick it up on sale for just a few bucks then I'd say it's worth it and you'll have some fun, but you can't expect a fully realized game. 

Ultimately this is just one more early access dissapointment, slowly destroying my desire to support indie/kickstarter games. What a shame.",False,1,1594
Abandonedbase DF-9,False,2,15
"I love the idea, but the game is not finished. After 5 hours of gameplay it seems to run out of content. So sad. : (",False,1,291
"Most of the negative reviews for this are absolute garbage, and involve people crying over absolutely nothing whilst having 60+ hours of play time listed. 

It's a great game in the vein of Dwarf Fortress without the stale d&d setting. Sublime stuff and I love it.",True,3,1446
"its a little expensive, but when i got it, i spent 7h straight on it. hahaha. maybe if they made a demo tutorial people would see how it is AND get addicted at the same time.",True,1,448
"A perfect case to warn everyone never buy a early access game for you may become a victim of fraud case.

11/10

Would not-NEVER-buy any Double Fine game from now.",True,23,2881
I find it a good game but the AIs can have a few issues and i wish this had a creative mode that would be a nice featrue.,True,0,71
An abandoned piece of ♥♥♥♥ that had such potential. Avoid it like the plague.,False,3,507
"This game is a bit tedious, but if you're easily endeared by its art and animations, it's worth getting if it's on sale. It has very little replay value and a lot of encounters in the game can be frustrating and tedious. Plus, it's abandonware as far as updates and bugfixes go, so you'd be better off buying something similar with a more attentive dev team.
I can't in good concience recommend it because, even though I adore Double Fine and liked this game at first, the way it's been handled is atrocious and the game itself is extremely shallow.",False,1,488
"While the game is great, has a lot of potential and could have been Terraria in space or Sims in space, it turned into an abandoned project.  Devs took the money, decided it wasn't enough and then spit out a ""completed"" game.  Save your money and play Planet Explorers instead.",False,3,473
"DF-9 skipped Beta and turned from Alpha to 1.0 instantly, being far from finished. You can see every little bit of content there is in very little time, say, 5 hours.",False,1,395
This game will never be completed,False,2,41
The game is unfinished but if it goes on sale for say 10 dollars it is worth picking up i personally have blown 10 dollars on much worse things.  It is something i can go back to and play. It is not very well polished but if you looking for something that is a good time sink when you just need that lets build a spacestation fix it can be fun.,True,1,841
"[i]""Thanks for the money. I'll need it for my other projects.""[/i] - Tim ""3.3"" Schafer (Not an actual quote he made, meant to be satrical)

Another title that's a stain on the early access program. You'd think a developer like DoubleFine couldn't mess up a PC game like this. Just take everything from Theme Hospital, mix abit of Dwarf Fortress in there add abit of originality and hey presto, you have a game. Not really though, as you've come across the bad reviews/recommendations for this game and there's alot of them.

There's nothing good in this game, it's bare-bones as it comes. Unless a very, [i]very[/i] talented modding crew works relentlessly on this game it's [b]never[/b] going to be worth a purchase.

Oh and one more thing; Recommending your own game through the Curator system isn't ethical. Stop that.

[h1]Edit - 21/07/2015[/h1]
Wow, didn't realise that this 'review' would get so popular.
I'd just like to thank everyone who took the time to click on that good ol' green thumb and bring to light the trash that is early access and greenlight games. Thanks to Steams new refund option, broken, half made games like this will hopefully never come to be.
https://www.youtube.com/watch?v=Fdq8odshMls",False,451,757
"Wow what a great... Demo? I finally got around to playing this so called 1.0 and it is totally unfinished to say the least. I'm not really sure how Double Fine can say this is complete. There are still bugs (things not building & researching) and there is almost nothing to do once you build all the rooms. I'm glad I didn't pay full price for this thing, and I'm sorry to all that did. I'm going to steer clear of Double Fine in the future...",False,0,216
"I backed this game when it was still in development.  I was really looking forward to a diet-dwarf-fortess-in-space type experience.  Unfortunately, the game was nixxed before it really got much out of an alpha state. The developers did manage to release a fairly playable game (having gone from ver.6 to 1.0 in under a month) and have since released several patches (on ver 1.06 now.)  

I cannot recommend the game as it stands at this price point.  Maybe if you see it on sale for $5 or so and you want to mess around a bit, but there's no depth of play here.  There are many other sim-type games out there that are worth investing both the time and money in.",False,2,7775
"One of the more promising management games I've seen.

To me, it was like Space Colony mixed with a bit of Startopia, both games I absolutely loved.

I was very much looking forward to playing the finished game.

They never finished it.

Midway through alpha development they 'ran out of money'.  This resulted in them slapping a poor excuse for a tutorial onto the game and fixing only a handful of the hundreds of bugs the game had and releasing it.  They stuck around for 6 more patches fixing even more bugs, and the game still has dozens of bugs.

They released the source code expecting modders to finish developing the game and continued to sell it for full price.

It's still being sold, incomplete and extremely buggy.

This is the game that dragged Double Fine's reputation into the dirt, and rightfully so.

If you choose to give them money (or get it elsewhere, as it's essentially abandonware at this point), you will have a few hours of fun, especially if you loved management games of old; but play it longer than that and all you'll experience is complete frustration at the bugs and the general incompleteness of the game.  Every now and again I decide I want to play it again.. and can barely even get a colony started, let alone last more than an hour without crippling bugs breaking the entire thing.

You can pickup Space Colony HD for $2.50 (on sale) on GoG or Steam.  It's a much, much better game.  If you want something a bit different, Startopia is great too, but you'll need to get a widescreen FoV fix to play it properly on modern displays.

---

Update: There's a fan patch for the game that starts to introduce new features and attempts to fix some of the issues with the game.  Unfortunately, it has issues itself and neither experience is a very good one.  Development on it is also very slow as it's by amateur part time modders who seem to have issues every release (including just flat out missing files).

Maybe in the future it'll be well developed enough to actually fix and improve and add to the game, but as of right now, the game is still alpha quality no matter what.

But hey, at least the game only costs $1 now (on sale), right?",False,0,1303
A classic example of what happens when people lose dedication. I had high hopes for this too,False,2,285
"Everything you do will be undone right when you start to expand. Once you hit about 20 citizens, raiders start attacking every 5-10 minutes, even in low threat zones, and will kill 2-3 of your citizens. Then, all your citizens will drop into ""sad"" moods and will start fighting. Security personnel are useless, as are doctors. A person could be injured for 20 minutes (real life) before they end up in the infirmary. Also, they never really fixed the dead bodies issue. They just sit there where they died for 30-40 minutes until they mysteriously vanish. This game feels unfinished, unbalanced, and not really worth investing much time in one base.",False,0,179
"Serious problems, and was released because the devs didn't want to work on it anymore.",False,0,1389
"I purchased this game as an early access game.
Now that 1.0 is available, I regret my purchase.
It geels unfinished.
AI is terrible.",False,0,447
"The AI in this game is so painfully retarded I get worked into fits of rage when more than 10 people are in the base. I had a base with 33 people, when i was invaded by raiders. they were in a seperate ship from the rest of the place, so i opened the air lock to suffacate them. 7 Flipping people decided to go and check  up on them and died, while oxygen slowly drained through the OPEN AIRLOCK DOOR. Just about every maintanence person, and even the borking scientests went over there for no Kunting reason!!!! That being said it's a fun game, with good music, and the worst AI pathing ive ever seen.",True,3,470
Game  Has been abandoned by devs,False,0,495
"I really wanted to like this game and to a point I did (26 hours worth) but I can not recommend it as it feels unfinished, left out in the cold of space to die and the developers are missing out on a huge potential if they had put more into it. It's quirky, interesting, not very challenging but at best gets old once you've created a few bases and start to notice the patterns. Pick it up if you can get it on sale for $5 or less. Don't be duped like I was into paying a penny more.",False,4,1568
"Because my previous review was deleted, I'm re-reviewing this! 

After playing it again recently, I must admit, the game is still horrible and has the feeling of being unfinished. What Double Fine did here was worse than Starbound. Instead of taking money and being incompitint with it, Double Fine instead took the money, released a mediocre game (something you'd see maybe from a sophomore game design class) and said ""JOB WELL DONE!"" 

To further insult the players who've invested in their early-access game (that looked promising) they've begun censoring forum posts and reviews! 

The good: 
-The game is sandboxxy
-It's goofy
-It had potential 

The bad: 
-It has the feeling of being unfinished
-The AI is retarded, think Dwarf Fortress ""The carp stands up"" retarded
-The replayability...it's just not there. 
-It's buggy
-The price is goofy.

Overall? Don't buy it. Don't buy it while it's on sale, don't buy it for the goofy price they've given. Don't waste your time, don't waste your money, go buy something else for $20.01. Buy one of the many games that go on sale daily. Buy an older game, buy a damn loli-pop, it'll last longer than you'll want to play this game.",False,0,829
"This is an incredibly buggy game with terrible AI and obviously incomplete features.  Knowing that there will be no more major releases, there is nothing to justify spending any money on this.",False,1,230
"Think ""The Sims: In Space"".  I happen to like it, but then I'm a bit odd - I find the HR elements of micro-managing, roster organization, and whimsical name re-assignment empowering.  Not everyone will feel that way, and I'm sure Albert Turdsneeze would agree.  I just reassigned him to Mining - he HATES mining.  Muahahaha! >: )",True,0,1009
"This game could have been so much more, but it plays as though it was never finished (most likely because it wasn't - if you do some research on it you'll see that release was very sudden and unexpected) and it's a frustrating experience from start to finish. For my money, I'd pick a different management game... and there's plenty to choose from.",False,1,154
"A game full of potential, it could have been one of the greats.
Despite it's 1.0 release, it's still in Alpha and has been abondoned by Double Fine.

So much promised, so little delivered, just the bones remain.
If the modding community get ahold of it perhaps there is a chance that it will still get fleshed out.",False,3,500
Don't buy this ♥♥♥♥. The game mechanic is boring. Don't even ♥♥♥♥♥♥♥ delete my review. Act like grow-up accept complains.,False,3,266
"This game still lacks in many crucial areas. The AI is dumb as a post, the mechanics lack any rhyme or reason as to why the function the way they do, and graphical errors still exist (mac version). 
I'm flabbergasted they're still charging $20.01 for a game that doesn't work. 
Go to your nearest sink, toss in a 20$ bill, light in on fire, and you'll have infinitly more fun than playing this game.",False,1,750
"After glancing at the review page for this game, I feel obligated to share my experiences with this game.

Some of the positives:
*You have to actually plan a base and monitor your resources in order to survive
*Every play through is different.  
*You choose what type of game you plan on embarking on from the very start.
   - Do you want a lot of hostiles?
   - Do you want to build your base close to a warp gate so you will have visitors (Friendly & hostile?)
   - Stellar Density: Do you want to have an abundance of ""money"" or do you want to have to really work for it?

Some of the negatives:
*Yes, the game is no longer being developed
*Yes, there are many things not completed
   -The game is still very much playable
*Yes, there are many features that should have been added in, via the Dev’s constant updates, such as:
   -Multi-level base construction
   -Teleporters
   -holodecks

This game started out as an early access game and unfortunately it also ended that way.  The way I see it, anyone on steam, including myself, takes a chance when buying a game that is in early access.  Will it be phenomenal? Will it suck? When will development finish? Will it ever finish? Will this new bug fix crash the entire game? 

The game may not be 100% complete, but at least Double Fine released the source code to their fans to continue development.  Sometimes, it's the fans that understand the game on a much deeper level than the developers ever could.  

With that being said, should you purchase this game at $20?  
In short...NO WAY!!  Should you never play this game though? NO!!! Wait for it to go on sale and purchase once the price drops to a good amount.  You can get HOURS AND HOURS of play time out of this game - and isn't that what you want from any game you decide to sit down and play?!?!",True,1,1985
"Spacebase DF-9 is one of the 2 games that taught me to never again invest in either an Early Access of Kickstarter video game. The other was Peter Molyneux's Godus. 

I had a lot of faith in Double Fine's ability to produce this game, and after a long period of slow progress and bland features, Spacebase DF-9 has died in development. It's not an uncommon occurnace in the video game industry for a project to fail while in development and most of the time we players never see this happen. 

The lesson Spacebase DF-9 teaches us is that early access/kickstarter games are not exceptions and are not sacrosanct. If you're foolish enough to give them your money for something that does not exist yet while they are not contractually bound to provide you with a product then you deserve to loose your money.",False,1,428
While it could of been a fantastic game this ended up being a pile of broken promises and ♥♥♥♥ in a box put out by the Double Fine team.  Wouldn't recommend this or their other games.,False,1,694
"once upon a time, this game had potential, now it would appear to be an ok looking tech demo. buying not recomended.",False,1,719
"I bought this game while Early Access.  The game seemed to have a good foundation for being incomplete.  Every once in a while I scroll down through my games, play ones I have not playing in some time and check out new updates and such.
While I have not had any problems with the game, the game went from Early Access to ""Done"" with no real change that I could see.  While I do not really have any problems with game play or bugs that I have seen, I have it on ""Not Recommended"" strickly because of the status change with little to no noticable updates.
About the game itself:
Upon first start of the game, you have to rush to get things started because you have a very limited amount of time before you run out of air. 
General base building is not too bad, can be semi slow on getting materials.
Characters level up and gain more skill in their field which is nice.
Downside to the combat is that when under attack regular workers (non-security) will just run around and die and unless attacker crosses security path or you specifically tell them to go to their location, security just ignores them.
I personally, would have expected a bit more out of the game.  If left as is, then I would say is better worthwhile in the $5 or MAYBE $10 price, but not the $20 unless more work is done for it.  I do not think people really mind spending more money on a game if the effort is put towards it.",False,1,428
Tim Shafer is a thief.,False,1,84
A game that had a lot of potential until the developer gave up on the game and rushed it out of early access.,False,1,37
"[h1]Perhaps some should tell Double Fine a Tutorial stage is supposed to be easy?[/h1]

The Tutorial stage is actually quite difficult for a newcomer - the 'area' the tutorial station is placed in has a 'high threat' level, and any time I tried to expand my station by adding a new feature, I found myself swarmed with raiders so that any residents I had out in space suits were inevitably killed. I cannot count the number of times my space station found istelf down to a tiny crew due to the rest being killed off. You will have much more satisfaction with the 'New Base' option.

This is a game with  basis, but too many frustrating points. What would help:

- the ability to 'jump' to a location on the map when a message is given, ie, a derelict has appeared, so-and-so is under attack, etc

- the ability to 'jump' to a resident from the roster

- a clearer indication of residents' moods and wants

- more options for decor/entertainment

- a help menu that lists the different features and what they do, instead of a too-difficult tutorial

- more features!!!!

On the whole, I know I will keep playing for the construction aspect, which is why I bought it, but I cannot honestly recommend it to anyone yet. Perhaps Double Fine will come back to it at some point; in light of the negative reviews it's getting, though, I rather doubt it.",False,3,1307
"Challenging but very entertaining game. A lot of parameters to factor in order to build the right equilibrium. The degree of insight in the population mindset, mood and behaviour is incredible. Many improvement still possible on the game but as it is, it's very good.",True,0,12909
Only 90s kids remember when games were finished.... maybe it's just the nostalgia....,False,10,342
Not what was promised. Incomplete game.,False,3,1013
"DoubleFine abandoned a game they had made a large number of promises on. Normally, this wouldn't be a huge deal.
The real dealbreaker is when a developer charges $20 for promises they fail to deliver on AND continue to keep the game in a retail space.",False,0,71
"Abandoned, unfinished, partially playable game.

But if you like this genre and it's on a (big) sale, you might try it.",False,3,387
Spacebase DF-9 is utterly unfinished and always will be. You'd be better off spending your money elsewhere.,False,1,111
"Game is not finished - and no updates are seen to be coming - game/company sold, wrapped and delivered as is - it was fun to play knowing it was in alpha and being worked on.. then nothing but half finished product.. good job..",False,0,2020
Unfinished and abandoned. Go play Space Haven instead.,False,0,1612
"Dev crapped out, ""releasing"" an unfinished game with poor mechanics and little to no replayability. Save your money. Stay away from Double Fine games.",False,0,916
"Ugh. All Spacebase needed was time, and that's exactly what ran out. 

This is a great concept for a game. Build and manage a space outpost with a focus on resource & personnel management and design. It has a great, fun art style, and a cheeky sense of humor. 

It's also abandoned, unfinished, and now, unloved. 

Double Fine mismanaged this project from the start, and the result is a ""game"" that has no goal, no progression, and few failure conditions. A ""simulation"" where there is little beyond the most basic needs management that can be solved in a few minutes, with no further complexity or depth to ever grow. A ""product"" that's buggier than The Temple of Doom. 

If you're really curious to look at what happens when a game project gets aborted but somehow thrown at the public, stillborn, then pick this game up and watch as the first few promising minutes of fun fade into unoptimized monotony. 

If not, stay away and check out either Cosmonautica for a similar ""Silly Space"" atmosphere, or Startopia for a better Spaceport management simulation.",False,1,811
.,False,0,1245
"Still unfinished, despite claims to the contrary. Pushed out the door to grab the last bit of cash.

Double Fine pulled a TOWNS.",False,2,204
"Simply put, this game is broken. No matter what you do or how you play there simply isn't a way to build a base that lasts any significant amount of time. Invariably your base is either overrun by pirates or simply falls apart and everyone dies.

I wish this was a game where I could build up a space base and sustain it. Sadly, this is a nihilism simulator.",False,1,251
not finished and probably never will be,False,0,297
"Really you can start making a game like this and have people pay for it and then quit. If we can't have a finished product they shouldn't be able to keep a cent. Our money was given to the company in the hopes of a finished game that works well. We were informed that that isn't happening, so all proceeds should be returned and said game company should and probably would go broke.",False,0,202
I purchased and played mostly during early access and was hoping for some actual progress upon release.  It's still the same buggy mess as early alpha... do not buy.,False,0,858
"I want to like this game. I really do! Unfortunately it's mostly unplayable in its current form. The AI doesn't know what to do most of the time, so you'll tell someone to build or mine (etc) and they will stand around for ten minutes instead of performing the task. I just played several games in a row where the team you start with wasn't able to build a room fast enough for them to live. You start with 8 minutes of air, and they have to build an airlock and an air recycler. I watched one ai go to a wall that needed to be built, start work, stop, walk away, come back, start work, walk away, and continue on until the entire crew died of asphyxiation! There are some serious bugs to work out if you can't even get far enough to screw up yourself! I'm incredibly dissappointed in Double Fine for making a game that is this shoddy, and it will certainly make me more hesitant to buy their products right away (as has been the case until this game).",False,1,129
"Dev's released this after 3 or 4 months of no development and called it quits. No team is working on this game whatsoever. It's marginally at the standard of a game that can be released technically, but on a gameplay level it is crap, it's unbalanced and though the devs released the source code, they didn't open up a Steam Workshop for it so that purchasers could get third party content. It's a real shame because it had a lot of promise, but in it's current state, this game is a real Turkey.",False,0,396
"I got this game when it was 75% off, and I still think it was a waste of my money.

-AI is dumb a a brick, no wait that its insulting to bricks.
-UI is so finicky that an epilectic cat would be a better replacement.
-Content, what content, nothing that was promised was delivered.
-Shady practices, any negative comment ont he forums is deleted.
-game unfinished.
-bugs, bugs everywhere, call the T-800 he needs to be back for this.
-Abandoned and left to die, the devs are giving us the cold shoulder.

DO NOT BUY.",False,0,150
"Broken and lacking content. While not delivering everything promised can be understandable, theres a significant amount of the game thats broken and lacking. And seeing theres no more support for this product, do yourself a favour and don't bother purchasing.",False,0,43
"- Buggy as all hell.
- Not a finished game.
- Deceptive tactics by Double Fine - banning all negative comments from forum posts.
- MOST IMPORTANTLY:  NOT A FUN GAME",False,0,35
"Game is no longer in development and, in its current state, is at best a betastage game.. but its way closer to alpha.

Do not buy, in fact, im somewhat appaled steam is still selling this piece of.. *fill in blank space*",False,1,858
"Do NOT buy!

It is an unfinished abandoned game.

pros
- cool idea

cons
- bad AI
- extremely bad AI
-- your people outside the station will occasionally find their airlocked blocked by a douche, who will make his situps there, regardless of suffocating comrades 
-- your security will ignore raiders or enemy autocannons until they are shot dead
- bad scripting
-- starting point descriptions especially abour dangers are irrelevant
- there are no real goals/economy/anything

Do NOT buy this ""game""!",False,58,773
just no,False,1,504
"Don't buy this game. I bought in alpha with all the promises and new features and bug fixes. The game left beta without fixing the bugs. There is also no support for fixing the new bugs that appeared. It has so much bugs to the point to be unplayable. For a veteran that was able to keep up a nice base in a ""very low threat sector"", there are too much raiders coming, and if you go to change some jobs while being invaded, sometimes more raiders come. I've come across 5 raiders at once. 

Ah, and not great news too, the support/bugfixing stopped. My guess is there are so many bugs that it is not worth to realocate a team to fix them.
Check for yourself:
http://www.doublefine.com/forums/viewreply/369949/",False,5,1801
"Though I purchased in Early Access, I waited until the ""1.0"" release to really dive in. After ~90 minutes, I felt I had seen basically all I needed. I hope this game gets a cult following that wants to fill in all the missing features. Honestly, just having more stuff to do would make the game interesting enough. I found it ran smooth with a pretty good interface; there just isn't a lot there.

I love Double Fine, but this game is unfortunately lacking. I can feel the nice technical bones about, but there's only a total of, I believe, 34 objects you can ever build in the game. Many of those require research, but I didn't feel any real need to research things. Though things happen (raiders, occasional friendly people, etc.) there doesn't feel like I have much agency which means I don't have any real goals after building one of each room and then letting things go. If the population was easier to expand, at least I would have a reason to build things, but constantly waiting is not a good reason.

I really noticed that I was waiting for more game to happen when I actually reassigned the person I had mining minerals because I had plenty and just didn't need it. Not needing more resources to me implies I don't need to keep playing.",False,1,87
Dont bother,False,0,645
"A neat concept, but poorly balanced with a frustrating AI. Has the hints of what could be a great game, but ultimately comes off feeling unifinished and derivative.",False,2,152
"An incomplete game that released as ""full"" version without even going into beta.",False,2,1295
"Unfinished game, no more updates, plenty of bugs, limited fun. It has lots of character and all the opportunity to be something more, but the devs appear to have gotten tired of it. I wish I could just remove it from even being listed in my Steam library at this point. Such a disappointment.",False,2,1967
"I loved the concept of the game, so I spent $20 on it thinking it was money well spent on a trusted company. Bad move. This game is the biggest example of why not to buy games in Early Access: it's unfinished, buggy and borderline unplayable. It's also become the reason why in future I'll be avoiding Double FIne games. The fact it's still being sold on Steam for $20 is just thievery. 

Of course, I'm not expecting this review to stay up very long- in a move guaranteed of course to even further please the irate buyers of this game, negative reviews of it are being deleted by the thousands. Because censoring the unfortunate truth is the best way to earn back respect, right, Double Fine?",False,5,367
One of the best games that I have played a long with Banished and Civ 4.,True,0,975
Another Early Access customer burned by this unfinished game.,False,16,348
From what little I could bring myself to play this was unintresting and uninspired.,False,4,70
"The game is severly unfinished. The newest (and very spread out updates might I add) update does not have anything that made the game better. Instead they added research goals and other time comsuing tasks instead of adding more content to play with. It almost seems like they have done this to make the game last longer.

Dissapointed with the overall progress and lack of polish to the game.",False,6,537
I preordered this game and wanted it to be good so much. Alas it was not to be. The game is very minimalist in the amount of control you actually have while being harsh in terms of  difficulty. Save function is save and quit so you can only have 1 base(lazy IMO) and after you get settled the lack of content is staggering. would not recomend to anyone.,False,2,231
"This game concept sounded awesome and the graphics look nice enough to rope me into paying $20 when it was in alpha. It was pretty bad and lacked a ton of features. Now that they have moved out of the alpha stage this game is still really hard to play and lackes most of the features that made it interesting.  Not being able to control a persons queue is agravating to no end. The AI is horrible. Normally what happens is I play for 2 hours until everyone in my base gets locked up some how. Either an incopasitated bartender cant serve a security officer and technitian waiting at the bar and those people are stuck their forever. Then a raider comes in and kills everyone while my maininary is slowly destroyed. 

DO NOT BUY THIS GAME. IT IS NOT FINISHED AND NEVER WILL BE.",False,15,1172
"I was really excited about this game, but it just doesn't work.    

So much potential!   It's fairly fun until the base becomes unmanageable due to difficult UIs or all of your team dies due to pathing bugs.",False,6,724
Developers initially promised so much more content. It's a real disappointment they didn't deliver. Game had a lot of potential.,False,6,405
Game was released unfinished.  The developers dumped the game to market before adding the content promised.  Their response is you bought an alpha which there is no guarantee will be finished.     Be wary of future alpha's they produce unless you like to throw money at half ♥♥♥♥♥♥ sales men pitching pie in the sky and when it comes down to it you only get the crust.,False,6,5282
Once I learned how to modify and play with the LUA files  . this became a very fun game indeed. increased what gave the citizens moral and made the rate at which certain events happen a little different . i am still figuring out what to adjust to make a finely balanced game .,True,1,6719
An alpha being sold as a full product... There should be laws allowing customers to get refunds  for such games... I do not recommend this game or any future double fine game...,False,20,82
"Yes, it was abandoned by DoubleFine because they realized that they had over-committed to the game. Yes, it is unfinished and feels a bit rough around the edges. This is, however, not a game worth only a 4/10 rating - people are rating their hurt feelings, not the game itself.

That said, it is not great. It's not bad, but not great. Easily worth a few hours of time, and capable of presenting a moderate challenge. Tentatively recommended for those who need a break between bigger and better titles.",True,2,219
This game was pushed to version 1.0 from an alpha version and is no longer being developed,False,3,103
this game crashes alot whenever i try and play it. very dissapointed and a waste of money.,False,3,39
don't buy this,False,3,146
"Spacebase DF-9 is a testament of what happens when a group of people have really great ideas but the managment does not have any business sense or know how to budget themselves. This game had so much potential, it could have been one of the best out there, instead it will be forever known as one of the reasons why you don't buy in Early Access. It's utterly incomplete, you can do and see everything there is to do in the game within 4 hours easily, and even that might be stretching it. Do not waste your money, do not get this game.

The biggest crime this game did though? It made the internet agree with Bobby Kodick.",False,5,129
dont listen to the other ♥♥♥♥♥♥♥♥♥ it may not be a finished game but if its in an alpha you cant hold it to high standards and alot of games where realeased unfinished like minecraft which will never be finished so if you what to buy a fun game that can be played whenever you have spare time like on a train get this,True,0,156
"Another said, unfinished product through early access. Pity; it had such promise, too.",False,1,267
"miserable. 
This game is stranded and is going nowhere. 
You have less than 10 hours of gameplay, and no replay value. 

Run while you can people, RUN!",False,6,210
"I heard they deleted a bunch of negative reviews. I hadn't wrote one yet, but I thought I'd do one now to show solidarity. Unfinished game unfortunately. Had some promise. Maybe a good modder could finish it, but I wouldn't want to give the company who did this any satisfaction or provide anyone any motivation to buy this game.",False,4,279
"Can't recommend. In the two hours I played, I built a station with just about everything. What's in the game is good, but there isn't enough of anything to keep the game going, only the vague threat of attack.",False,1,145
I can only reitterate all the negative aspects of this unfished game you'll find in every other review. It really is such an enormous let down for a game that had so much potential.,False,1,4015
Don't bother.,False,1,25
"While the game is fun, for an early access title, it's not finished and never will be.

This game was started with a successful kickstarter, with a line of features a mile long.  However since the money raised that way wasn't enough to pay a full studio of developers forever, they worked a short while until the money ran out, then cut losses and ran.

I can't really blame them, but it does leave the game a sorta buggy and unfinished mess.  It had promise, but I can't recommend it if it'll never be done.",False,2,1116
"Great aspirations that fell drastically short after Double Fine cut funding to the program. They made huge promises and then pulled the rug out from early backers. This game is the reason I will no longer trust ""Early Access"" games, and Double Fine in general.",False,3,725
They do not keep up with details about continuing the game's progress and have a poor reputation of not completing games that they create.  buyer beware.,False,0,610
"This is a very simplified Dwarf Fortress style game with a sci-fi skin. The graphics are nice, and there's some humor to be found. The interface is clean, and the game is very easy to play. However, the game severely lacks content, was released as ""finished"" though it was no where near it, and left to the modders.

The only way I could even remotely recommend this game is if it was dirt cheap (I mean like $2 or less) AND you were interested in a colony management type game that lacked the complexity of other similar titles.

I'd recommend RimWorld (currently not on Steam), Gnomoria (I'd recommend checking out a Let's Play to learn the game), or even Prison Architect. These titles are all pretty easy to get in to, can present a good challenge that will help you learn, and actually have active developers.",False,1,506
"In an hour and a half of play I have encountered most everything the game has to offer, as well as 3 major bugs (disappearing tiles, bugged builder AI refusing tasks, and bugged security AI which finally lost me my station). This game was promised to include many basic features of a management game that were never implemented and will never be implemented. All that is left is a very subpar blend of basic features mixed with a hint of bugs that leaves a final product that tastes poor and unfinished. 

Were it 5 dollars and still being worked on I would heartily recommend it as with bugfixing and some addition of actual content it would be a very playable game. However, at the moment there is little to be said for it. 

Additionally, and separate from the review of actual gameplay, I have to express disappointment in Double Fine for letting down their customers like this. I do not support companies that do not live up to their promises and that follow unethical practices like covering up negative reviews, and as such I would like to urge anyone else who does not wish to support these practices to avoid buying this game and to look more closely at Double Fine products in the future.",False,2,92
"Glitches and constant bugs, your guys will just start floating around. Airlocks just stop working, constant raids that you cant kill. Had 68 people with 20 security and 1 Raider killed everyone in the base. Even had phaser upgrade. SCREW this game IT SUCKS AND IS A MASSIVE FAILURE.",False,0,578
"Developers ditched this game. Stay far far away.

I had hopes for this game, but with the insanely poor AI and bugs never beeing fixed, they are gone now.

DO NOT BUY",False,0,1372
"unfinished garbage. released after the ninth alpha version. if you buy this, buy a hard copy so you can physically pop a turd on it.",False,2,839
"Swore I wrote a review for this months ago, apparently not.

The game had promise at one point, but the developers have ceased production of this game.   It is feature incomplete, filled with bugs and imbalances.   I do not recommend buying this.",False,6,511
"Makes me absolutely cringe that this is still sold on steam. This should be removed or, at the very least, not be entitled to discounts.",False,4,120
"This game had so much potential to be great. It was a bit like prison architect but in space with parasitic aliens that can burst out of your colonists. There were so many planned features that really made me excited for the game, even in the early stages with the lack of content it kept me entertained for hours on end. Unfortunetly Double Fine has backed out of development and handed over all of the source code to modders. This means the game will most likely never be finished. At it's current state it's not worth the $20.01 USD they are asking for it. It's unfinished and i'm sure it still has bugs. Spacebase DF-9 had to chance to be an excellent game, a fresh take on the base building genre but Double Fine dropped the ball. Now that the game has been handed over to modders 95% of people don't even know whats going on with the game. Is it being updated? Expanded? Abandoned completely? No one is sure. If you don't mind dropping $20 on an unfinished game just to play it and wonder what could have been it's a decent play for 2-3 hours. After that the game just stonewalls as you run out of new things to do. Sure you can keep playing to see how big you can get your base but it simply becomes repetitive and tedious. I suggest you do not buy this game in it's current state. Perhaps one day the community will be able to fix Double Fine's mess but until then, don't buy this game.",False,0,1081
Brought this with the impression that it was a finished game (what with the v1.xx and all). But it has such horrible bugs and balance issues that I can't play it without getting incredibly frustrated! Such a shame. I was hoping for Theme Hospital in space and got this instead!,False,1,218
